-- phpMyAdmin SQL Dump
-- version 4.0.4.1
-- http://www.phpmyadmin.net
--
-- Host: 127.0.0.1
-- Generation Time: May 15, 2014 at 03:47 PM
-- Server version: 5.5.27
-- PHP Version: 5.4.7

SET SQL_MODE = "NO_AUTO_VALUE_ON_ZERO";
SET time_zone = "+00:00";


/*!40101 SET @OLD_CHARACTER_SET_CLIENT=@@CHARACTER_SET_CLIENT */;
/*!40101 SET @OLD_CHARACTER_SET_RESULTS=@@CHARACTER_SET_RESULTS */;
/*!40101 SET @OLD_COLLATION_CONNECTION=@@COLLATION_CONNECTION */;
/*!40101 SET NAMES utf8 */;

--
-- Database: `apotikhafizdb`
--
CREATE DATABASE IF NOT EXISTS `apotikhafizdb` DEFAULT CHARACTER SET latin1 COLLATE latin1_swedish_ci;
USE `apotikhafizdb`;

-- --------------------------------------------------------

--
-- Table structure for table `amprah`
--

CREATE TABLE IF NOT EXISTS `amprah` (
  `id_amprah` varchar(30) NOT NULL,
  `id_ruangan` varchar(20) NOT NULL,
  `tgl` date NOT NULL,
  `keterangan` longtext NOT NULL,
  `status` varchar(10) NOT NULL,
  PRIMARY KEY (`id_amprah`)
) ENGINE=InnoDB DEFAULT CHARSET=latin1;

--
-- Dumping data for table `amprah`
--

INSERT INTO `amprah` (`id_amprah`, `id_ruangan`, `tgl`, `keterangan`, `status`) VALUES
('037437', '21', '2014-01-02', '', ''),
('0eeb8a', '3', '2014-01-03', '', ''),
('236fe9', '10', '2014-01-06', '', ''),
('296126', '27', '2014-01-13', '', ''),
('2acb79', '1', '2014-01-31', '', ''),
('2ebc17', '24', '2014-01-03', '', ''),
('33b1e1', '2', '2014-01-02', '', ''),
('4054a9', '22', '2014-01-05', '', ''),
('5309bd', '9', '2014-01-05', '', ''),
('566435', '23', '2014-01-02', '', ''),
('57d86c', '23', '2014-01-31', '', ''),
('674522', '10', '2014-01-06', '', ''),
('6a371d', '20', '2014-01-07', '', ''),
('6b6690', '1', '2014-01-31', '', ''),
('7a6e01', '', '2014-01-03', '', ''),
('8615de', '4', '2014-01-23', '', ''),
('8bff37', '9', '2014-01-05', '', ''),
('8d5105', '8', '2014-01-15', '', ''),
('8ef73f', '1', '2014-01-31', '', ''),
('91ce64', '1', '2014-01-31', '', ''),
('96779c', '23', '2014-01-02', '', ''),
('9b3ca2', '1', '2014-01-31', '', ''),
('9bf8ab', '25', '2014-01-03', '', ''),
('a0f0b7', '23', '2014-01-31', '', ''),
('a17af1', '19', '2014-01-23', '', ''),
('a968cd', '1', '2014-01-31', '', ''),
('a9f8e9', '1', '2014-01-31', '', ''),
('b18b86', '23', '2014-01-02', '', ''),
('b51353', '7', '2014-01-15', '', ''),
('b6ea5f', '24', '2014-01-03', '', ''),
('b70dd6', '7', '2014-01-15', '', ''),
('b94ec0', '5', '2014-01-06', '', ''),
('bf04ae', '17', '2014-01-13', '', ''),
('c975b1', '9', '2014-01-05', '', ''),
('cb484c', '25', '2014-01-03', '', ''),
('cf9373', '16', '2014-01-16', '', ''),
('d8c8e5', '26', '2014-01-04', '', ''),
('db1131', '1', '2014-01-31', '', ''),
('e4508f', '2', '2014-01-02', '', ''),
('f97a5d', '12', '2014-01-07', '', ''),
('ff0dd0', '3', '2014-01-03', '', '');

-- --------------------------------------------------------

--
-- Table structure for table `amprah_detail`
--

CREATE TABLE IF NOT EXISTS `amprah_detail` (
  `id_amprah` varchar(20) NOT NULL,
  `id_obat` varchar(40) NOT NULL,
  `qty` int(20) NOT NULL
) ENGINE=InnoDB DEFAULT CHARSET=latin1;

--
-- Dumping data for table `amprah_detail`
--

INSERT INTO `amprah_detail` (`id_amprah`, `id_obat`, `qty`) VALUES
('c975b1', '333', 30),
('566435', '1432', 2),
('566435', '1436', 3),
('566435', '1443', 1),
('566435', '1445', 1),
('566435', '1446', 3),
('566435', '1447', 2),
('566435', '1448', 4),
('566435', '1452', 3),
('566435', '1454', 3),
('b18b86', '1455', 20),
('b18b86', '1461', 5),
('b18b86', '1468', 3),
('b18b86', '1473', 2),
('b18b86', '1488', 1),
('b18b86', '1489', 2),
('b18b86', '1493', 5),
('b18b86', '1498', 5),
('b18b86', '1499', 5),
('b18b86', '1505', 1),
('96779c', '1506', 2),
('96779c', '1507', 2),
('96779c', '1510', 2),
('96779c', '1511', 1),
('96779c', '1513', 5),
('96779c', '1515', 2),
('96779c', '1524', 4),
('96779c', '1525', 35),
('96779c', '1528', 3),
('037437', '381', 1),
('037437', '1525', 2),
('037437', '244', 1),
('037437', '459', 1),
('e4508f', '375', 4),
('e4508f', '217', 1),
('e4508f', '400', 5),
('e4508f', '381', 3),
('e4508f', '401', 2),
('e4508f', '851', 1),
('e4508f', '317', 1),
('e4508f', '359', 1),
('e4508f', '133', 10),
('e4508f', '396', 1),
('33b1e1', '815', 2),
('33b1e1', '335', 2),
('33b1e1', '269', 60),
('ff0dd0', '375', 9),
('ff0dd0', '400', 9),
('ff0dd0', '396', 1),
('ff0dd0', '381', 5),
('ff0dd0', '1316', 1),
('ff0dd0', '401', 3),
('ff0dd0', '815', 3),
('ff0dd0', '851', 2),
('ff0dd0', '335', 2),
('ff0dd0', '361', 1),
('0eeb8a', '357', 1),
('2ebc17', '401', 15),
('2ebc17', '1316', 10),
('2ebc17', '400', 3),
('2ebc17', '815', 2),
('2ebc17', '851', 3),
('2ebc17', '317', 1),
('2ebc17', '212', 3),
('2ebc17', '217', 1),
('2ebc17', '375', 1),
('2ebc17', '396', 1),
('b6ea5f', '335', 2),
('b6ea5f', '362', 2),
('9bf8ab', '815', 2),
('9bf8ab', '851', 1),
('9bf8ab', '335', 3),
('9bf8ab', '1316', 23),
('9bf8ab', '383', 40),
('9bf8ab', '400', 8),
('9bf8ab', '401', 4),
('9bf8ab', '375', 6),
('9bf8ab', '133', 240),
('9bf8ab', '317', 2),
('7a6e01', '459', 1),
('7a6e01', '258', 1),
('7a6e01', '284', 5),
('7a6e01', '410', 4),
('7a6e01', '465', 1),
('7a6e01', '406', 1),
('7a6e01', '359', 3),
('7a6e01', '361', 2),
('7a6e01', '376', 3),
('d8c8e5', '351', 2),
('d8c8e5', '367', 2),
('d8c8e5', '400', 1),
('d8c8e5', '401', 1),
('d8c8e5', '1309', 3),
('d8c8e5', '1310', 2),
('d8c8e5', '1311', 2),
('4054a9', '851', 1),
('4054a9', '401', 1),
('4054a9', '1316', 1),
('4054a9', '212', 1),
('4054a9', '233', 2),
('4054a9', '400', 1),
('4054a9', '232', 4),
('4054a9', '406', 1),
('b94ec0', '133', 10),
('b94ec0', '851', 1),
('b94ec0', '335', 1),
('b94ec0', '375', 1),
('b94ec0', '400', 1),
('b94ec0', '396', 1),
('8bff37', '1314', 2),
('8bff37', '1319', 2),
('8bff37', '217', 2),
('8bff37', '851', 1),
('8bff37', '400', 2),
('8bff37', '335', 1),
('8bff37', '383', 20),
('8bff37', '1316', 15),
('8bff37', '815', 2),
('8bff37', '281', 1),
('5309bd', '133', 10),
('5309bd', '382', 5),
('5309bd', '460', 1),
('5309bd', '317', 7),
('5309bd', '410', 3),
('5309bd', '337', 1),
('5309bd', '75', 2),
('5309bd', '415', 1),
('5309bd', '376', 1),
('236fe9', '1316', 7),
('236fe9', '401', 4),
('236fe9', '400', 2),
('236fe9', '1319', 1),
('236fe9', '356', 2),
('236fe9', '335', 2),
('236fe9', '217', 1),
('236fe9', '317', 1),
('236fe9', '851', 1),
('236fe9', '815', 2),
('674522', '359', 2),
('6a371d', '133', 60),
('6a371d', '815', 1),
('6a371d', '258', 1),
('f97a5d', '317', 6),
('f97a5d', '401', 3),
('f97a5d', '1316', 3),
('f97a5d', '446', 1),
('296126', '1316', 2),
('296126', '401', 1),
('296126', '400', 1),
('296126', '317', 1),
('296126', '1319', 1),
('296126', '1314', 1),
('bf04ae', '359', 1),
('bf04ae', '358', 1),
('bf04ae', '362', 2),
('8d5105', '815', 3),
('8d5105', '400', 2),
('8d5105', '1320', 1),
('8d5105', '1314', 1),
('8d5105', '1316', 4),
('8d5105', '1319', 1),
('8d5105', '317', 1),
('8d5105', '851', 1),
('b51353', '1320', 3),
('b51353', '815', 2),
('b51353', '1316', 2),
('b51353', '317', 2),
('b51353', '212', 5),
('b51353', '1314', 1),
('b51353', '1319', 1),
('b51353', '851', 1),
('b51353', '335', 1),
('b51353', '401', 1),
('b70dd6', '244', 1),
('cf9373', '1320', 2),
('cf9373', '217', 1),
('cf9373', '1314', 1),
('cf9373', '1315', 1),
('8615de', '1320', 3),
('8615de', '1314', 1),
('8615de', '1316', 1),
('8615de', '401', 1),
('8615de', '335', 1),
('8615de', '75', 3),
('8615de', '317', 1),
('8615de', '1319', 1),
('a17af1', '815', 1),
('a17af1', '1316', 1),
('a17af1', '244', 1),
('6b6690', '1314', 3),
('6b6690', '401', 12),
('6b6690', '408', 1),
('6b6690', '415', 3),
('6b6690', '217', 6),
('6b6690', '815', 2),
('6b6690', '383', 315),
('6b6690', '1315', 155),
('6b6690', '133', 120),
('6b6690', '437', 1),
('a968cd', '1320', 7),
('a968cd', '420', 1),
('a968cd', '433', 35),
('a968cd', '1324', 15),
('a968cd', '254', 2),
('a968cd', '827', 10),
('a968cd', '75', 30),
('a968cd', '837', 1),
('a968cd', '813', 2),
('a968cd', '143', 50),
('2acb79', '1316', 1),
('2acb79', '342', 1),
('2acb79', '321', 1),
('2acb79', '281', 8),
('2acb79', '1303', 1),
('2acb79', '1300', 1),
('2acb79', '1304', 1),
('2acb79', '942', 3),
('2acb79', '354', 1),
('2acb79', '305', 40),
('91ce64', '133', 30),
('57d86c', '212', 30),
('cb484c', '269', 240),
('a9f8e9', '1305', 1),
('db1131', '836', 5),
('8ef73f', '1314', 9),
('a0f0b7', '47', 1),
('9b3ca2', '1314', 1);

-- --------------------------------------------------------

--
-- Table structure for table `kategori_obat`
--

CREATE TABLE IF NOT EXISTS `kategori_obat` (
  `id_kategori_obat` int(20) NOT NULL AUTO_INCREMENT,
  `nama_kategori` varchar(40) NOT NULL,
  PRIMARY KEY (`id_kategori_obat`)
) ENGINE=InnoDB  DEFAULT CHARSET=latin1 AUTO_INCREMENT=11 ;

--
-- Dumping data for table `kategori_obat`
--

INSERT INTO `kategori_obat` (`id_kategori_obat`, `nama_kategori`) VALUES
(1, 'Generik'),
(2, 'Non Generik'),
(4, 'Askes'),
(5, 'Alkes BHP'),
(6, 'BHP BLUD'),
(7, 'Jamkesmas BLUD'),
(9, 'Apotek BLUD'),
(10, 'Bahan Laboratorium');

-- --------------------------------------------------------

--
-- Table structure for table `kategori_pasien`
--

CREATE TABLE IF NOT EXISTS `kategori_pasien` (
  `id_kategori_pasien` int(10) NOT NULL AUTO_INCREMENT,
  `nama_kategori` varchar(40) NOT NULL,
  PRIMARY KEY (`id_kategori_pasien`)
) ENGINE=InnoDB  DEFAULT CHARSET=latin1 AUTO_INCREMENT=6 ;

--
-- Dumping data for table `kategori_pasien`
--

INSERT INTO `kategori_pasien` (`id_kategori_pasien`, `nama_kategori`) VALUES
(1, 'IGD'),
(2, 'UMUM'),
(3, 'BPJS'),
(4, 'JAMKESDA'),
(5, 'dll');

-- --------------------------------------------------------

--
-- Table structure for table `obat`
--

CREATE TABLE IF NOT EXISTS `obat` (
  `id_obat` int(20) NOT NULL AUTO_INCREMENT,
  `nama_obat` varchar(80) NOT NULL,
  `id_kategori_obat` varchar(20) NOT NULL,
  `id_satuan_obat` varchar(20) NOT NULL,
  `keterangan` longtext NOT NULL,
  `tipe_apotik` varchar(20) NOT NULL,
  `stok_awal` decimal(20,0) NOT NULL DEFAULT '0',
  `stok_beli` decimal(20,0) NOT NULL DEFAULT '0',
  `stok_jual` decimal(20,0) NOT NULL DEFAULT '0',
  `stok_akhir` decimal(20,0) NOT NULL DEFAULT '0',
  `harga_beli` decimal(10,0) NOT NULL DEFAULT '0',
  `harga_jual` decimal(20,0) NOT NULL DEFAULT '0',
  `stok_rs` decimal(20,0) NOT NULL DEFAULT '0',
  `stok_pelengkap` decimal(20,0) NOT NULL DEFAULT '0',
  `min_order` decimal(20,0) NOT NULL DEFAULT '0',
  `kadaluarsa` date NOT NULL,
  PRIMARY KEY (`id_obat`)
) ENGINE=InnoDB  DEFAULT CHARSET=latin1 AUTO_INCREMENT=1709 ;

--
-- Dumping data for table `obat`
--

INSERT INTO `obat` (`id_obat`, `nama_obat`, `id_kategori_obat`, `id_satuan_obat`, `keterangan`, `tipe_apotik`, `stok_awal`, `stok_beli`, `stok_jual`, `stok_akhir`, `harga_beli`, `harga_jual`, `stok_rs`, `stok_pelengkap`, `min_order`, `kadaluarsa`) VALUES
(2, 'Acyclovir tab 400mg', '1', '5', '', '', '100', '0', '5', '95', '600', '600', '0', '95', '200', '0000-00-00'),
(4, 'Acyclovir 5% krim', '1', '9', '', '', '100', '0', '7', '99', '3308', '3308', '-1', '0', '25', '0000-00-00'),
(5, 'Albendazole tab kunyah 400mg', '1', '5', '', '', '0', '0', '0', '0', '427', '427', '0', '0', '100', '0000-00-00'),
(6, 'Allopurinol tab 100mg', '1', '5', '', '', '3700', '0', '11', '3689', '139', '139', '-1', '0', '500', '0000-00-00'),
(7, 'Allopurinol tab 100mg E Kat', '1', '5', '', '', '6800', '0', '0', '6800', '106', '106', '0', '0', '500', '0000-00-00'),
(8, 'Alprazolam 0,5mg tab', '1', '5', '', '', '6200', '0', '0', '6200', '614', '614', '1000', '0', '500', '0000-00-00'),
(9, 'Alprazolam 0,5mg tab E Kat', '1', '5', '', '', '4200', '0', '0', '4200', '460', '460', '0', '0', '500', '0000-00-00'),
(10, 'Ambroxol 15mg/ml syrup E Kat', '1', '4', '', '', '2250', '0', '1', '2250', '3465', '3465', '-1', '0', '50', '0000-00-00'),
(11, 'Aminophylline inj 24mg/ml E Kat', '1', '8', '', '', '1080', '0', '0', '1080', '3164', '3164', '0', '0', '48', '0000-00-00'),
(12, 'Ambroxol tab 30mg', '1', '2', '', '', '8500', '0', '0', '8500', '119', '119', '500', '0', '500', '0000-00-00'),
(13, 'Aminophylline inj 24mg/ml E Kat', '1', '8', '', '', '1080', '0', '0', '1080', '3164', '3164', '0', '0', '48', '0000-00-00'),
(14, 'Aminophylline 200mg tab', '1', '5', '', '', '0', '0', '0', '0', '119', '119', '0', '0', '500', '0000-00-00'),
(15, 'Amitriptyllin tab 25mg E Kat', '1', '5', '', '', '1200', '0', '0', '1200', '102', '102', '0', '0', '500', '0000-00-00'),
(16, 'Amitriptyllin tab 25mg ', '1', '5', '', '', '3500', '0', '0', '3500', '126', '126', '0', '0', '500', '0000-00-00'),
(17, 'Amlodipin tab 10mg E Kat', '1', '5', '', '', '4500', '0', '0', '4500', '440', '440', '1050', '0', '300', '0000-00-00'),
(18, 'Amlodipin tab 5mg E Kat', '1', '5', '', '', '8010', '0', '33', '7977', '240', '240', '-33', '0', '300', '0000-00-00'),
(19, 'Amoxcycillin 125mg/5ml syrup', '1', '5', '', '', '1', '0', '0', '0', '3885', '3885', '0', '0', '10', '0000-00-00'),
(20, 'Amoxcycillin tab 500mg E Kat', '1', '5', '', '', '29300', '0', '0', '29300', '228', '228', '1300', '0', '1000', '0000-00-00'),
(21, 'Amoxcycillin + Asam Klavulanat 625mg ', '1', '5', '', '', '90', '0', '1', '90', '5308', '5308', '-1', '0', '30', '0000-00-00'),
(22, 'Ampicillin inj 1,0g E Kat', '1', '7', '', '', '1100', '0', '0', '1100', '1100', '4300', '0', '0', '500', '0000-00-00'),
(23, 'Ampicillin inj 0,5g E Kat', '1', '7', '', '', '1180', '0', '0', '1180', '3150', '3150', '0', '0', '20', '0000-00-00'),
(24, 'Antalgin tab 500mg', '1', '5', '', '', '1500', '0', '0', '1500', '156', '156', '0', '0', '300', '0000-00-00'),
(25, 'Antasida DOEN syrup', '1', '4', '', '', '0', '0', '0', '0', '4043', '4043', '0', '0', '50', '0000-00-00'),
(26, 'Antasida DOEN tab', '1', '5', '', '', '21000', '0', '0', '21000', '170', '170', '0', '0', '500', '0000-00-00'),
(27, 'Anti Haemoroid DOEN', '1', '10', '', '', '0', '0', '0', '0', '2100', '2100', '0', '0', '20', '0000-00-00'),
(28, 'Anti Malaria DOEN tab', '1', '5', '', '', '0', '0', '0', '0', '505', '505', '0', '0', '100', '0000-00-00'),
(29, 'Aqua Pro inj', '1', '7', '', '', '7500', '0', '0', '7500', '5500', '5500', '700', '0', '200', '0000-00-00'),
(30, 'Aqua Pro inj', '1', '7', '', '', '7500', '0', '0', '7500', '5500', '5500', '0', '0', '200', '0000-00-00'),
(31, 'Asam Askorbat tab 50mg', '1', '5', '', '', '11000', '0', '0', '11000', '34', '34', '0', '0', '1000', '0000-00-00'),
(32, 'Asam Mefenamat tab 500mg', '1', '5', '', '', '67500', '0', '1', '67499', '105', '105', '-1', '0', '2000', '0000-00-00'),
(33, 'Atropin inj 0,25mg/ml', '1', '8', '', '', '1200', '0', '0', '1200', '1291', '1291', '0', '0', '100', '0000-00-00'),
(34, 'Besi (II) Sulfat 200mg + Asam Folat 0,25mg', '1', '5', '', '', '9000', '0', '0', '9000', '62', '62', '0', '0', '1000', '0000-00-00'),
(35, 'Betahistin Mesilat tab 6mg', '1', '5', '', '', '7200', '0', '0', '7200', '970', '970', '600', '0', '300', '0000-00-00'),
(36, 'Betametason cream0,1%', '1', '9', '', '', '50', '0', '1', '50', '1959', '1959', '-1', '0', '25', '0000-00-00'),
(37, 'Bisoprolol tab 5mg', '1', '5', '', '', '1800', '0', '0', '1800', '2438', '2438', '1350', '0', '600', '0000-00-00'),
(38, 'Bisoprolol tab 5mg E Kat', '1', '5', '', '', '1200', '0', '0', '1200', '2400', '2400', '0', '0', '600', '0000-00-00'),
(39, 'Calsium Lactat tab', '1', '5', '', '', '0', '0', '0', '0', '55', '55', '0', '0', '1000', '0000-00-00'),
(40, 'Captopril tab 12.5mg', '1', '5', '', '', '1100', '0', '0', '1100', '86', '86', '1000', '0', '500', '0000-00-00'),
(41, 'Captopril tab 25mg', '1', '5', '', '', '10000', '0', '0', '10000', '92', '92', '0', '0', '1000', '0000-00-00'),
(42, 'Captopril tab 12.5mg E Kat', '1', '5', '', '', '3700', '0', '0', '3700', '63', '63', '0', '0', '500', '0000-00-00'),
(43, 'Captopril tab 12.5mg E Kat', '1', '5', '', '', '3700', '0', '0', '3700', '63', '63', '0', '0', '500', '0000-00-00'),
(44, 'Captopril tab 50mg E Kat', '1', '5', '', '', '500', '0', '0', '500', '135', '135', '0', '0', '200', '0000-00-00'),
(45, 'Carbamazepin tab 200mg', '1', '5', '', '', '20200', '0', '0', '20200', '255', '255', '1200', '0', '1000', '0000-00-00'),
(46, 'Cefadroxil kap 500mg', '1', '5', '', '', '16000', '0', '0', '16000', '521', '521', '0', '0', '1000', '0000-00-00'),
(47, 'SY Bilirubin', '6', '11', '', '', '1', '0', '0', '0', '893750', '893750', '0', '0', '1', '0000-00-00'),
(49, 'Cefadroxil kap 500mg E Kat', '1', '5', '', '', '16000', '0', '0', '16000', '521', '521', '0', '0', '500', '0000-00-00'),
(50, 'Cefadroxil syr 125mg/5ml E Kat', '1', '4', '', '', '50', '0', '0', '50', '5248', '5248', '0', '0', '5', '0000-00-00'),
(51, 'Cefadroxil syr 125mg/5ml ', '1', '4', '', '', '40', '0', '0', '40', '7592', '7592', '0', '0', '5', '0000-00-00'),
(52, 'Cefadroxil kap 500mg', '1', '5', '', '', '1000', '0', '0', '1000', '735', '735', '1000', '0', '1000', '0000-00-00'),
(53, 'Cefixim syr 100mg/5ml E Kat', '1', '4', '', '', '50', '0', '0', '50', '10588', '10588', '0', '0', '5', '0000-00-00'),
(54, 'Cefixim syr 100mg/5ml ', '1', '4', '', '', '118', '0', '0', '118', '31763', '31763', '0', '0', '5', '0000-00-00'),
(55, 'Cefixim 100mg kap E Kat', '1', '12', '', '', '18850', '0', '0', '18850', '958', '958', '150', '0', '250', '0000-00-00'),
(56, 'Cefotaxim 1,0g inj E Kat', '1', '7', '', '', '1600', '0', '0', '1600', '7100', '7100', '0', '0', '100', '0000-00-00'),
(57, 'Cefotaxim 1,0g inj ', '1', '7', '', '', '300', '0', '0', '300', '7277', '7277', '300', '0', '100', '0000-00-00'),
(58, 'Ceftazidime inj 1g E Kat', '1', '2', '', '', '50', '0', '0', '50', '12527', '12527', '0', '0', '4', '0000-00-00'),
(59, 'Ceftriaxon inj 1,0g E Kat', '1', '7', '', '', '5000', '0', '0', '5000', '2578', '2578', '0', '0', '300', '0000-00-00'),
(60, 'Ceftriaxon inj 1,0g ', '1', '7', '', '', '3410', '0', '0', '3410', '9024', '9024', '2890', '0', '300', '0000-00-00'),
(61, 'Cetirizin 10mg kap', '1', '12', '', '', '600', '0', '0', '600', '329', '329', '500', '0', '60', '0000-00-00'),
(62, 'Ciprofloxacin 2%inf E Kat', '1', '4', '', '', '1152', '0', '0', '1152', '14820', '14820', '0', '0', '32', '0000-00-00'),
(63, 'Ciprofloxacin 500mg tab E Kat', '1', '5', '', '', '56900', '0', '0', '56900', '260', '260', '2800', '0', '1000', '0000-00-00'),
(64, 'Clobazam tab 10mg E Kat', '1', '5', '', '', '14600', '0', '0', '14600', '760', '760', '1100', '0', '500', '0000-00-00'),
(65, 'Codein tab 10mg', '1', '5', '', '', '0', '0', '0', '0', '449', '449', '0', '0', '250', '0000-00-00'),
(66, 'Cotrimoxazol tab 480mg', '1', '5', '', '', '500', '0', '0', '500', '168', '168', '0', '0', '500', '0000-00-00'),
(67, 'Cotrimoxazol syr 240mg/5ml', '1', '4', '', '', '65', '0', '0', '65', '4158', '4158', '0', '0', '5', '0000-00-00'),
(68, 'CTM tab 4mg', '1', '5', '', '', '0', '0', '0', '0', '25', '25', '0', '0', '2000', '0000-00-00'),
(69, 'Dextromethorpan tab 15mg', '1', '5', '', '', '0', '0', '0', '0', '115', '115', '0', '0', '500', '0000-00-00'),
(70, 'Dextromethorpan syr 10mg/5ml E Kat', '1', '4', '', '', '588', '0', '0', '588', '1423', '1423', '114', '0', '20', '0000-00-00'),
(71, 'Dextrose 10%inf E Kat', '1', '13', '', '', '760', '0', '0', '760', '6013', '6013', '20', '0', '20', '0000-00-00'),
(72, 'Dextrose 5%inf E Kat', '1', '13', '', '', '820', '0', '0', '820', '5579', '5579', '40', '0', '20', '0000-00-00'),
(73, 'Dexametason inj', '1', '8', '', '', '3100', '0', '1', '3100', '1550', '1550', '-1', '0', '200', '0000-00-00'),
(74, 'Dexametason tab 0,5mg', '1', '5', '', '', '2000', '0', '5', '1995', '60', '60', '-5', '0', '500', '0000-00-00'),
(75, 'Diazepam inj', '1', '8', '', '', '120', '0', '0', '85', '2487', '2487', '0', '0', '30', '0000-00-00'),
(76, 'Diazepam tab 2mg', '1', '5', '', '', '1000', '0', '0', '1000', '34', '34', '0', '0', '1000', '0000-00-00'),
(77, 'Digoxin tab 0,25mg', '1', '5', '', '', '4600', '0', '0', '4600', '93', '93', '0', '0', '500', '0000-00-00'),
(78, 'Diltiazem tab', '1', '5', '', '', '2400', '0', '0', '2400', '159', '159', '0', '0', '200', '0000-00-00'),
(79, 'Diphenhydramin inj 10mg/ml', '1', '8', '', '', '60', '0', '0', '60', '1008', '1008', '0', '0', '10', '0000-00-00'),
(80, 'Domperidon syr E Kat', '1', '4', '', '', '550', '0', '0', '550', '3687', '3687', '0', '0', '5', '0000-00-00'),
(81, 'Domperidon tab ', '1', '5', '', '', '600', '0', '0', '600', '424', '424', '0', '0', '100', '0000-00-00'),
(82, 'Domperidon tab E Kat', '1', '5', '', '', '1000', '0', '0', '1000', '185', '185', '0', '0', '100', '0000-00-00'),
(83, 'Doxyciclin kap 100mg', '1', '12', '', '', '800', '0', '4', '796', '266', '266', '-4', '0', '100', '0000-00-00'),
(84, 'Ephedrin tab 25mg', '1', '5', '', '', '0', '0', '0', '0', '54', '54', '0', '0', '250', '0000-00-00'),
(85, 'Erythromicin kap 500mg E Kat', '1', '12', '', '', '6000', '0', '0', '6000', '888', '888', '0', '0', '200', '0000-00-00'),
(86, 'Etambutol tab 500mg', '1', '5', '', '', '2200', '0', '0', '2200', '430', '430', '200', '0', '500', '0000-00-00'),
(87, 'Fenitoin kap 100mg E Kat', '1', '12', '', '', '3600', '0', '0', '3600', '127', '127', '0', '0', '500', '0000-00-00'),
(88, 'Fenitoin Natrium inj 50mg/mlE Kat', '1', '5', '', '', '10', '0', '0', '10', '50786', '50786', '0', '0', '2', '0000-00-00'),
(89, 'Fenobarbital inj 50mg/ml E Kat', '1', '8', '', '', '120', '0', '0', '120', '1802', '1802', '0', '0', '10', '0000-00-00'),
(90, 'Fenobarbital tab 30mg', '1', '5', '', '', '4000', '6', '0', '4006', '68', '68', '3000', '0', '2000', '2014-02-26'),
(91, 'Fitomenadion tab 10mg E Kat', '1', '5', '', '', '5000', '0', '0', '5000', '608', '608', '0', '0', '500', '0000-00-00'),
(92, 'Furosemid  inj E Kat', '1', '8', '', '', '1900', '0', '0', '1900', '1838', '1838', '0', '0', '100', '0000-00-00'),
(93, 'Furosemid tab 40mg', '1', '5', '', '', '0', '0', '0', '0', '107', '107', '0', '0', '500', '0000-00-00'),
(94, 'Gemfibrozil tab 300mg E  Kat', '1', '5', '', '', '600', '0', '0', '600', '256', '256', '120', '0', '120', '0000-00-00'),
(95, 'Gentamicin inj 80mg', '1', '8', '', '', '930', '0', '0', '930', '3528', '3528', '75', '0', '50', '0000-00-00'),
(96, 'Gentamicin salp kulit', '1', '9', '', '', '110', '0', '0', '110', '4822', '4822', '0', '0', '25', '0000-00-00'),
(97, 'Gentamicin TM', '1', '4', '', '', '110', '0', '0', '110', '3049', '3049', '0', '0', '10', '0000-00-00'),
(98, 'Gentamicin inj 80mg E Kat', '1', '8', '', '', '420', '0', '0', '420', '3259', '3259', '0', '0', '50', '0000-00-00'),
(99, 'Gentamicin salp kulit E Kat', '1', '9', '', '', '150', '0', '0', '150', '1469', '1469', '0', '0', '25', '0000-00-00'),
(100, 'Glibenclamid tab 5mg', '1', '5', '', '', '4600', '0', '5', '4595', '63', '63', '-5', '0', '200', '0000-00-00'),
(101, 'Gliceril Guayacolat', '1', '5', '', '', '0', '0', '0', '0', '29', '29', '0', '0', '1000', '0000-00-00'),
(102, 'Glimeprid tab 2mg', '1', '5', '', '', '1750', '0', '0', '1750', '502', '502', '1450', '0', '500', '0000-00-00'),
(103, 'Gliquidon tab 30mg', '1', '5', '', '', '700', '0', '0', '700', '616', '616', '500', '0', '300', '0000-00-00'),
(104, 'Glukosa 40% E Kat', '1', '7', '', '', '120', '0', '0', '120', '1960', '1960', '0', '0', '10', '0000-00-00'),
(105, 'Haloperidol tab 1,5mg', '1', '5', '', '', '2500', '0', '1', '2499', '87', '87', '-1', '0', '500', '0000-00-00'),
(106, 'Haloperidol tab 5mg', '1', '5', '', '', '4000', '0', '0', '4000', '128', '128', '0', '0', '300', '0000-00-00'),
(107, 'Haloperidol tab 0.5mg E Kat', '1', '5', '', '', '5200', '0', '0', '5200', '54', '54', '0', '0', '300', '0000-00-00'),
(108, 'Haloperidol tab 1.5mg E Kat', '1', '5', '', '', '13200', '0', '0', '13200', '62', '62', '0', '0', '500', '0000-00-00'),
(109, 'Haloperidol tab 5mg E Kat', '1', '5', '', '', '7000', '0', '0', '7000', '91', '91', '0', '0', '300', '0000-00-00'),
(110, 'Hydrocortison cream 2.5%', '1', '9', '', '', '48', '0', '0', '48', '2591', '2591', '48', '0', '24', '0000-00-00'),
(111, 'Hydrocortison cream 2.5% E Kat', '1', '9', '', '', '216', '0', '0', '216', '2668', '2668', '0', '0', '24', '0000-00-00'),
(112, 'Ibuprofen tab 400mg E Kat', '1', '5', '', '', '2900', '0', '0', '2900', '149', '149', '0', '0', '200', '0000-00-00'),
(113, 'Ibuprofen tab 200mg E Kat', '1', '5', '', '', '2000', '0', '0', '2000', '94', '94', '200', '0', '200', '0000-00-00'),
(114, 'Isoniazid 300mg tab', '1', '5', '', '', '2000', '0', '0', '2000', '102', '102', '2000', '0', '1000', '0000-00-00'),
(115, 'Isosorbid Dinitrat 5mg E Kat', '1', '5', '', '', '1600', '0', '0', '1600', '96', '96', '0', '0', '500', '0000-00-00'),
(116, 'Isosorbid Dinitrat 5mg ', '1', '5', '', '', '3300', '0', '0', '3300', '102', '102', '1800', '0', '500', '0000-00-00'),
(117, 'Kalium Diclofenac tab 50mg E Kat', '1', '5', '', '', '100', '0', '0', '100', '425', '425', '0', '0', '50', '0000-00-00'),
(118, 'Ketoconazol cream 2%', '1', '9', '', '', '37', '0', '0', '37', '7350', '7350', '27', '0', '5', '0000-00-00'),
(119, 'Ketoconazol tab 200mg', '1', '5', '', '', '700', '0', '0', '700', '420', '420', '0', '0', '50', '0000-00-00'),
(120, 'Ketoprofen tab 100mg', '1', '5', '', '', '400', '0', '0', '400', '1818', '1818', '200', '0', '50', '0000-00-00'),
(121, 'Ketoprofen tab 100mg E Kat', '1', '5', '', '', '100', '0', '0', '100', '608', '608', '0', '0', '50', '0000-00-00'),
(122, 'Ketorolac inj 30mg E Kat', '1', '8', '', '', '1356', '0', '0', '1356', '6054', '6054', '0', '0', '100', '0000-00-00'),
(123, 'Klindamisin kap 300mg', '1', '12', '', '', '350', '400', '0', '750', '790', '790', '350', '0', '100', '2017-03-01'),
(124, 'Klindamisin kap 150mg E Kat', '1', '12', '', '', '1100', '0', '0', '1100', '401', '401', '100', '0', '100', '0000-00-00'),
(125, 'Kloramfenicol SM 1%', '1', '9', '', '', '24', '0', '0', '24', '1641', '1641', '0', '0', '24', '0000-00-00'),
(126, 'Kloramfenicol TM 0,5%', '1', '4', '', '', '24', '0', '0', '24', '2625', '2625', '24', '0', '10', '0000-00-00'),
(127, 'Kloramfenicol TT ', '1', '4', '', '', '24', '0', '0', '24', '1260', '1260', '0', '0', '10', '0000-00-00'),
(128, 'Klorpromazin inj 25mg/ml', '1', '8', '', '', '30', '0', '0', '30', '1072', '1072', '0', '0', '5', '0000-00-00'),
(129, 'Klorpromazin tab 100mg', '1', '5', '', '', '0', '0', '0', '0', '121', '121', '0', '0', '1000', '0000-00-00'),
(130, 'Lansoprazol kap 30mg E Kat', '1', '12', '', '', '14000', '0', '0', '14000', '473', '473', '0', '0', '600', '0000-00-00'),
(131, 'Levofloxacin tab 500mg E Kat', '1', '5', '', '', '660', '0', '0', '660', '600', '600', '60', '0', '100', '0000-00-00'),
(132, 'Lidocain inj 2%', '1', '8', '', '', '200', '0', '0', '200', '106', '106', '0', '0', '30', '0000-00-00'),
(133, 'Lidocain inj Comp E Kat', '1', '8', '', '', '4260', '0', '0', '3780', '1360', '1360', '0', '0', '300', '0000-00-00'),
(134, 'Lisinopril tab 5mg', '1', '5', '', '', '750', '0', '0', '750', '335', '335', '0', '0', '100', '0000-00-00'),
(135, 'Loratadin tab 10mg', '1', '5', '', '', '1200', '0', '0', '1200', '160', '160', '0', '0', '100', '0000-00-00'),
(136, 'Magnesium Sulfat inj 40%', '1', '7', '', '', '480', '0', '0', '480', '2629', '2629', '0', '0', '20', '0000-00-00'),
(137, 'Meloxicam tab 15mg E Kat', '1', '5', '', '', '11500', '0', '0', '11500', '348', '348', '0', '0', '250', '0000-00-00'),
(138, 'Meloxicam tab 7,5mg E Kat', '1', '5', '', '', '3000', '0', '0', '3000', '234', '234', '0', '0', '250', '0000-00-00'),
(139, 'Metformin tab 500mg E Kat', '1', '5', '', '', '12500', '0', '0', '12500', '105', '105', '0', '0', '1000', '0000-00-00'),
(140, 'Methyl Ergometrin tab', '1', '5', '', '', '1100', '0', '0', '1100', '127', '127', '0', '0', '100', '0000-00-00'),
(141, 'Methyl Prednisolon inj 500mg E Kat', '1', '7', '', '', '105', '0', '0', '105', '70000', '70000', '0', '0', '5', '0000-00-00'),
(142, 'Methyl Prednisolon tab 4mg E Kat', '1', '5', '', '', '16500', '0', '0', '16500', '198', '198', '0', '0', '1000', '0000-00-00'),
(143, 'Metoklopramid inj 5mg/ml', '1', '8', '', '', '1185', '0', '0', '1135', '1010', '1010', '0', '0', '50', '0000-00-00'),
(144, 'Miconazol cream 2%', '1', '9', '', '', '48', '0', '0', '48', '3150', '3150', '48', '0', '24', '0000-00-00'),
(145, 'Momethason cream 0,1%', '1', '9', '', '', '50', '0', '0', '50', '18200', '18200', '0', '0', '5', '0000-00-00'),
(146, 'NaCl 0,9% Infus', '1', '13', '', '', '2150', '0', '0', '2150', '4338', '4338', '1370', '0', '200', '0000-00-00'),
(147, 'NaCl 0,9% Infus E Kat', '1', '13', '', '', '2500', '0', '0', '2500', '5145', '5145', '0', '0', '200', '0000-00-00'),
(148, 'Natrium Diklofenak tab 50mg', '1', '5', '', '', '7500', '0', '0', '7500', '229', '229', '4000', '0', '500', '0000-00-00'),
(149, 'Natrium Diklofenak tab 25mg E Kat', '1', '5', '', '', '2250', '0', '0', '2250', '141', '141', '0', '0', '250', '0000-00-00'),
(150, 'Natrium Diklofenak tab 25mg E Kat', '1', '5', '', '', '2250', '0', '0', '2250', '141', '141', '150', '0', '250', '0000-00-00'),
(151, 'Nifedipin tab ', '1', '5', '', '', '0', '0', '0', '0', '135', '135', '0', '0', '100', '0000-00-00'),
(152, 'Nystatin Tab Vagina E Kat', '1', '10', '', '', '100', '0', '0', '100', '427', '427', '0', '0', '100', '0000-00-00'),
(153, 'Nystatin tab 500.000iu', '1', '5', '', '', '600', '0', '0', '600', '578', '578', '300', '0', '100', '0000-00-00'),
(154, 'Oxytetrasiklin salp Kulit 3% E Kat', '1', '9', '', '', '25', '0', '0', '25', '1572', '1572', '0', '0', '2', '0000-00-00'),
(155, 'Oksitosin inj 10iu/ml E Kat', '1', '8', '', '', '2600', '0', '0', '2600', '1820', '1820', '100', '0', '100', '0000-00-00'),
(156, 'Omeprazol kap 20mg', '1', '12', '', '', '3600', '0', '0', '3600', '265', '265', '150', '0', '150', '0000-00-00'),
(157, 'Oralit', '1', '14', '', '', '100', '0', '0', '100', '421', '421', '0', '0', '100', '0000-00-00'),
(158, 'Oralit E Kat', '1', '14', '', '', '3000', '0', '0', '3000', '307', '307', '0', '0', '100', '0000-00-00'),
(159, 'Paracetamol syr 125mg/5ml', '1', '4', '', '', '50', '0', '0', '50', '1811', '1811', '40', '0', '20', '0000-00-00'),
(160, 'Paracetamol tab 500mg', '1', '5', '', '', '2000', '0', '0', '2000', '110', '110', '2000', '0', '1000', '0000-00-00'),
(161, 'Paracetamol Drop E Kat', '1', '4', '', '', '60', '0', '0', '60', '5488', '5488', '10', '0', '2', '0000-00-00'),
(162, 'Paracetamol syr 125mg/5ml E Kat', '1', '4', '', '', '500', '0', '0', '500', '1361', '1361', '0', '0', '20', '0000-00-00'),
(163, 'Paracetamol tab 500mg E Kat', '1', '5', '', '', '41900', '0', '0', '41900', '83', '83', '0', '0', '1000', '0000-00-00'),
(164, 'Piracetam inj 3g/15ml', '1', '8', '', '', '48', '0', '0', '48', '17960', '17960', '20', '0', '20', '0000-00-00'),
(165, 'Piracetam inj 1g/5ml E Kat', '1', '8', '', '', '50', '0', '0', '50', '1925', '1925', '30', '0', '10', '0000-00-00'),
(166, 'Piracetam inj 3g/15ml E Kat', '1', '8', '', '', '132', '0', '0', '132', '4200', '4200', '0', '0', '20', '0000-00-00'),
(167, 'Piracetam tab 800mg E Kat', '1', '5', '', '', '2200', '0', '0', '2200', '321', '321', '200', '0', '100', '0000-00-00'),
(168, 'Piracetam tab 1200mg E Kat', '1', '5', '', '', '900', '0', '0', '900', '815', '815', '150', '0', '100', '0000-00-00'),
(169, 'Piracetam tab 400mg E Kat', '1', '5', '', '', '400', '0', '0', '400', '194', '194', '200', '0', '100', '0000-00-00'),
(170, 'Prednison tab 5mg', '1', '5', '', '', '1500', '0', '0', '1500', '66', '66', '0', '0', '1000', '0000-00-00'),
(171, 'PTU tab 100mg E Kat', '1', '5', '', '', '5100', '0', '0', '5100', '277', '277', '300', '0', '500', '0000-00-00'),
(172, 'Pyrazinamid tab 500mg E Kat', '1', '5', '', '', '22000', '0', '0', '22000', '208', '208', '0', '0', '1000', '0000-00-00'),
(173, 'Ranitidin inj 25mg/ml E Kat', '1', '8', '', '', '11260', '0', '0', '11260', '1157', '1157', '0', '0', '450', '0000-00-00'),
(174, 'Ranitidin tab 150mg E Kat', '1', '5', '', '', '60000', '0', '0', '60000', '115', '115', '4000', '0', '1000', '0000-00-00'),
(175, 'Ranitidin tab 150mg ', '1', '5', '', '', '1000', '0', '0', '1000', '231', '231', '1000', '0', '1000', '0000-00-00'),
(176, 'Rifampicin kap 300mg', '1', '12', '', '', '100', '0', '0', '100', '504', '504', '100', '0', '200', '0000-00-00'),
(177, 'Rifampicin kap 450mg', '1', '12', '', '', '8200', '0', '0', '8200', '594', '594', '600', '0', '200', '0000-00-00'),
(178, 'Rifampicin kap 300mg E Kat', '1', '12', '', '', '2700', '0', '0', '2700', '395', '395', '1000', '0', '200', '0000-00-00'),
(179, 'Rifampicin kap 600mg E Kat', '1', '12', '', '', '5800', '0', '0', '5800', '830', '830', '400', '0', '200', '0000-00-00'),
(180, 'Ringer Lactat inf', '1', '13', '', '', '22020', '0', '0', '22020', '5460', '5460', '0', '0', '500', '0000-00-00'),
(181, 'Risperidon tab 2mg E Kat', '1', '5', '', '', '6000', '0', '0', '6000', '1870', '1870', '3000', '0', '1000', '0000-00-00'),
(182, 'Salbutamol tab 2mg', '1', '5', '', '', '30600', '0', '3', '30597', '88', '88', '-3', '0', '1000', '0000-00-00'),
(183, 'Simvastatin tab 10mg', '1', '5', '', '', '2700', '0', '0', '2700', '539', '539', '0', '0', '90', '0000-00-00'),
(184, 'Simvastatin tab 20mg', '1', '5', '', '', '250', '0', '0', '250', '1077', '1077', '0', '0', '100', '0000-00-00'),
(185, 'Spironolacton tab 100mg E Kat', '1', '5', '', '', '3000', '0', '0', '3000', '950', '950', '200', '0', '200', '0000-00-00'),
(186, 'Spironolacton tab 25mg', '1', '5', '', '', '800', '0', '0', '800', '364', '364', '100', '0', '100', '0000-00-00'),
(187, 'Spironolacton tab 25mg E Kat', '1', '5', '', '', '300', '0', '0', '300', '311', '311', '0', '0', '100', '0000-00-00'),
(188, 'Tamoksifen tab 20mg E Kat', '1', '5', '', '', '60', '0', '0', '60', '1700', '1700', '0', '0', '30', '0000-00-00'),
(189, 'Tetracyclin kap 500mg', '1', '12', '', '', '200', '0', '4', '196', '270', '270', '-4', '0', '100', '0000-00-00'),
(190, 'Tetracyclin kap 500mg E Kat', '1', '12', '', '', '700', '0', '0', '700', '216', '216', '0', '0', '100', '0000-00-00'),
(191, 'Thiamphenicol kap 500mg', '1', '12', '', '', '2400', '0', '0', '2400', '609', '609', '0', '0', '100', '0000-00-00'),
(192, 'THP tab 2mg', '1', '5', '', '', '0', '0', '0', '0', '43', '43', '0', '0', '2000', '0000-00-00'),
(193, 'Tramadol kap 50mg E Kat', '1', '12', '', '', '8350', '0', '0', '8350', '192', '192', '0', '0', '250', '0000-00-00'),
(194, 'Trifluoperazin tab 5mg', '1', '5', '', '', '1500', '0', '0', '1500', '399', '399', '1000', '0', '500', '0000-00-00'),
(195, 'Trifluoperazin tab 5mg E Kat', '1', '5', '', '', '3000', '0', '0', '3000', '380', '380', '0', '0', '300', '0000-00-00'),
(196, 'Vitamin B Complex', '1', '5', '', '', '1000', '2000', '0', '3000', '23', '23', '3000', '0', '1000', '2016-02-01'),
(197, 'Vitamin B12 tab', '1', '5', '', '', '6000', '0', '0', '6000', '14', '14', '5000', '0', '1000', '0000-00-00'),
(198, 'Zinc tab 20mg', '1', '5', '', '', '300', '0', '0', '300', '499', '499', '100', '0', '100', '0000-00-00'),
(199, 'Zinc tab 20mg E Kat', '1', '5', '', '', '700', '0', '0', '700', '459', '459', '0', '0', '100', '0000-00-00'),
(200, 'Salep 2-4', '2', '9', '', '', '12', '0', '0', '12', '2540', '2540', '0', '0', '2', '0000-00-00'),
(201, 'Salep AAV II', '2', '9', '', '', '84', '0', '0', '84', '2495', '2495', '0', '0', '2', '0000-00-00'),
(202, 'Adalat Oros tab 30mg', '9', '5', '', '', '240', '0', '0', '240', '8734', '8734', '240', '0', '60', '0000-00-00'),
(203, 'Alinamin F inj', '2', '8', '', '', '130', '0', '0', '130', '14792', '14792', '0', '0', '10', '0000-00-00'),
(204, 'Alkohol 96%', '2', '6', '', '', '7', '0', '0', '7', '39450', '39450', '0', '0', '1', '0000-00-00'),
(205, 'Allopurinol tab 300mg', '2', '5', '', '', '1900', '0', '0', '1900', '139', '139', '0', '0', '200', '0000-00-00'),
(206, 'Alpentin kap 100mg', '2', '12', '', '', '700', '0', '0', '700', '3485', '3485', '500', '0', '250', '0000-00-00'),
(207, 'Aminophylline inj 24mg/ml ETHICA', '2', '8', '', '', '144', '0', '0', '144', '3874', '3874', '144', '0', '48', '0000-00-00'),
(208, 'Aminofusin L 600', '2', '4', '', '', '37', '0', '0', '37', '81201', '81201', '0', '0', '2', '0000-00-00'),
(209, 'Amoxcycillin inj 1,0g', '2', '7', '', '', '240', '0', '0', '240', '8944', '8944', '0', '0', '10', '0000-00-00'),
(210, 'Anafranil tab ', '2', '5', '', '', '150', '0', '0', '150', '9358', '9358', '150', '0', '50', '0000-00-00'),
(211, 'Appavisc ', '2', '7', '', '', '10', '0', '0', '10', '112432', '112432', '0', '0', '10', '0000-00-00'),
(212, 'Aqua Dest 1L', '2', '6', '', '', '58', '0', '0', '19', '10000', '10000', '0', '0', '5', '0000-00-00'),
(213, 'Arixtra inj', '2', '7', '', '', '10', '0', '0', '10', '430660', '430660', '10', '0', '2', '0000-00-00'),
(214, 'Aspar-K tab', '2', '5', '', '', '500', '0', '0', '500', '2687', '2687', '500', '0', '200', '0000-00-00'),
(215, 'Aspilet tab', '2', '5', '', '', '1300', '0', '0', '1300', '638', '638', '1300', '0', '1000', '0000-00-00'),
(216, 'Atropin inj 0,25mg/ml ETHICA', '2', '8', '', '', '300', '0', '0', '300', '1634', '1634', '300', '0', '100', '0000-00-00'),
(217, 'Betadin Sol', '2', '6', '', '', '14', '0', '0', '2', '50209', '50209', '0', '0', '5', '0000-00-00'),
(218, 'Cairan BSS', '2', '6', '', '', '13', '0', '0', '13', '102300', '102300', '0', '0', '0', '0000-00-00'),
(219, 'Calsium Gluconat inj 10%', '2', '8', '', '', '24', '0', '0', '24', '12476', '12476', '0', '0', '24', '0000-00-00'),
(220, 'Canderin tab 8mg', '2', '5', '', '', '330', '0', '0', '330', '5918', '5918', '210', '0', '90', '0000-00-00'),
(221, 'Cangkang Kapsul No.0', '2', '15', '', '', '46', '0', '0', '46', '50100', '50100', '2', '0', '2', '0000-00-00'),
(222, 'Carbo Glycerin TT', '2', '4', '', '', '36', '0', '0', '36', '1312', '1312', '24', '0', '12', '0000-00-00'),
(223, 'Catapress inj', '2', '8', '', '', '10', '0', '0', '10', '39000', '39000', '0', '0', '0', '0000-00-00'),
(224, 'Cavitt ', '2', '2', '', '', '5', '0', '0', '5', '137477', '137477', '0', '0', '1', '0000-00-00'),
(225, 'Cefadroxil kap 500mg', '2', '12', '', '', '1000', '0', '0', '1000', '735', '735', '0', '0', '500', '0000-00-00'),
(226, 'Cendo Carpin 2% TM', '2', '4', '', '', '29', '0', '0', '29', '23236', '23236', '11', '0', '3', '0000-00-00'),
(227, 'Cendo Cendrid 0,1% TM', '2', '4', '', '', '5', '0', '0', '5', '18469', '18469', '0', '0', '2', '0000-00-00'),
(228, 'Cendo EDTA TM', '2', '4', '', '', '9', '0', '0', '9', '50000', '50000', '1', '0', '1', '0000-00-00'),
(229, 'Cendo Gentamicin SM', '2', '9', '', '', '28', '0', '0', '28', '29656', '29656', '0', '0', '5', '0000-00-00'),
(230, 'Cendo Homatro 2% TM', '2', '4', '', '', '10', '0', '0', '10', '43414', '43414', '10', '0', '10', '0000-00-00'),
(231, 'Cendo Mydriatil 0,5% TM', '2', '4', '', '', '10', '0', '0', '10', '23000', '23000', '0', '0', '2', '0000-00-00'),
(232, 'Cendo Mydriatil 1% TM', '2', '4', '', '', '5', '0', '0', '1', '43873', '43873', '5', '0', '5', '0000-00-00'),
(233, 'Cendo Pantocain 0,5% TM', '2', '4', '', '', '28', '0', '0', '26', '12000', '12000', '0', '0', '5', '0000-00-00'),
(234, 'Cendo Pantocain 2% TM', '2', '4', '', '', '31', '0', '0', '31', '16204', '16204', '0', '0', '5', '0000-00-00'),
(235, 'Cendo Tropin 1% TM', '2', '4', '', '', '16', '0', '0', '16', '15286', '15286', '0', '0', '2', '0000-00-00'),
(236, 'Cendo Vasacon Minidose', '2', '14', '', '', '9', '0', '0', '9', '15000', '15000', '0', '0', '2', '0000-00-00'),
(237, 'CHKM', '2', '2', '', '', '1', '0', '0', '1', '34668', '34668', '0', '0', '1', '0000-00-00'),
(238, 'Chloramphecort H cream', '2', '9', '', '', '9', '0', '0', '9', '10128', '10128', '0', '0', '2', '0000-00-00'),
(239, 'Chlorbiotic inj 1,0g', '2', '7', '', '', '500', '0', '0', '500', '8900', '8900', '120', '0', '20', '0000-00-00'),
(240, 'Clinoleic 20% 100ml', '2', '16', '', '', '2', '0', '0', '2', '199880', '199880', '0', '0', '0', '0000-00-00'),
(241, 'Cohevisc', '2', '7', '', '', '30', '0', '0', '30', '236000', '236000', '0', '0', '10', '0000-00-00'),
(242, 'Convers 2% TM', '2', '4', '', '', '60', '0', '0', '60', '15898', '15898', '2', '0', '5', '0000-00-00'),
(243, 'Curcuma tab ', '2', '5', '', '', '5000', '0', '0', '5000', '526', '526', '2500', '0', '500', '0000-00-00'),
(244, 'Cutisoft Hand Srub', '2', '4', '', '', '4', '0', '0', '1', '116864', '116864', '0', '0', '3', '0000-00-00'),
(245, 'Daryantulle ', '2', '2', '', '', '20', '0', '0', '20', '18739', '18739', '20', '0', '20', '0000-00-00'),
(246, 'Decatona kap 100mg', '2', '12', '', '', '2250', '0', '0', '2250', '368', '368', '1250', '0', '250', '0000-00-00'),
(247, 'Depakene syr', '2', '4', '', '', '6', '0', '0', '6', '178314', '178314', '6', '0', '2', '0000-00-00'),
(248, 'Depakote tab 250mg', '2', '5', '', '', '300', '0', '0', '300', '10425', '10425', '200', '0', '100', '0000-00-00'),
(249, 'Dextrose 40% inj', '2', '7', '', '', '110', '0', '0', '110', '3405', '3405', '0', '0', '20', '0000-00-00'),
(250, 'Dopamet tab', '2', '5', '', '', '100', '0', '0', '100', '1315', '1315', '100', '0', '100', '0000-00-00'),
(251, 'Dulcolax Supp 5mg', '2', '10', '', '', '12', '0', '0', '12', '13676', '13676', '0', '0', '6', '0000-00-00'),
(252, 'Dulcolax tab 5mg', '2', '5', '', '', '800', '0', '0', '800', '1095', '1095', '200', '0', '200', '0000-00-00'),
(253, 'Dumin Rectal 125mg/2,5ml', '2', '17', '', '', '25', '0', '0', '25', '11362', '11362', '10', '0', '5', '0000-00-00'),
(254, 'Efedrin inj', '2', '8', '', '', '10', '0', '0', '8', '21040', '21040', '0', '0', '2', '0000-00-00'),
(255, 'Endrolin inj 3,75mg', '2', '7', '', '', '2', '0', '0', '2', '1104000', '1104000', '2', '0', '1', '0000-00-00'),
(256, 'Epinefrin inj 0,1% ETHICA', '2', '8', '', '', '600', '0', '0', '600', '3025', '3025', '0', '0', '100', '0000-00-00'),
(257, 'Ericaf tab', '2', '5', '', '', '30', '0', '0', '30', '5812', '5812', '0', '0', '30', '0000-00-00'),
(258, 'Etil Klorida Semprot', '2', '4', '', '', '2', '0', '0', '0', '107830', '107830', '0', '0', '1', '0000-00-00'),
(259, 'Eugenol', '2', '2', '', '', '3', '0', '0', '3', '104004', '104004', '0', '0', '0', '0000-00-00'),
(260, 'Fenobarbital inj 50mg/ml', '2', '8', '', '', '30', '0', '0', '30', '1367', '1367', '0', '0', '5', '0000-00-00'),
(261, 'Fitbon tab', '2', '5', '', '', '1200', '0', '0', '1200', '1033', '1033', '0', '0', '0', '0000-00-00'),
(262, 'Flechter Liquid Powder', '2', '2', '', '', '5', '0', '0', '5', '80000', '80000', '0', '0', '1', '0000-00-00'),
(263, 'Fuji IX', '2', '2', '', '', '2', '0', '0', '2', '537954', '537954', '0', '0', '0', '0000-00-00'),
(264, 'Gentian Violet', '2', '4', '', '', '12', '0', '0', '12', '1262', '1262', '0', '0', '12', '0000-00-00'),
(265, 'Gliserin 100ml NBF', '2', '4', '', '', '10', '0', '0', '10', '5150', '5150', '0', '0', '0', '0000-00-00'),
(266, 'Griseofulvin tab 500mg', '2', '5', '', '', '600', '0', '0', '600', '1381', '1381', '0', '0', '100', '0000-00-00'),
(267, 'HCT tab', '2', '5', '', '', '3000', '0', '0', '3000', '31', '31', '2000', '0', '1000', '0000-00-00'),
(268, 'Hervis SM', '2', '9', '', '', '6', '0', '0', '6', '44943', '44943', '0', '0', '3', '0000-00-00'),
(269, 'Hidrogen Peroksida 50%', '2', '19', '', '', '1917', '0', '0', '1617', '34', '34', '0', '0', '800', '0000-00-00'),
(270, 'Hyoscine N-Butil Bromide inj', '2', '8', '', '', '20', '0', '0', '20', '9994', '9994', '10', '0', '5', '0000-00-00'),
(271, 'Hystolan tab 20mg', '2', '5', '', '', '100', '0', '0', '100', '1184', '1184', '0', '0', '0', '0000-00-00'),
(272, 'Hytroz tab 2mg', '2', '5', '', '', '100', '0', '0', '100', '6216', '6216', '0', '0', '0', '0000-00-00'),
(273, 'Illiadin TH', '2', '4', '', '', '12', '0', '0', '12', '47241', '47241', '0', '0', '1', '0000-00-00'),
(274, 'Interhistin tab', '2', '5', '', '', '700', '0', '0', '700', '630', '630', '0', '0', '100', '0000-00-00'),
(275, 'Interpril tab 5mg', '2', '5', '', '', '1050', '0', '0', '1050', '640', '640', '0', '0', '60', '0000-00-00'),
(276, 'Interpril tab 5mg', '2', '5', '', '', '1050', '0', '0', '1050', '640', '640', '0', '0', '90', '0000-00-00'),
(277, 'Inviclot inj', '2', '7', '', '', '20', '0', '0', '20', '64000', '64000', '0', '0', '0', '0000-00-00'),
(278, 'Ka En 3B Inf', '2', '13', '', '', '5', '0', '0', '5', '17317', '17317', '0', '0', '2', '0000-00-00'),
(279, 'KCl inj otsu', '2', '7', '', '', '68', '0', '0', '68', '3405', '3405', '30', '0', '10', '0000-00-00'),
(280, 'Ketoconazol tab 200mg', '2', '5', '', '', '250', '0', '0', '250', '420', '420', '0', '0', '50', '0000-00-00'),
(281, 'KTM inj', '2', '7', '', '', '33', '0', '0', '24', '199880', '199880', '0', '0', '5', '0000-00-00'),
(282, 'Larutan Lugol', '2', '4', '', '', '2', '0', '0', '2', '66364', '66364', '0', '0', '0', '0000-00-00'),
(283, 'Levemir Flexpen', '2', '20', '', '', '10', '0', '0', '10', '195230', '195230', '0', '0', '0', '0000-00-00'),
(284, 'Salep Levertaan', '2', '9', '', '', '22', '0', '0', '17', '2000', '2000', '0', '0', '5', '0000-00-00'),
(285, 'Garam Inggris', '2', '14', '', '', '30', '0', '0', '30', '1130', '1130', '0', '0', '10', '0000-00-00'),
(286, 'Magnesium Sulfat inj 40%', '2', '7', '', '', '80', '0', '0', '80', '6690', '6690', '40', '0', '20', '0000-00-00'),
(287, 'Manitol inf 20%', '2', '13', '', '', '40', '0', '0', '40', '59626', '59626', '20', '0', '0', '0000-00-00'),
(288, 'Martos inf', '2', '13', '', '', '60', '0', '0', '60', '55000', '55000', '0', '0', '0', '0000-00-00'),
(289, 'Medeblue', '2', '7', '', '', '8', '0', '0', '8', '59175', '59175', '0', '0', '5', '0000-00-00'),
(290, 'Meylon inj 8,4%', '2', '7', '', '', '280', '0', '0', '280', '12042', '12042', '0', '0', '10', '0000-00-00'),
(291, 'Moisderm cream', '2', '9', '', '', '15', '0', '0', '15', '19000', '19000', '0', '0', '5', '0000-00-00'),
(292, 'Fenitoin Natrium inj 50mg/ml', '2', '8', '', '', '10', '0', '0', '10', '5240', '5240', '0', '0', '5', '0000-00-00'),
(293, 'Nimotop inf 10mg/50ml', '2', '4', '', '', '2', '0', '0', '2', '311392', '311392', '0', '0', '1', '0000-00-00'),
(294, 'Nodiril tab 2mg', '2', '5', '', '', '1980', '0', '0', '1980', '2209', '2209', '1980', '0', '0', '0000-00-00'),
(295, 'Norelut tab 5mg', '2', '5', '', '', '150', '0', '0', '150', '3150', '3150', '150', '0', '50', '0000-00-00'),
(296, 'Nucholin inj', '2', '8', '', '', '110', '0', '0', '110', '21237', '21237', '0', '0', '25', '0000-00-00'),
(297, 'OBH Syrup ', '2', '4', '', '', '60', '0', '0', '60', '2372', '2372', '60', '0', '20', '0000-00-00'),
(298, 'OBP Syr', '2', '4', '', '', '72', '0', '0', '72', '2287', '2287', '24', '0', '24', '0000-00-00'),
(299, 'Obucort Swinghaler', '2', '4', '', '', '12', '0', '0', '12', '170125', '170125', '0', '0', '2', '0000-00-00'),
(300, 'OCO', '2', '4', '', '', '1', '0', '0', '1', '94440', '94440', '0', '0', '0', '0000-00-00'),
(301, 'Ondancer=tron tab 8mg', '2', '5', '', '', '60', '0', '0', '60', '5633', '5633', '0', '0', '0', '0000-00-00'),
(302, 'Pan Amin G inf', '2', '16', '', '', '24', '0', '0', '24', '52304', '52304', '0', '0', '0', '0000-00-00'),
(303, 'Paraformaldehid tab 1g', '2', '21', '', '', '1', '0', '0', '1', '71000', '71000', '0', '0', '0', '0000-00-00'),
(304, 'Penemac inj 1g', '2', '7', '', '', '8', '0', '0', '8', '156485', '156485', '2', '0', '2', '0000-00-00'),
(305, 'Pethidin inj', '2', '8', '', '', '283', '0', '0', '243', '12200', '12200', '0', '0', '30', '0000-00-00'),
(306, 'Pregnolin tab ', '2', '5', '', '', '250', '0', '0', '250', '3380', '3380', '0', '0', '50', '0000-00-00'),
(307, 'Primaquin tab', '2', '5', '', '', '1000', '0', '0', '1000', '137', '137', '0', '0', '0', '0000-00-00'),
(308, 'Probenid tab', '2', '5', '', '', '300', '0', '0', '300', '1430', '1430', '0', '0', '0', '0000-00-00'),
(309, 'Procain Benzyl Penicillin inj 3jut IU', '2', '7', '', '', '20', '0', '0', '20', '5367', '5367', '0', '0', '0', '0000-00-00'),
(310, 'Rivanol sol', '2', '4', '', '', '45', '0', '0', '45', '1380', '1380', '20', '0', '5', '0000-00-00'),
(311, 'Salicyl Talk 2%', '2', '14', '', '', '36', '0', '0', '36', '1239', '1239', '36', '0', '6', '0000-00-00'),
(312, 'Scabimit cream', '2', '9', '', '', '10', '0', '0', '10', '59850', '59850', '0', '0', '0', '0000-00-00'),
(313, 'Scopamin tab ', '2', '5', '', '', '300', '0', '0', '300', '1374', '1374', '0', '0', '0', '0000-00-00'),
(314, 'Simarc tab 2mg', '2', '5', '', '', '700', '0', '0', '700', '1880', '1880', '400', '0', '100', '0000-00-00'),
(315, 'Stesolid Rectal 5mg', '2', '17', '', '', '10', '0', '0', '10', '17335', '17335', '10', '0', '5', '0000-00-00'),
(316, 'Streptomycin inj 1g', '2', '7', '', '', '50', '0', '0', '50', '5444', '5444', '32', '0', '10', '0000-00-00'),
(317, 'Bayclin', '2', '6', '', '', '38', '0', '0', '15', '15780', '15780', '0', '0', '5', '0000-00-00'),
(318, 'Talkum', '2', '22', '', '', '20', '0', '0', '20', '5000', '5000', '0', '0', '0', '0000-00-00'),
(319, 'Tarontal inj 300mg', '2', '8', '', '', '16', '0', '0', '16', '37500', '37500', '0', '0', '4', '0000-00-00'),
(320, 'Tofranil tab 5mg', '2', '5', '', '', '200', '0', '0', '200', '10900', '10900', '100', '0', '0', '0000-00-00'),
(321, 'Tractrium inj 2,5ml', '2', '23', '', '', '10', '0', '0', '9', '183040', '183040', '0', '0', '1', '0000-00-00'),
(322, 'Tramadol inj ', '2', '8', '', '', '825', '0', '0', '825', '6499', '6499', '0', '0', '25', '0000-00-00'),
(323, 'Tria Timol 0,5%', '2', '4', '', '', '25', '0', '0', '25', '27854', '27854', '25', '0', '10', '0000-00-00'),
(324, 'Trifluoperazin tab 5mg', '2', '5', '', '', '3500', '0', '0', '3500', '775', '775', '0', '0', '500', '0000-00-00'),
(325, 'Trombo Aspilet', '2', '5', '', '', '2700', '0', '0', '2700', '801', '801', '0', '0', '120', '0000-00-00'),
(326, 'Tyarit inj', '2', '8', '', '', '15', '0', '0', '15', '28865', '28865', '0', '0', '5', '0000-00-00'),
(327, 'Tyarit tab', '2', '5', '', '', '120', '0', '0', '120', '5497', '5497', '120', '0', '60', '0000-00-00'),
(328, 'Urinter 400mg', '2', '12', '', '', '400', '0', '0', '400', '1500', '1500', '0', '0', '100', '0000-00-00'),
(329, 'Vaselin Album', '2', '22', '', '', '12', '0', '0', '12', '70000', '70000', '0', '0', '0', '0000-00-00'),
(330, 'Vastigo tab', '2', '5', '', '', '1200', '0', '0', '1200', '454', '454', '1200', '0', '0', '0000-00-00'),
(331, 'Vitamin A 20.000iu', '2', '5', '', '', '100', '0', '0', '100', '170', '170', '0', '0', '0', '0000-00-00'),
(332, 'Vitamin K3 inj', '2', '8', '', '', '200', '0', '0', '200', '1733', '1733', '0', '0', '100', '0000-00-00'),
(333, 'Apron', '5', '2', '', '', '300', '0', '0', '270', '550', '550', '0', '0', '50', '0000-00-00'),
(334, 'Aqua Sonic 5L', '5', '4', '', '', '1', '0', '0', '1', '656810', '656810', '0', '0', '1', '0000-00-00'),
(335, 'Aseptic Gel', '5', '4', '', '', '16', '0', '0', '1', '30800', '30800', '1', '0', '5', '0000-00-00'),
(336, 'Blood Set', '5', '2', '', '', '150', '0', '0', '150', '15015', '15015', '150', '0', '50', '0000-00-00'),
(337, 'Cat Gut Chromic 2/0 CGC 35', '5', '24', '', '', '1', '0', '0', '0', '1139292', '1139292', '0', '0', '0', '0000-00-00'),
(338, 'Cat Gut Chromic 2/0 CGC 35', '5', '24', '', '', '1', '0', '0', '1', '1139292', '1139292', '0', '0', '1', '0000-00-00'),
(339, 'Cat Gut Chromic 3/0 CGC 30', '5', '24', '', '', '1', '0', '0', '1', '1107216', '1107216', '0', '0', '1', '0000-00-00'),
(340, 'Cat Gut Chromic 0 CGC 40', '5', '24', '', '', '2', '0', '0', '2', '1065636', '1065636', '0', '0', '0', '0000-00-00'),
(341, 'Cat Gut Chromic 4 CGC 80', '5', '24', '', '', '1', '0', '0', '1', '730000', '730000', '0', '0', '0', '0000-00-00'),
(342, 'Cat Gut Plain 1 845T', '5', '26', '', '', '1', '0', '0', '0', '1355528', '1355528', '0', '0', '0', '0000-00-00'),
(343, 'Cat Gut Plain 2 CGP 60', '5', '24', '', '', '1', '0', '0', '1', '840000', '840000', '0', '0', '0', '0000-00-00'),
(344, 'Cat Gut Plain 3 CGP 70', '5', '24', '', '', '1', '0', '0', '1', '890000', '890000', '0', '0', '0', '0000-00-00'),
(345, 'Cat Gut Plain 3/0 318T', '5', '26', '', '', '2', '0', '0', '2', '1281000', '1281000', '0', '0', '0', '0000-00-00'),
(346, 'Cat Gut Plain 4/0 CGP 20', '5', '24', '', '', '2', '0', '0', '2', '926000', '926000', '0', '0', '0', '0000-00-00'),
(347, 'Chromic Gut 1 CG 925', '5', '25', '', '', '4', '0', '0', '4', '1972000', '1972000', '0', '0', '0', '0000-00-00'),
(348, 'Chromic Gut 3/0 GG 122', '5', '2', '', '', '57', '0', '0', '57', '48611', '48611', '0', '0', '36', '0000-00-00'),
(349, 'Chromic Gut 4/0 UG 203', '5', '2', '', '', '55', '0', '0', '55', '56222', '56222', '0', '0', '36', '0000-00-00'),
(350, 'Curaspon', '5', '28', '', '', '1', '0', '0', '1', '330000', '330000', '0', '0', '0', '0000-00-00'),
(351, 'Developer ', '5', '4', '', '', '2', '0', '0', '0', '990990', '990990', '0', '0', '2', '0000-00-00'),
(352, 'Dexon S 6/0 7538 11', '5', '2', '', '', '24', '0', '0', '24', '105936', '105936', '0', '0', '12', '0000-00-00'),
(353, 'Disposable Opthalmic Knife Cresent Knife', '5', '18', '', '', '1', '0', '0', '1', '660000', '660000', '0', '0', '1', '0000-00-00'),
(354, 'Disposable Opthalmic Knife Keratome Knife', '5', '28', '', '', '2', '0', '0', '1', '880000', '880000', '0', '0', '1', '0000-00-00'),
(355, 'Disposable Opthalmic Knife Stab Knife', '5', '28', '', '', '2', '0', '0', '2', '660000', '660000', '0', '0', '1', '0000-00-00'),
(356, 'ECG Elektroda', '5', '15', '', '', '4', '0', '0', '2', '106430', '106430', '0', '0', '2', '0000-00-00'),
(357, 'ECg Jelly', '5', '9', '', '', '1', '0', '0', '0', '63250', '63250', '0', '0', '2', '0000-00-00'),
(358, 'ECG Paper 30x50', '5', '24', '', '', '17', '0', '0', '16', '33000', '33000', '0', '0', '10', '0000-00-00'),
(359, 'ECG Paper Progetti', '5', '24', '', '', '5', '0', '0', '-2', '148500', '148500', '0', '0', '5', '0000-00-00'),
(360, 'ECG Paper Super', '5', '24', '', '', '2', '0', '0', '2', '129800', '129800', '0', '0', '0', '0000-00-00'),
(361, 'ECG Paper UK 80mm', '5', '24', '', '', '39', '0', '0', '36', '70000', '70000', '0', '0', '5', '0000-00-00'),
(362, 'ECG Paper Welch Allyn', '5', '2', '', '', '2', '0', '0', '-2', '2970000', '2970000', '0', '0', '0', '0000-00-00'),
(363, 'EEG Jelly', '5', '9', '', '', '4', '0', '0', '4', '51000', '51000', '0', '0', '1', '0000-00-00'),
(364, 'Endo Tracheal Tube w/ Cuffed Murphy', '5', '2', '', '', '20', '0', '0', '20', '35000', '35000', '0', '0', '2', '0000-00-00'),
(365, 'Ethilon 8/0 1716G', '5', '27', '', '', '1', '0', '0', '1', '618000', '618000', '0', '0', '0', '0000-00-00'),
(366, 'Eye Drape 100x70', '5', '2', '', '', '25', '0', '0', '25', '46000', '46000', '0', '0', '10', '0000-00-00'),
(367, 'Fixer', '5', '4', '', '', '2', '0', '0', '0', '612018', '612018', '0', '0', '2', '0000-00-00'),
(368, 'Folley Catheter 10', '5', '2', '', '', '3', '0', '0', '3', '28956', '28956', '0', '0', '1', '0000-00-00'),
(369, 'Folley Catheter 12', '5', '2', '', '', '5', '0', '0', '5', '10000', '10000', '0', '0', '2', '0000-00-00'),
(370, 'Folley Catheter 16', '5', '2', '', '', '200', '50', '0', '250', '14813', '18712', '100', '0', '50', '2016-09-01'),
(371, 'Folley Catheter 18', '5', '2', '', '', '100', '0', '0', '100', '10000', '10000', '0', '0', '20', '0000-00-00'),
(372, 'Folley Catheter 8', '5', '2', '', '', '2', '0', '0', '2', '75900', '75900', '0', '0', '1', '0000-00-00'),
(373, 'Folley Catheter Triway 22', '5', '2', '', '', '3', '0', '0', '3', '42000', '42000', '0', '0', '2', '0000-00-00'),
(374, 'Folley Catheter Triway 24', '5', '2', '', '', '14', '0', '0', '14', '42000', '42000', '0', '0', '2', '0000-00-00'),
(375, 'Kasa Hydrphylle 36x80cm Dwipa Original', '5', '2', '', '', '21', '0', '0', '0', '122000', '122000', '0', '0', '10', '0000-00-00'),
(376, 'Gelang Bayi dan Ibu', '5', '28', '', '', '7', '0', '0', '3', '101000', '101000', '0', '0', '2', '0000-00-00'),
(377, 'Gipsona 3"', '5', '24', '', '', '10', '0', '0', '10', '19000', '19000', '0', '0', '4', '0000-00-00'),
(378, 'Gipsona 4"', '5', '24', '', '', '48', '0', '0', '48', '35000', '35000', '0', '0', '8', '0000-00-00'),
(379, 'Gipsona 6"', '5', '24', '', '', '72', '0', '0', '72', '45000', '45000', '0', '0', '8', '0000-00-00'),
(380, 'Guedel Airway', '5', '2', '', '', '21', '0', '0', '21', '24000', '24000', '0', '0', '4', '0000-00-00'),
(381, 'Handscoon Non Steril', '5', '28', '', '', '9', '0', '0', '0', '49500', '49500', '0', '0', '10', '0000-00-00'),
(382, 'Handscoon Gynecologi', '5', '29', '', '', '25', '0', '0', '20', '15950', '15950', '0', '0', '5', '0000-00-00'),
(383, 'Handscoon Steril', '5', '29', '', '', '375', '0', '0', '0', '9900', '9900', '0', '0', '320', '0000-00-00'),
(384, 'Infusset Adult', '5', '2', '', '', '100', '0', '0', '100', '9075', '9075', '100', '0', '150', '0000-00-00'),
(385, 'Infusset  For Pump', '5', '2', '', '', '15', '0', '0', '15', '33000', '33000', '0', '0', '2', '0000-00-00'),
(386, 'Infusset Paed', '5', '2', '', '', '50', '0', '0', '50', '12705', '12705', '50', '0', '50', '0000-00-00'),
(387, 'Internal Chemical Indikator Strip For Steam Steril', '5', '28', '', '', '5', '0', '0', '5', '340000', '340000', '0', '0', '0', '0000-00-00'),
(388, 'IV Catheter 18', '5', '2', '', '', '900', '0', '0', '900', '8500', '8500', '50', '0', '50', '0000-00-00'),
(389, 'IV Catheter 20', '5', '2', '', '', '450', '0', '0', '450', '14652', '14652', '400', '0', '100', '0000-00-00'),
(390, 'IV Catheter 22', '5', '2', '', '', '1300', '0', '0', '1300', '8500', '8500', '100', '0', '50', '0000-00-00'),
(391, 'IV Catheter 24', '5', '2', '', '', '200', '0', '0', '200', '14652', '14652', '100', '0', '50', '0000-00-00'),
(392, 'Jarum Akupuntur Huanqiu 0,20x13', '5', '30', '', '', '5', '0', '0', '5', '20905', '20905', '0', '0', '10', '0000-00-00'),
(393, 'Jarum Akupuntur Huanqiu 0,25x25', '5', '30', '', '', '20', '0', '0', '20', '19000', '19000', '0', '0', '5', '0000-00-00'),
(394, 'Jarum Akupuntur Huanqiu 0,25x40', '5', '30', '', '', '95', '0', '0', '95', '20905', '20905', '0', '0', '5', '0000-00-00'),
(395, 'Kabel EEG', '5', '28', '', '', '1', '0', '0', '1', '5280000', '5280000', '0', '0', '0', '0000-00-00'),
(396, 'Kapasari 30900', '5', '22', '', '', '4', '0', '0', '0', '89892', '89892', '0', '0', '5', '0000-00-00'),
(397, 'Kertas Lakmus', '5', '2', '', '', '1', '0', '0', '1', '12320', '12320', '0', '0', '0', '0000-00-00'),
(398, 'Laryngeal Mask', '5', '2', '', '', '6', '0', '0', '6', '168300', '168300', '0', '0', '1', '0000-00-00'),
(399, 'Leucofix 2136', '5', '24', '', '', '9', '0', '0', '9', '17000', '17000', '0', '0', '0', '0000-00-00'),
(400, 'Leukoplast 3x5 1625H', '5', '24', '', '', '39', '0', '0', '4', '36300', '36300', '0', '0', '10', '0000-00-00'),
(401, 'Masker', '5', '28', '', '', '48', '0', '0', '0', '26400', '26400', '0', '0', '10', '0000-00-00'),
(402, 'Masker Nebulizer', '5', '2', '', '', '35', '0', '0', '35', '43450', '43450', '19', '0', '10', '0000-00-00'),
(403, 'Masker NRM', '5', '2', '', '', '7', '0', '0', '7', '42350', '42350', '5', '0', '5', '0000-00-00'),
(404, 'Mersilk 5/0 W 580', '5', '27', '', '', '1', '0', '0', '1', '653994', '653994', '0', '0', '0', '0000-00-00'),
(405, 'Mersilk 7/0 W 1814', '5', '27', '', '', '1', '0', '0', '1', '1516482', '1516842', '0', '0', '0', '0000-00-00'),
(406, 'Mess Blade 11', '5', '30', '', '', '3', '0', '0', '1', '160000', '160000', '0', '0', '1', '0000-00-00'),
(407, 'Mess Blade 15', '5', '30', '', '', '3', '0', '0', '3', '160000', '160000', '0', '0', '1', '0000-00-00'),
(408, 'Mess Blade 22', '5', '30', '', '', '7', '0', '0', '6', '176000', '176000', '0', '0', '1', '0000-00-00'),
(409, 'Mouthpiece', '5', '2', '', '', '20', '0', '0', '20', '17600', '17600', '0', '0', '0', '0000-00-00'),
(410, 'Nald Hecting', '5', '31', '', '', '81', '0', '0', '74', '63000', '63000', '0', '0', '0', '0000-00-00'),
(411, 'Nasal Oxygen', '5', '2', '', '', '32', '0', '0', '32', '11000', '11000', '16', '0', '30', '0000-00-00'),
(412, 'Needle 23', '5', '2', '', '', '300', '0', '0', '300', '849', '849', '0', '0', '0', '0000-00-00'),
(413, 'Needle 24', '5', '2', '', '', '200', '0', '0', '200', '700', '700', '0', '0', '0', '0000-00-00'),
(414, 'Nelaton Catheter', '5', '2', '', '', '49', '0', '0', '49', '8179', '8179', '0', '0', '0', '0000-00-00'),
(415, 'Nurse Cup', '5', '28', '', '', '16', '0', '0', '12', '38940', '38940', '0', '0', '5', '0000-00-00'),
(416, 'Paraformaldehid tab 1g', '5', '21', '', '', '2', '0', '0', '2', '71000', '71000', '0', '0', '0', '0000-00-00'),
(417, 'Polysorb 2/0 SL 823', '5', '25', '', '', '2', '0', '0', '2', '2815000', '2815000', '0', '0', '0', '0000-00-00'),
(418, 'Polysorb 3/0 SL 693', '5', '25', '', '', '2', '0', '0', '2', '2230000', '2230000', '0', '0', '0', '0000-00-00'),
(419, 'Polysorb 3/0 GL 122', '5', '25', '', '', '1', '0', '0', '1', '2310000', '2310000', '0', '0', '0', '0000-00-00'),
(420, 'Polysorb 0 CL 812', '5', '25', '', '', '1', '0', '0', '0', '3366000', '3366000', '0', '0', '0', '0000-00-00'),
(421, 'Pre Asambled Disposible Bowie dick', '5', '28', '', '', '1', '0', '0', '1', '2058408', '2058408', '0', '0', '0', '0000-00-00'),
(422, 'Sendok Takar', '5', '2', '', '', '500', '0', '0', '500', '500', '500', '0', '0', '0', '0000-00-00'),
(423, 'Silk Black 5/0 C00764124', '5', '25', '', '', '1', '0', '0', '1', '1858982', '1858982', '0', '0', '0', '0000-00-00'),
(424, 'Silkam 2 C00760633', '5', '2', '', '', '10', '0', '0', '10', '71796', '71796', '0', '0', '0', '0000-00-00'),
(425, 'Softbad 4"', '5', '24', '', '', '42', '0', '0', '42', '16000', '16000', '0', '0', '2', '0000-00-00'),
(426, 'Softbad 6"', '5', '24', '', '', '30', '0', '0', '30', '30000', '30000', '0', '0', '2', '0000-00-00'),
(427, 'Sofsilk 6/0 SS 681', '5', '25', '', '', '1', '0', '0', '1', '2376118', '2376118', '0', '0', '0', '0000-00-00'),
(428, 'Softbad 3"', '5', '24', '', '', '10', '0', '0', '10', '12000', '12000', '0', '0', '2', '0000-00-00'),
(429, 'Sonde 12 (Stomach Tube)', '5', '2', '', '', '40', '0', '0', '40', '13424', '13424', '0', '0', '10', '0000-00-00');
INSERT INTO `obat` (`id_obat`, `nama_obat`, `id_kategori_obat`, `id_satuan_obat`, `keterangan`, `tipe_apotik`, `stok_awal`, `stok_beli`, `stok_jual`, `stok_akhir`, `harga_beli`, `harga_jual`, `stok_rs`, `stok_pelengkap`, `min_order`, `kadaluarsa`) VALUES
(430, 'Sonde 16 (Stomach Tube)', '5', '2', '', '', '10', '0', '0', '10', '14850', '14850', '10', '0', '10', '0000-00-00'),
(431, 'Sonde 18 (Stomach Tube)', '5', '2', '', '', '4', '0', '0', '4', '14850', '14850', '0', '0', '5', '0000-00-00'),
(432, 'Sonde 3.5 ( Feeding Tube)', '5', '2', '', '', '5', '0', '0', '5', '13700', '13700', '0', '0', '0', '0000-00-00'),
(433, 'Spinal Needle 27', '5', '2', '', '', '50', '0', '0', '15', '28000', '28000', '0', '0', '25', '0000-00-00'),
(434, 'Spinal Needle 25', '5', '2', '', '', '50', '0', '0', '50', '28000', '28000', '0', '0', '0', '0000-00-00'),
(435, 'Spinal Needle 25', '5', '2', '', '', '50', '0', '0', '50', '28000', '28000', '0', '0', '0', '0000-00-00'),
(436, 'Spinal Needle 27', '1', '2', '', '', '35', '0', '0', '35', '26400', '26400', '0', '0', '25', '0000-00-00'),
(437, 'Spongostan ', '5', '28', '', '', '2', '0', '0', '1', '312000', '312000', '0', '0', '0', '0000-00-00'),
(438, 'Spuit 1cc Terumo', '5', '30', '', '', '3', '0', '0', '3', '264000', '264000', '3', '0', '100', '0000-00-00'),
(439, 'Spuit 10cc Stera', '5', '2', '', '', '1400', '0', '0', '1400', '1287', '1287', '1000', '0', '400', '0000-00-00'),
(440, 'Spuit 10cc Terumo', '5', '2', '', '', '100', '0', '0', '100', '3069', '3069', '100', '0', '100', '0000-00-00'),
(441, 'Spuit 20cc Terumo', '5', '2', '', '', '50', '0', '0', '50', '5280', '5280', '0', '0', '50', '0000-00-00'),
(442, 'Spuit 3cc Stera', '5', '2', '', '', '3600', '0', '0', '3600', '660', '660', '3600', '0', '2400', '0000-00-00'),
(443, 'Spuit 5cc Stera', '5', '2', '', '', '1600', '0', '0', '1600', '759', '759', '1600', '0', '800', '0000-00-00'),
(444, 'Spuit 5cc Terumo', '5', '2', '', '', '100', '0', '0', '100', '2310', '2310', '0', '0', '100', '0000-00-00'),
(445, 'Spuit 50ccLubang Tepi', '5', '2', '', '', '40', '0', '0', '40', '12000', '12000', '0', '0', '0', '0000-00-00'),
(446, 'Steri Duo Eco Roll Flat 10cmx200cm', '5', '24', '', '', '1', '0', '0', '0', '531000', '531000', '0', '0', '0', '0000-00-00'),
(447, 'Surgipro 4/0 VP 871x', '5', '25', '', '', '1', '0', '0', '1', '4285000', '4285000', '0', '0', '0', '0000-00-00'),
(448, 'Surgipro 0 CP 434', '5', '25', '', '', '2', '0', '0', '2', '2573000', '2573000', '0', '0', '0', '0000-00-00'),
(449, 'Surgipro 2/0 SP 685', '5', '25', '', '', '1', '0', '0', '1', '2738579', '2738579', '0', '0', '0', '0000-00-00'),
(450, 'Surgipro 5/0 VP 710x', '5', '25', '', '', '1', '0', '0', '1', '4820000', '4820000', '0', '0', '0', '0000-00-00'),
(451, 'Surgipro 6/0 SP 660', '5', '25', '', '', '1', '0', '0', '1', '2744000', '2744000', '0', '0', '0', '0000-00-00'),
(452, 'Tensocrepe 3"', '5', '24', '', '', '10', '0', '0', '10', '35000', '35000', '0', '0', '2', '0000-00-00'),
(453, 'Tensocrepe 6"', '5', '24', '', '', '14', '0', '0', '14', '79162', '79162', '0', '0', '2', '0000-00-00'),
(454, 'Thorac Catheter 28', '5', '2', '', '', '7', '0', '0', '7', '199000', '199000', '0', '0', '2', '0000-00-00'),
(455, 'Three Way Berbuntut', '5', '2', '', '', '48', '0', '0', '48', '21100', '21100', '0', '0', '5', '0000-00-00'),
(456, 'Three Way Stop Cock', '5', '2', '', '', '20', '0', '0', '20', '17000', '17000', '0', '0', '10', '0000-00-00'),
(457, 'Ultrafix', '5', '24', '', '', '50', '0', '0', '50', '10000', '10000', '0', '0', '5', '0000-00-00'),
(458, 'Urine Bag', '5', '2', '', '', '400', '0', '0', '400', '4235', '4235', '100', '0', '50', '0000-00-00'),
(459, 'USG Jelly', '5', '4', '', '', '5', '0', '0', '3', '55000', '55000', '0', '0', '3', '0000-00-00'),
(460, 'USG Paper 110 HA Sony', '5', '24', '', '', '2', '0', '0', '1', '254100', '254100', '0', '0', '2', '0000-00-00'),
(461, 'Vicryl 2 W 9246', '5', '27', '', '', '1', '0', '0', '1', '672000', '672000', '0', '0', '0', '0000-00-00'),
(462, 'Vicryl 2/0 W 9121', '5', '27', '', '', '1', '0', '0', '1', '845000', '845000', '0', '0', '0', '0000-00-00'),
(463, 'Wing Needle 27', '5', '2', '', '', '200', '0', '0', '200', '7000', '7000', '20', '0', '20', '0000-00-00'),
(464, 'Zyde 2 SLB 50', '5', '24', '', '', '2', '0', '0', '2', '430000', '430000', '0', '0', '0', '0000-00-00'),
(465, 'Zyde 2/0 SLB 30', '5', '24', '', '', '2', '0', '0', '1', '446000', '446000', '0', '0', '1', '0000-00-00'),
(466, 'Zyde 4/0 SLB 30', '5', '24', '', '', '1', '0', '0', '1', '518760', '518760', '0', '0', '0', '0000-00-00'),
(467, 'Zyde 4/0 SLB 15', '5', '24', '', '', '1', '0', '0', '1', '518760', '518760', '0', '0', '0', '0000-00-00'),
(468, 'Zyde 5/0 SLB 10', '5', '24', '', '', '1', '0', '0', '1', '348000', '348000', '0', '0', '0', '0000-00-00'),
(469, 'Aminofusin Hepar Askes', '4', '2', '', '', '3', '0', '0', '3', '84000', '84000', '3', '0', '4', '0000-00-00'),
(470, 'Aminophyllin tab 200mg', '4', '5', '', '', '1100', '0', '0', '1100', '100', '100', '1100', '0', '0', '0000-00-00'),
(471, 'Amitriptyllin tab 25mg Askes', '1', '2', '', '', '2500', '0', '0', '2500', '113', '113', '1300', '0', '500', '0000-00-00'),
(472, 'Antasida DOEN syrup', '4', '4', '', '', '48', '0', '0', '48', '3000', '3000', '48', '0', '0', '0000-00-00'),
(473, 'Anxibloc tab 10mg', '4', '5', '', '', '200', '0', '0', '200', '1000', '1000', '200', '0', '0', '0000-00-00'),
(474, 'Apazol tab 0,5mg', '4', '5', '', '', '100', '0', '0', '100', '325', '325', '100', '0', '0', '0000-00-00'),
(475, 'Aspilet tab', '4', '5', '', '', '700', '0', '0', '700', '193', '193', '700', '0', '0', '0000-00-00'),
(476, 'Bamgetol 200mg', '4', '5', '', '', '1600', '0', '0', '1600', '260', '260', '1600', '0', '0', '0000-00-00'),
(477, 'CTM tab 4mg', '4', '5', '', '', '8000', '0', '2', '7998', '21', '21', '-2', '0', '0', '0000-00-00'),
(478, 'Calsium Gluconat inj 10%', '4', '8', '', '', '24', '0', '0', '24', '8300', '8300', '0', '0', '0', '0000-00-00'),
(479, 'Cameloc 15mg tab', '4', '5', '', '', '100', '0', '0', '100', '440', '440', '100', '0', '0', '0000-00-00'),
(480, 'Cameloc 7,5mg tab', '4', '5', '', '', '250', '0', '0', '250', '500', '500', '250', '0', '0', '0000-00-00'),
(481, 'Canderin tab 8mg', '4', '5', '', '', '150', '0', '0', '150', '3300', '3300', '150', '0', '0', '0000-00-00'),
(482, 'Captopril tab 50mg ', '4', '5', '', '', '100', '0', '0', '100', '135', '135', '0', '0', '0', '0000-00-00'),
(483, 'Carbo Glycerin TT', '4', '4', '', '', '72', '0', '0', '72', '5000', '5000', '0', '0', '0', '0000-00-00'),
(484, 'Cendo Lyteers', '4', '4', '', '', '100', '0', '0', '100', '17250', '17250', '0', '0', '0', '0000-00-00'),
(485, 'Tria Timol 0,5%', '4', '4', '', '', '10', '0', '0', '10', '23300', '23300', '10', '0', '0', '0000-00-00'),
(486, 'Cetirizin 10mg kap', '4', '12', '', '', '50', '0', '0', '50', '250', '250', '50', '0', '0', '0000-00-00'),
(487, 'Klorpromazin tab 100mg', '4', '5', '', '', '250', '0', '0', '250', '225', '225', '250', '0', '0', '0000-00-00'),
(488, 'Combiflex Peri', '4', '16', '', '', '10', '5', '0', '15', '211750', '211750', '10', '0', '0', '2015-04-07'),
(489, 'Cotrimoxazol tab 480mg', '4', '5', '', '', '1000', '0', '0', '1000', '135', '135', '0', '0', '0', '0000-00-00'),
(490, 'Dextrose 10%inf ', '4', '13', '', '', '80', '0', '0', '80', '5500', '5500', '20', '0', '0', '0000-00-00'),
(491, 'Dextrose 5%inf ', '4', '13', '', '', '20', '0', '0', '20', '4895', '4895', '20', '0', '0', '0000-00-00'),
(492, 'Dexanta tab', '4', '5', '', '', '200', '0', '0', '200', '135', '135', '200', '0', '0', '0000-00-00'),
(493, 'Dextromethorpan tab 15mg', '4', '5', '', '', '300', '0', '0', '300', '90', '90', '300', '0', '0', '0000-00-00'),
(494, 'Dextrose 40% inj', '4', '7', '', '', '5', '0', '0', '5', '1980', '1980', '0', '0', '0', '0000-00-00'),
(495, 'Diaversa tab 4mg', '4', '5', '', '', '50', '0', '0', '50', '1500', '1500', '50', '0', '0', '0000-00-00'),
(496, 'Digoxin tab 0,25mg', '4', '5', '', '', '600', '0', '0', '600', '130', '130', '0', '0', '0', '0000-00-00'),
(497, 'Doburan inj', '4', '8', '', '', '5', '0', '0', '5', '33000', '33000', '5', '0', '0', '0000-00-00'),
(498, 'Dulcolax Supp 5mg', '4', '10', '', '', '12', '0', '0', '12', '10000', '10000', '0', '0', '0', '0000-00-00'),
(499, 'Dulcolax Supp 10mg', '4', '10', '', '', '50', '0', '0', '50', '10550', '10550', '50', '0', '0', '0000-00-00'),
(500, 'Eclid tab 50mg', '4', '5', '', '', '250', '0', '0', '250', '975', '975', '250', '0', '0', '0000-00-00'),
(501, 'Enystin Drop', '4', '4', '', '', '20', '0', '0', '20', '19300', '19300', '16', '0', '0', '0000-00-00'),
(502, 'Ephedrin tab 25mg', '4', '5', '', '', '250', '0', '0', '250', '51', '51', '0', '0', '0', '0000-00-00'),
(503, 'Ericaf tab', '4', '5', '', '', '30', '0', '0', '30', '2500', '2500', '0', '0', '0', '0000-00-00'),
(504, 'Erythromicin kap 250mg', '4', '12', '', '', '360', '0', '0', '360', '400', '400', '0', '0', '0', '0000-00-00'),
(505, 'Etambutol tab 500mg', '4', '5', '', '', '600', '0', '0', '600', '440', '440', '500', '0', '0', '0000-00-00'),
(506, 'Farsorbid 5mg', '4', '5', '', '', '500', '0', '0', '500', '85', '85', '500', '0', '0', '0000-00-00'),
(507, 'Fimahes inf', '4', '16', '', '', '25', '0', '0', '25', '52000', '52000', '10', '0', '0', '0000-00-00'),
(508, 'Furosemid tab 40mg', '4', '5', '', '', '300', '0', '0', '300', '90', '90', '300', '0', '0', '0000-00-00'),
(509, 'Fuson cream', '4', '9', '', '', '8', '0', '0', '8', '7590', '7590', '0', '0', '0', '0000-00-00'),
(510, 'Gastrofer inj', '4', '7', '', '', '120', '0', '0', '120', '71500', '71500', '120', '0', '0', '0000-00-00'),
(511, 'Gentamicin TM', '4', '4', '', '', '10', '0', '0', '10', '3000', '3000', '0', '0', '0', '0000-00-00'),
(512, 'Glaucon tab', '4', '5', '', '', '200', '0', '1', '199', '1800', '1800', '-1', '0', '0', '0000-00-00'),
(513, 'Gliceril Guayacolat', '4', '5', '', '', '2000', '0', '0', '2000', '32', '32', '0', '0', '0', '0000-00-00'),
(514, 'Haloperidol tab 0.5mg ', '4', '5', '', '', '800', '0', '0', '800', '60', '60', '0', '0', '0', '0000-00-00'),
(515, 'Haloperidol tab 5mg', '4', '5', '', '', '500', '0', '0', '500', '122', '122', '500', '0', '0', '0000-00-00'),
(516, 'Herbesser CD 200mg', '4', '12', '', '', '200', '0', '0', '200', '4380', '4380', '0', '0', '0', '0000-00-00'),
(517, 'Hervis SM', '4', '9', '', '', '3', '0', '0', '3', '32000', '32000', '0', '0', '0', '0000-00-00'),
(518, 'Human Albumin 20% 50ml', '4', '4', '', '', '1', '0', '0', '1', '414000', '414000', '1', '0', '0', '0000-00-00'),
(519, 'Hystolan tab 20mg', '4', '5', '', '', '50', '0', '0', '50', '3200', '3200', '0', '0', '0', '0000-00-00'),
(520, 'Hytroz tab 1mg', '4', '5', '', '', '100', '0', '0', '100', '2950', '2950', '100', '0', '0', '0000-00-00'),
(521, 'Hytroz tab 2mg', '4', '5', '', '', '100', '0', '0', '100', '5200', '5200', '0', '0', '0', '0000-00-00'),
(522, 'Ibuprofen tab 400mg ', '4', '5', '', '', '1400', '0', '0', '1400', '100', '100', '0', '0', '0', '0000-00-00'),
(523, 'Induxin inj', '4', '8', '', '', '50', '0', '0', '50', '2200', '2200', '50', '0', '0', '0000-00-00'),
(524, 'Inerson Cream', '4', '9', '', '', '10', '0', '0', '10', '15000', '15000', '10', '0', '0', '0000-00-00'),
(525, 'Isoniazid tab 100mg', '4', '5', '', '', '5000', '0', '0', '5000', '55', '55', '5000', '0', '0', '0000-00-00'),
(526, 'Ka En 3B Inf', '4', '13', '', '', '4', '0', '0', '4', '10250', '10250', '0', '0', '0', '0000-00-00'),
(527, 'Kalnex tab 500mg', '4', '5', '', '', '700', '0', '0', '700', '825', '825', '700', '0', '0', '0000-00-00'),
(528, 'Kalxetin 10mg', '4', '12', '', '', '30', '0', '0', '30', '650', '650', '30', '0', '0', '0000-00-00'),
(529, 'Ketoconazol tab 200mg', '4', '5', '', '', '50', '0', '0', '50', '330', '330', '50', '0', '0', '0000-00-00'),
(530, 'Ketorolac tab 10mg', '4', '5', '', '', '240', '0', '0', '240', '2000', '2000', '0', '0', '0', '0000-00-00'),
(531, 'KSR tab', '4', '5', '', '', '200', '0', '0', '200', '1850', '1850', '200', '0', '0', '0000-00-00'),
(532, 'Leparson tab', '4', '5', '', '', '500', '0', '0', '500', '2100', '2100', '500', '0', '0', '0000-00-00'),
(533, 'Lipovudin', '4', '4', '', '', '10', '5', '0', '15', '98000', '98000', '10', '0', '0', '2015-04-07'),
(534, 'Maintate 2,5mg', '4', '5', '', '', '300', '0', '0', '300', '1900', '1900', '300', '0', '0', '0000-00-00'),
(535, 'Metherinal tab', '4', '5', '', '', '100', '0', '0', '100', '330', '330', '100', '0', '0', '0000-00-00'),
(536, 'Methyl Prednisolon inj 125mg', '4', '7', '', '', '40', '0', '0', '40', '26000', '26000', '40', '0', '0', '0000-00-00'),
(537, 'Metronidazol tab 500mg', '4', '5', '', '', '600', '0', '0', '600', '165', '165', '600', '0', '0', '0000-00-00'),
(538, 'MST Continus', '4', '5', '', '', '60', '0', '0', '60', '15620', '15620', '0', '0', '0', '0000-00-00'),
(539, 'Mucogard Syr', '4', '4', '', '', '75', '0', '0', '75', '22750', '22750', '75', '0', '0', '0000-00-00'),
(540, 'Nerilon Cream', '4', '9', '', '', '2', '0', '0', '2', '14000', '14000', '0', '0', '0', '0000-00-00'),
(541, 'Nifedipin tab', '4', '5', '', '', '500', '0', '0', '500', '100', '100', '200', '0', '0', '0000-00-00'),
(542, 'Noperten tab 10mg', '4', '5', '', '', '60', '0', '0', '60', '920', '920', '60', '0', '0', '0000-00-00'),
(543, 'Noperten tab 5mg', '4', '5', '', '', '90', '0', '0', '90', '535', '535', '90', '0', '0', '0000-00-00'),
(544, 'Novomix Flexpen', '4', '20', '', '', '5', '0', '0', '5', '117000', '117000', '0', '0', '0', '0000-00-00'),
(545, 'Novorapid Flexpen', '4', '20', '', '', '25', '0', '0', '25', '102000', '102000', '25', '0', '0', '0000-00-00'),
(546, 'Obucort Swinghaler', '4', '4', '', '', '2', '0', '0', '2', '112500', '112500', '0', '0', '0', '0000-00-00'),
(547, 'Ondancetron inj 4mg', '4', '8', '', '', '60', '0', '0', '60', '3550', '3550', '0', '0', '0', '0000-00-00'),
(548, 'Onzapin tab 10mg', '4', '5', '', '', '56', '0', '0', '56', '16750', '16750', '56', '0', '0', '0000-00-00'),
(549, 'Oralit', '4', '14', '', '', '300', '0', '0', '300', '350', '350', '100', '0', '0', '0000-00-00'),
(550, 'Pan Amin inf', '4', '16', '', '', '24', '0', '0', '24', '40000', '40000', '24', '0', '0', '0000-00-00'),
(551, 'Fenitoin Natrium inj 50mg/ml', '4', '8', '', '', '10', '0', '0', '10', '24000', '24000', '0', '0', '0', '0000-00-00'),
(552, 'Prednison tab 5mg', '4', '5', '', '', '1500', '0', '0', '1500', '90', '90', '0', '0', '0', '0000-00-00'),
(553, 'Pro Infark inj', '4', '8', '', '', '5', '0', '0', '5', '12613', '12613', '5', '0', '0', '0000-00-00'),
(554, 'Propanolol tab 10mg', '4', '5', '', '', '300', '0', '0', '300', '70', '70', '300', '0', '0', '0000-00-00'),
(555, 'PTU tab 100mg ', '4', '5', '', '', '400', '0', '0', '400', '291', '291', '400', '0', '0', '0000-00-00'),
(556, 'Pyrazinamid tab 500mg ', '4', '5', '', '', '200', '0', '0', '200', '205', '205', '200', '0', '0', '0000-00-00'),
(557, 'Ramixal tab 10mg', '4', '5', '', '', '90', '0', '0', '90', '3100', '3100', '90', '0', '0', '0000-00-00'),
(558, 'Ranitidin tab 150mg', '4', '5', '', '', '1000', '0', '0', '1000', '140', '140', '1000', '0', '0', '0000-00-00'),
(559, 'Rifampicin kap 450mg', '4', '12', '', '', '300', '0', '0', '300', '600', '600', '300', '0', '0', '0000-00-00'),
(560, 'Rimactazid Paed', '4', '5', '', '', '50', '0', '0', '50', '2000', '2000', '0', '0', '0', '0000-00-00'),
(561, 'Rimcure Paed', '4', '5', '', '', '60', '0', '0', '60', '2200', '2200', '0', '0', '0', '0000-00-00'),
(562, 'Scabimite Cream', '4', '9', '', '', '3', '0', '0', '3', '11475', '11475', '0', '0', '0', '0000-00-00'),
(563, 'Serum ABU', '4', '7', '', '', '2', '0', '0', '2', '382000', '382000', '0', '0', '0', '0000-00-00'),
(564, 'Grahabion tab', '4', '5', '', '', '2000', '0', '0', '2000', '250', '250', '0', '0', '0', '0000-00-00'),
(565, 'Sotatic inj', '4', '5', '', '', '20', '0', '0', '20', '2500', '2500', '0', '0', '0', '0000-00-00'),
(566, 'Spironolacton tab 25mg', '4', '5', '', '', '200', '0', '0', '200', '340', '340', '200', '0', '0', '0000-00-00'),
(567, 'Spiriva Refill', '4', '12', '', '', '2', '0', '0', '2', '14500', '14500', '2', '0', '0', '0000-00-00'),
(568, 'Spironolacton tab 100mg', '4', '5', '', '', '300', '0', '0', '300', '950', '950', '300', '0', '0', '0000-00-00'),
(569, 'Stesolid inj 10mg/2ml', '4', '8', '', '', '35', '0', '0', '35', '4000', '4000', '0', '0', '0', '0000-00-00'),
(570, 'Tamoksifen tab 20mg', '4', '5', '', '', '30', '0', '0', '30', '2100', '2100', '0', '0', '0', '0000-00-00'),
(571, 'Tanapress tab 5mg', '4', '5', '', '', '100', '0', '0', '100', '2880', '2880', '100', '0', '0', '0000-00-00'),
(572, 'Tevox inf', '4', '4', '', '', '6', '0', '0', '6', '64000', '64000', '6', '0', '0', '0000-00-00'),
(573, 'Tilsan tab 25mg', '4', '5', '', '', '100', '0', '0', '100', '1500', '1500', '100', '0', '0', '0000-00-00'),
(574, 'Triofusin', '4', '4', '', '', '4', '12', '0', '16', '49400', '49400', '4', '0', '0', '2016-09-01'),
(575, 'Trunal DX', '4', '12', '', '', '240', '0', '0', '240', '250', '250', '0', '0', '0', '0000-00-00'),
(576, 'Tyarit inj', '4', '8', '', '', '10', '0', '0', '10', '16500', '16500', '0', '0', '0', '0000-00-00'),
(577, 'Tyarit tab', '4', '5', '', '', '30', '0', '0', '30', '1525', '1525', '30', '0', '0', '0000-00-00'),
(578, 'Ulsidex tab', '4', '5', '', '', '800', '0', '0', '800', '385', '385', '800', '0', '0', '0000-00-00'),
(579, 'Urinter 400mg', '4', '12', '', '', '300', '0', '0', '300', '2000', '2000', '100', '0', '0', '0000-00-00'),
(580, 'Vaclo', '4', '5', '', '', '150', '0', '0', '150', '4000', '4000', '150', '0', '0', '0000-00-00'),
(581, 'Valsartan tab 80mg', '4', '5', '', '', '150', '0', '40', '110', '4000', '4000', '-20', '0', '0', '0000-00-00'),
(582, 'Ventolin Inhaler', '4', '28', '', '', '7', '0', '0', '7', '73500', '73500', '7', '0', '0', '0000-00-00'),
(583, 'Viccillin inj1g', '4', '7', '', '', '80', '0', '0', '80', '3700', '3700', '20', '0', '0', '0000-00-00'),
(584, 'Vitamin B6', '4', '5', '', '', '1000', '0', '0', '1000', '16', '16', '1000', '0', '0', '0000-00-00'),
(585, 'Vivace 2,5mg', '4', '5', '', '', '60', '0', '0', '60', '1450', '1450', '60', '0', '0', '0000-00-00'),
(586, 'Widahes 200', '4', '13', '', '', '20', '0', '0', '20', '51700', '51700', '20', '0', '0', '0000-00-00'),
(587, 'Zorel tab 400mg', '4', '5', '', '', '100', '0', '0', '100', '350', '350', '100', '0', '0', '0000-00-00'),
(588, 'Acarbose 50 mg', '9', '5', '', '', '140', '0', '0', '140', '1132', '1359', '0', '140', '10', '0000-00-00'),
(589, 'Acetram ', '9', '5', '', '', '12', '100', '0', '112', '6270', '7524', '0', '112', '30', '2015-10-01'),
(590, 'Aclonat 25mg', '9', '5', '', '', '18', '0', '0', '18', '1320', '1584', '0', '18', '10', '0000-00-00'),
(591, 'Aclonat 50mg', '9', '5', '', '', '42', '0', '0', '42', '2310', '2772', '0', '42', '10', '0000-00-00'),
(592, 'Acrios', '9', '5', '', '', '50', '0', '0', '50', '1317', '1581', '0', '50', '10', '0000-00-00'),
(593, 'Acyclovir 400mg', '9', '5', '', '', '2', '0', '0', '2', '571', '685', '0', '2', '200', '0000-00-00'),
(596, 'Actimove mitella M', '9', '2', '', '', '3', '0', '0', '3', '79107', '100000', '0', '3', '2', '0000-00-00'),
(597, 'Actimove mitella S', '9', '2', '', '', '1', '0', '0', '1', '78270', '94000', '0', '1', '2', '0000-00-00'),
(598, 'Acyclovir 200mg', '9', '5', '', '', '2', '200', '0', '202', '560', '672', '0', '202', '200', '2017-09-01'),
(599, 'Acyclovir cream', '9', '9', '', '', '38', '0', '0', '38', '2997', '3800', '0', '38', '5', '0000-00-00'),
(600, 'Adalat Oros 30mg', '9', '5', '', '', '25', '0', '0', '25', '7159', '8767', '0', '0', '10', '0000-00-00'),
(601, 'Akurat', '9', '2', '', '', '19', '0', '0', '19', '8167', '10000', '0', '19', '5', '0000-00-00'),
(602, 'Albapure 20% 50 ml', '9', '4', '', '', '2', '2', '0', '4', '797500', '957000', '0', '4', '1', '2018-01-01'),
(603, 'Albendazol 400mg', '9', '5', '', '', '23', '0', '0', '23', '467', '560', '0', '23', '10', '0000-00-00'),
(604, 'Alinamin F inj', '9', '8', '', '', '12', '30', '0', '42', '14971', '17965', '0', '42', '5', '2015-07-01'),
(605, 'Alkohol 1 liter', '9', '4', '', '', '3', '0', '0', '3', '33000', '39600', '0', '3', '2', '0000-00-00'),
(606, 'Alkohol 100 ml', '9', '4', '', '', '3', '20', '0', '23', '3500', '4260', '0', '23', '5', '2018-09-30'),
(607, 'Alkohol 200 ml', '9', '4', '', '', '16', '0', '0', '16', '6500', '7608', '0', '16', '5', '0000-00-00'),
(608, 'Alletrol TM', '9', '4', '', '', '6', '0', '0', '6', '9000', '10800', '0', '6', '2', '0000-00-00'),
(609, 'Allevyn non Adhesive 10x20', '9', '2', '', '', '5', '5', '0', '10', '90090', '108108', '0', '10', '3', '2016-01-31'),
(610, 'Allevyn Plus cavity 10x10', '9', '2', '', '', '2', '5', '0', '7', '93100', '109560', '0', '7', '3', '2016-02-29'),
(611, 'Allopurinol 100 mg', '9', '5', '', '', '350', '0', '0', '350', '132', '158', '0', '0', '100', '0000-00-00'),
(612, 'Allostil Inj', '9', '7', '', '', '5', '0', '0', '5', '167333', '201000', '0', '5', '1', '0000-00-00'),
(613, 'Alluric 100 mg', '9', '5', '', '', '50', '0', '0', '50', '1631', '1980', '0', '0', '5', '0000-00-00'),
(614, 'Alpentin 300 mg', '9', '12', '', '', '93', '150', '0', '243', '6930', '8316', '0', '243', '100', '2015-08-31'),
(615, 'Alprazolam 0.5 mg', '9', '5', '', '', '306', '0', '0', '306', '625', '737', '0', '306', '300', '0000-00-00'),
(616, 'Alviz 0.5 mg', '9', '5', '', '', '993', '0', '0', '993', '2640', '3519', '0', '993', '100', '0000-00-00'),
(617, 'Aminofusin hefar ', '9', '4', '', '', '4', '4', '0', '8', '183700', '220440', '0', '8', '1', '2016-09-30'),
(618, 'Aminofusin L 600', '9', '4', '', '', '2', '0', '0', '2', '71500', '85800', '0', '2', '1', '0000-00-00'),
(619, 'Aminoleban Inf', '9', '4', '', '', '4', '0', '0', '4', '168167', '201175', '0', '4', '1', '0000-00-00'),
(620, 'Aminophylin 200 mg', '9', '5', '', '', '5', '1000', '0', '1005', '113', '136', '0', '1005', '100', '2015-09-01'),
(621, 'Aminophylin inj', '9', '8', '', '', '71', '48', '0', '119', '5000', '6000', '0', '119', '24', '2017-12-31'),
(622, 'Amlodipin 5 mg', '9', '5', '', '', '138', '300', '0', '438', '907', '1088', '0', '438', '100', '2016-09-01'),
(623, 'Amobiotic drop ', '9', '4', '', '', '4', '0', '0', '4', '20378', '24453', '0', '4', '10', '0000-00-00'),
(624, 'Amoxan 250 mg', '9', '12', '', '', '212', '100', '0', '312', '1542', '1851', '0', '312', '50', '2016-07-01'),
(625, 'Amoxan 500mg', '9', '12', '', '', '42', '200', '0', '242', '3160', '3793', '0', '242', '50', '2016-08-01'),
(626, 'Amoxan Forte syr', '9', '4', '', '', '4', '0', '0', '4', '30921', '37105', '0', '4', '2', '0000-00-00'),
(627, 'Amoxan syr', '9', '4', '', '', '3', '10', '0', '13', '21681', '26017', '0', '13', '2', '2016-07-01'),
(628, 'Ampicillin inj 1g', '9', '7', '', '', '13', '30', '0', '43', '8800', '10560', '0', '43', '20', '2016-06-01'),
(629, 'Amytriptiline 25 mg', '9', '5', '', '', '521', '0', '0', '521', '125', '150', '0', '521', '200', '0000-00-00'),
(630, 'Analsik', '9', '5', '', '', '90', '0', '0', '90', '1056', '1267', '0', '90', '20', '0000-00-00'),
(631, 'Anbacim inj', '9', '28', '', '', '2', '0', '0', '2', '69058', '82869', '0', '2', '1', '0000-00-00'),
(632, 'Anitid inj', '9', '8', '', '', '5', '0', '0', '5', '16088', '19305', '0', '0', '5', '0000-00-00'),
(633, 'Anitid inj', '9', '8', '', '', '5', '0', '0', '5', '16088', '19305', '0', '0', '5', '0000-00-00'),
(634, 'Antalgin 500mg', '9', '5', '', '', '109', '0', '0', '109', '167', '179', '0', '109', '100', '0000-00-00'),
(635, 'Antiprestin 10mg', '9', '12', '', '', '50', '60', '0', '110', '3872', '4646', '0', '110', '30', '2016-03-01'),
(636, 'Antiprestin 20mg', '9', '12', '', '', '2', '60', '0', '62', '6030', '7235', '0', '62', '30', '2016-09-01'),
(637, 'Apolar N cream', '9', '9', '', '', '1', '10', '0', '11', '35200', '42240', '0', '11', '10', '2016-11-09'),
(638, 'Arcalion', '9', '5', '', '', '46', '0', '0', '46', '5408', '6775', '0', '46', '10', '0000-00-00'),
(639, 'Arixtra inj', '9', '8', '', '', '2', '0', '0', '2', '360833', '433000', '0', '2', '1', '0000-00-00'),
(640, 'Artepid 75 mg', '9', '5', '', '', '12', '0', '0', '12', '9717', '15840', '0', '12', '10', '0000-00-00'),
(641, 'Artoflam', '9', '5', '', '', '20', '0', '0', '20', '5500', '6600', '0', '20', '5', '0000-00-00'),
(642, 'ASam Mefenamat 500mg', '9', '5', '', '', '20', '2800', '5', '2815', '176', '176', '0', '2815', '500', '2018-12-01'),
(643, 'Asam Tranexamat 500mg', '9', '5', '', '', '79', '0', '0', '79', '1083', '1300', '0', '79', '30', '0000-00-00'),
(644, 'Ascardia', '9', '5', '', '', '234', '0', '0', '234', '825', '990', '0', '0', '100', '0000-00-00'),
(645, 'Ascardia', '9', '5', '', '', '234', '0', '0', '234', '825', '990', '0', '0', '100', '0000-00-00'),
(646, 'Asering  inf', '9', '16', '', '', '7', '0', '0', '7', '15900', '19081', '0', '7', '5', '0000-00-00'),
(647, 'Aspar k', '9', '5', '', '', '57', '200', '0', '257', '2247', '2697', '0', '257', '100', '2016-09-01'),
(648, 'Aspilet', '9', '5', '', '', '86', '200', '0', '286', '534', '641', '0', '286', '100', '2016-01-30'),
(649, 'Astria 4 mg', '9', '5', '', '', '28', '0', '0', '28', '5957', '7147', '0', '28', '10', '0000-00-00'),
(650, 'Atofar', '9', '5', '', '', '6', '0', '0', '6', '9350', '11220', '0', '6', '5', '0000-00-00'),
(651, 'Avamys NS', '9', '4', '', '', '1', '3', '0', '4', '119999', '143998', '0', '4', '2', '2015-10-01'),
(652, 'Aztrin 250 mg', '1', '2', '', '', '11', '0', '0', '11', '15400', '33000', '0', '0', '6', '0000-00-00'),
(653, 'Bactesyn', '9', '5', '', '', '50', '0', '0', '50', '15950', '19140', '0', '50', '5', '0000-00-00'),
(654, 'Becantex', '9', '5', '', '', '150', '0', '0', '150', '2750', '3300', '0', '150', '10', '0000-00-00'),
(655, 'Becom Zet', '9', '5', '', '', '100', '0', '0', '100', '1583', '1900', '0', '100', '30', '0000-00-00'),
(656, 'Becombion syr', '9', '4', '', '', '10', '0', '0', '10', '22628', '27154', '0', '10', '5', '0000-00-00'),
(657, 'Asering 5 inf', '9', '13', '', '', '35', '0', '0', '35', '14583', '17500', '0', '35', '5', '0000-00-00'),
(658, 'Benocetam 1200mg', '9', '5', '', '', '183', '0', '0', '183', '3861', '4633', '0', '183', '50', '0000-00-00'),
(659, 'Benocetam 400mg', '9', '5', '', '', '180', '0', '0', '180', '1615', '1980', '0', '180', '50', '0000-00-00'),
(660, 'Benocetam 800mg', '9', '5', '', '', '291', '0', '0', '291', '2896', '3475', '0', '291', '50', '0000-00-00'),
(661, 'Benocetam inj 1 gr', '9', '8', '', '', '9', '10', '0', '19', '14479', '17375', '0', '19', '5', '2015-07-01'),
(662, 'Benocetam inj 3 gr', '9', '8', '', '', '4', '8', '0', '12', '41827', '50193', '0', '12', '6', '2017-05-01'),
(663, 'Benoson cream', '9', '9', '', '', '1', '0', '0', '1', '8800', '10560', '0', '1', '3', '0000-00-00'),
(664, 'Benoson M cream', '9', '9', '', '', '4', '0', '0', '4', '43333', '52000', '0', '4', '5', '0000-00-00'),
(665, 'Benovit M', '9', '5', '', '', '344', '0', '0', '344', '2145', '2574', '0', '344', '50', '0000-00-00'),
(666, 'Benozym', '9', '5', '', '', '76', '0', '0', '76', '1180', '1416', '0', '76', '50', '0000-00-00'),
(667, 'Bernoflox 500mg', '9', '5', '', '', '75', '0', '0', '75', '10725', '12870', '0', '75', '20', '0000-00-00'),
(668, 'Berry Vision', '9', '5', '', '', '80', '0', '0', '80', '2904', '3485', '0', '80', '50', '0000-00-00'),
(669, 'Berthyco inj', '9', '8', '', '', '41', '0', '0', '41', '15015', '18018', '0', '41', '10', '0000-00-00'),
(670, 'Berthyco tab', '9', '5', '', '', '150', '200', '0', '350', '1823', '2188', '0', '350', '100', '2016-04-01'),
(671, 'Betadine sol 5mg', '9', '4', '', '', '3', '36', '0', '39', '2750', '3300', '0', '39', '6', '2016-08-31'),
(672, 'Betametason cream', '9', '9', '', '', '21', '0', '0', '21', '2026', '3000', '0', '21', '10', '0000-00-00'),
(673, 'Betarhin tab', '9', '5', '', '', '40', '0', '0', '40', '3520', '4224', '0', '40', '10', '0000-00-00'),
(674, 'Bio atp', '9', '5', '', '', '49', '0', '0', '49', '2356', '2473', '0', '49', '30', '0000-00-00'),
(675, 'Bio curliv', '9', '5', '', '', '30', '0', '0', '30', '5500', '6600', '0', '30', '10', '0000-00-00'),
(676, 'Biochosil', '9', '5', '', '', '15', '0', '0', '15', '5500', '6600', '0', '15', '0', '0000-00-00'),
(677, 'Bioplacenton salf', '9', '9', '', '', '8', '0', '0', '8', '12650', '15180', '0', '8', '3', '0000-00-00'),
(678, 'Biothicol 250mg', '9', '5', '', '', '85', '0', '0', '85', '1650', '1980', '0', '85', '50', '0000-00-00'),
(679, 'biothicol 500mg', '1', '5', '', '', '97', '0', '0', '97', '3344', '4013', '0', '0', '50', '0000-00-00'),
(680, 'Biothicol syr', '9', '4', '', '', '2', '0', '0', '2', '19305', '23166', '0', '2', '1', '0000-00-00'),
(681, 'Bioxon inj', '9', '5', '', '', '2', '0', '0', '2', '177650', '213180', '2', '0', '2', '0000-00-00'),
(682, 'Biscor tab', '9', '5', '', '', '10', '0', '0', '10', '3630', '4356', '0', '10', '0', '0000-00-00'),
(683, 'Bisolvon inj', '9', '8', '', '', '9', '0', '0', '9', '33000', '39600', '0', '9', '5', '0000-00-00'),
(684, 'Bisolvon syr', '9', '4', '', '', '5', '0', '0', '5', '22099', '26518', '0', '5', '3', '0000-00-00'),
(685, 'Bisoprolol 5mg', '9', '5', '', '', '79', '90', '0', '169', '2194', '2633', '0', '169', '30', '2016-09-01'),
(686, 'Blistra', '9', '8', '', '', '2', '0', '0', '2', '165000', '198000', '0', '2', '0', '0000-00-00'),
(687, 'blood set', '9', '2', '', '', '91', '100', '0', '191', '13860', '18018', '0', '191', '50', '2015-11-01'),
(688, 'Bralin inj 1000mg', '9', '8', '', '', '6', '0', '0', '6', '80500', '96600', '0', '6', '5', '0000-00-00'),
(689, 'Bralin 500mg tab', '9', '6', '', '', '2', '90', '0', '92', '9653', '11583', '0', '92', '20', '2016-05-01'),
(690, 'broadced inj', '9', '7', '', '', '1', '5', '0', '6', '187000', '224400', '0', '6', '2', '2016-10-31'),
(691, 'Broxal tab', '9', '5', '', '', '37', '0', '0', '37', '880', '1056', '0', '37', '10', '0000-00-00'),
(692, 'Burnazin cream', '9', '9', '', '', '4', '0', '0', '4', '42350', '50820', '0', '4', '2', '0000-00-00'),
(693, 'Buscopan inj', '9', '8', '', '', '15', '0', '0', '15', '21323', '25587', '0', '15', '5', '0000-00-00'),
(694, 'Buscopan tab', '9', '5', '', '', '134', '0', '0', '134', '2286', '2494', '0', '134', '20', '0000-00-00'),
(695, 'Caladin lot', '9', '4', '', '', '2', '0', '0', '2', '11333', '13599', '0', '2', '2', '0000-00-00'),
(696, 'Calsium gluconas inj', '9', '8', '', '', '46', '24', '0', '70', '15000', '18000', '0', '70', '15', '2017-12-31'),
(697, 'Canderin 8mg', '9', '5', '', '', '77', '0', '0', '77', '5500', '6600', '0', '77', '20', '0000-00-00'),
(698, 'Canderin 16mg', '9', '5', '', '', '50', '0', '0', '50', '6930', '8316', '0', '50', '20', '0000-00-00'),
(699, 'Candesartan 8mg', '9', '5', '', '', '62', '0', '0', '62', '4620', '5544', '0', '62', '20', '0000-00-00'),
(700, 'Capsinat', '9', '5', '', '', '9', '0', '0', '9', '10206', '12247', '0', '9', '0', '0000-00-00'),
(701, 'captopril 12.5mg', '9', '5', '', '', '247', '0', '0', '247', '90', '108', '0', '247', '100', '0000-00-00'),
(702, 'captopril 25mg', '9', '5', '', '', '68', '300', '0', '368', '137', '165', '0', '368', '100', '2017-07-21'),
(703, 'captopril 50mg', '9', '5', '', '', '268', '0', '0', '268', '236', '283', '0', '268', '100', '0000-00-00'),
(704, 'Carbamazepin 200mg ', '9', '5', '', '', '161', '0', '0', '161', '246', '295', '0', '161', '100', '0000-00-00'),
(705, 'Carbo Gliserin TT', '9', '4', '', '', '33', '0', '0', '33', '1375', '2000', '0', '33', '10', '0000-00-00'),
(706, 'Cedantron 8mg inj', '9', '8', '', '', '5', '0', '0', '5', '41800', '50160', '0', '5', '0', '0000-00-00'),
(707, 'Cedocard', '9', '5', '', '', '70', '0', '0', '70', '863', '1036', '0', '70', '30', '0000-00-00'),
(708, 'Cefadroxil syr', '9', '4', '', '', '8', '0', '0', '8', '7380', '8900', '0', '0', '10', '0000-00-00'),
(709, 'Cefarin 1g inj', '9', '7', '', '', '1', '0', '0', '1', '126667', '152000', '0', '1', '1', '0000-00-00'),
(710, 'Cefat 250mg', '9', '5', '', '', '90', '0', '0', '90', '4851', '5821', '0', '90', '20', '0000-00-00'),
(711, 'Cefat 500mg', '9', '5', '', '', '1', '48', '0', '49', '10087', '12104', '0', '49', '20', '2016-10-01'),
(712, 'Cefat forte syr', '9', '4', '', '', '2', '0', '0', '2', '69630', '83556', '0', '2', '1', '0000-00-00'),
(713, 'Cefat syr', '9', '5', '', '', '1', '0', '0', '1', '40568', '48681', '0', '1', '1', '0000-00-00'),
(714, 'Cefefime inj', '9', '7', '', '', '2', '40', '0', '42', '152460', '182952', '0', '42', '1', '0000-00-00'),
(715, 'Cefixime caps', '9', '12', '', '', '527', '2000', '0', '2527', '1760', '2262', '0', '2527', '200', '2016-11-01'),
(716, 'Cefixime syr', '9', '4', '', '', '13', '10', '0', '23', '30250', '36300', '23', '0', '10', '2015-10-31'),
(717, 'Cefofar inj', '9', '7', '', '', '1', '0', '0', '1', '150833', '181000', '0', '1', '1', '0000-00-00'),
(719, 'Ceftizoxime inj', '9', '7', '', '', '16', '0', '0', '16', '110000', '132000', '0', '16', '3', '0000-00-00'),
(720, 'Cendo Asthenof', '9', '4', '', '', '5', '0', '0', '5', '17325', '20790', '0', '5', '10', '0000-00-00'),
(721, 'Cendo Augentonic', '9', '4', '', '', '16', '0', '0', '16', '18287', '21944', '0', '16', '10', '0000-00-00'),
(722, 'Cendo Catarlent', '9', '32', '', '', '5', '0', '0', '5', '16912', '20294', '0', '5', '10', '0000-00-00'),
(723, 'Cendo Cothon', '9', '4', '', '', '7', '0', '0', '7', '19167', '23000', '0', '7', '3', '0000-00-00'),
(724, 'Cendo Homatro', '9', '4', '', '', '6', '0', '0', '6', '39050', '46860', '0', '6', '10', '0000-00-00'),
(725, 'Cendo Hyalub', '9', '32', '', '', '10', '0', '0', '10', '52500', '63000', '0', '10', '10', '0000-00-00'),
(726, 'CEndo lubricent', '9', '32', '', '', '17', '0', '0', '17', '55833', '67000', '0', '17', '5', '0000-00-00'),
(727, 'Cendo Mydriatil 0.5%', '9', '32', '', '', '4', '0', '0', '4', '23333', '28000', '0', '4', '5', '0000-00-00'),
(728, 'Cendo Opthalgon', '9', '4', '', '', '5', '0', '0', '5', '12100', '14520', '0', '5', '15', '0000-00-00'),
(729, 'Cendo Tobroson', '9', '32', '', '', '4', '0', '0', '4', '24475', '29370', '0', '4', '5', '0000-00-00'),
(730, 'Cendo Tropin 0.5%', '9', '4', '', '', '15', '0', '0', '15', '12500', '15000', '0', '15', '5', '0000-00-00'),
(731, 'Cendo Ulcori', '9', '32', '', '', '13', '0', '0', '13', '21588', '25905', '0', '13', '10', '0000-00-00'),
(732, 'Cendo Vernacel', '9', '32', '', '', '21', '0', '0', '21', '17462', '21000', '0', '21', '10', '0000-00-00'),
(733, 'Cendo Vital', '9', '5', '', '', '152', '0', '0', '152', '3630', '4356', '0', '152', '20', '0000-00-00'),
(734, 'Cendo Xitrol', '9', '4', '', '', '47', '0', '0', '47', '27225', '32670', '0', '47', '10', '0000-00-00'),
(735, 'CEndo Xitrol SM', '9', '9', '', '', '8', '0', '0', '8', '28333', '34000', '0', '8', '5', '0000-00-00'),
(736, 'Cephaflox inj', '9', '7', '', '', '1', '0', '0', '1', '176963', '212355', '0', '1', '1', '0000-00-00'),
(737, 'Cesfpan tab', '9', '5', '', '', '22', '0', '0', '22', '20093', '24116', '0', '22', '10', '0000-00-00'),
(738, 'Cetaler', '9', '12', '', '', '18', '0', '0', '18', '1980', '2376', '0', '18', '10', '0000-00-00'),
(739, 'Cetirizine', '9', '12', '', '', '200', '0', '0', '200', '260', '312', '0', '200', '200', '0000-00-00'),
(740, 'Cica Care', '9', '2', '', '', '1', '0', '0', '1', '970000', '1164000', '0', '1', '0', '0000-00-00'),
(741, 'Cinula', '9', '5', '', '', '44', '0', '0', '44', '4400', '5280', '0', '44', '10', '0000-00-00'),
(742, 'Ciprofloxacin', '9', '5', '', '', '1618', '1000', '2', '2616', '440', '440', '0', '2616', '500', '2017-10-01'),
(743, 'Citicolin 500mg', '9', '5', '', '', '145', '0', '0', '145', '6600', '7920', '0', '145', '20', '0000-00-00'),
(744, 'Citicolin 250mg inj', '9', '8', '', '', '18', '50', '0', '68', '13860', '17671', '0', '68', '50', '2015-07-01'),
(745, 'Clapharma', '9', '5', '', '', '20', '0', '0', '20', '19800', '23760', '0', '20', '0', '0000-00-00'),
(746, 'Clinidac 300mg', '9', '12', '', '', '56', '0', '0', '56', '5720', '6864', '56', '0', '20', '0000-00-00'),
(747, 'Clinimic', '9', '16', '', '', '1', '0', '0', '1', '335500', '402600', '0', '1', '1', '0000-00-00'),
(748, 'Clinmas 300mg', '9', '12', '', '', '17', '0', '0', '17', '5167', '6200', '0', '17', '0', '0000-00-00'),
(749, 'Clinoleic 20%', '9', '4', '', '', '1', '0', '0', '1', '181500', '217800', '0', '1', '1', '0000-00-00'),
(750, 'Clobazam', '9', '5', '', '', '1264', '0', '0', '1264', '998', '1198', '0', '1264', '200', '0000-00-00'),
(751, 'Clyndamicin 300mg', '9', '12', '', '', '20', '0', '0', '20', '833', '1000', '0', '20', '50', '0000-00-00'),
(752, 'Co-Amoxcyclav 625mg', '9', '5', '', '', '55', '60', '0', '115', '2844', '3413', '0', '0', '15', '2016-07-30'),
(753, 'Codein 10mg', '9', '5', '', '', '317', '0', '0', '317', '583', '700', '0', '317', '50', '0000-00-00'),
(754, 'Codein 20mg', '9', '5', '', '', '211', '0', '0', '211', '951', '1141', '0', '211', '50', '0000-00-00'),
(755, 'Codipront', '9', '12', '', '', '200', '0', '0', '200', '7216', '8659', '0', '200', '50', '0000-00-00'),
(756, 'Codipront syr', '9', '4', '', '', '2', '0', '0', '2', '46667', '56000', '0', '2', '2', '0000-00-00'),
(757, 'Cosancetin inj', '9', '7', '', '', '41', '0', '0', '41', '9185', '11022', '0', '0', '10', '0000-00-00'),
(758, 'Combantrin', '9', '5', '', '', '28', '50', '0', '78', '4703', '5643', '0', '78', '20', '2018-04-01'),
(759, 'Combantrin syr', '9', '4', '', '', '3', '3', '0', '6', '12645', '14718', '0', '6', '3', '2016-12-01'),
(760, 'Combivent UDV', '9', '2', '', '', '62', '200', '0', '262', '11781', '18058', '0', '262', '10', '2015-07-01'),
(761, 'Combo pack + spalk', '9', '2', '', '', '4', '0', '0', '4', '41800', '50160', '0', '4', '3', '0000-00-00'),
(762, 'Combo pack curapor IV 24', '9', '2', '', '', '5', '0', '0', '5', '39167', '47000', '0', '5', '3', '0000-00-00'),
(763, 'Combo pack curafix IV no.18', '9', '2', '', '', '10', '0', '0', '10', '28600', '34320', '0', '10', '3', '0000-00-00'),
(764, 'Combo pack curafix IV no.18', '9', '2', '', '', '10', '0', '0', '10', '39166', '47000', '0', '0', '5', '0000-00-00'),
(765, 'Conver 2%', '9', '32', '', '', '10', '0', '0', '10', '18333', '21284', '0', '10', '10', '0000-00-00'),
(766, 'Cormega', '9', '12', '', '', '30', '0', '0', '30', '8617', '10340', '0', '30', '10', '0000-00-00'),
(767, 'Cortidex ', '9', '5', '', '', '2', '0', '0', '2', '226', '596', '0', '2', '50', '0000-00-00'),
(768, 'Cotrimoxazole 480 mg', '9', '5', '', '', '144', '200', '0', '344', '164', '198', '0', '344', '60', '2018-10-01'),
(769, 'Cravit 500 mg inf', '9', '4', '', '', '2', '0', '0', '2', '280500', '336600', '0', '2', '2', '0000-00-00'),
(770, 'Cravit 500 mg ', '9', '5', '', '', '24', '0', '0', '24', '36300', '43560', '0', '24', '6', '0000-00-00'),
(771, 'Curcuma', '9', '5', '', '', '177', '1200', '0', '1377', '726', '871', '0', '1377', '50', '2015-11-30'),
(772, 'Curliv Plus syr', '9', '4', '', '', '5', '0', '0', '5', '38500', '46200', '0', '5', '2', '0000-00-00'),
(773, 'Curliv ', '9', '5', '', '', '104', '0', '0', '104', '1650', '1980', '0', '104', '50', '0000-00-00'),
(774, 'Curvit', '9', '5', '', '', '101', '0', '0', '101', '1650', '1980', '0', '101', '50', '0000-00-00'),
(775, 'Curvit', '9', '5', '', '', '101', '0', '0', '101', '1650', '1980', '0', '0', '50', '0000-00-00'),
(776, 'Daganak syr', '9', '4', '', '', '18', '0', '0', '18', '3294', '3952', '0', '18', '10', '0000-00-00'),
(777, 'Dansera', '9', '5', '', '', '115', '0', '0', '115', '2200', '3762', '0', '115', '50', '0000-00-00'),
(778, 'Darvon', '9', '5', '', '', '45', '0', '0', '45', '2640', '3168', '0', '45', '100', '0000-00-00'),
(779, 'Deflamat CR 100', '9', '12', '', '', '15', '80', '0', '95', '6875', '8250', '0', '95', '50', '2015-06-01'),
(780, 'Dehaf', '9', '14', '', '', '22', '60', '0', '82', '9166', '11000', '0', '82', '50', '2015-08-31'),
(781, 'Depakene syr', '9', '4', '', '', '2', '0', '0', '2', '149160', '161000', '0', '2', '2', '0000-00-00'),
(782, 'Dermatix ultra 7 gr cr', '9', '9', '', '', '1', '0', '0', '1', '130800', '144000', '0', '1', '2', '0000-00-00'),
(783, 'Dexaflox ', '9', '5', '', '', '50', '0', '0', '50', '26400', '31680', '0', '50', '20', '0000-00-00'),
(784, 'Dexametason 0.5 mg', '9', '5', '', '', '205', '500', '0', '705', '86', '104', '0', '705', '500', '2016-12-01'),
(785, 'Dexametason inj', '9', '8', '', '', '480', '0', '0', '480', '1917', '2400', '0', '480', '200', '0000-00-00'),
(786, 'Dexanta syr', '9', '4', '', '', '10', '16', '0', '26', '10120', '12144', '0', '26', '10', '2015-07-31'),
(787, 'Dexanta', '9', '5', '', '', '124', '600', '0', '724', '204', '244', '0', '724', '300', '2015-11-02'),
(788, 'Dextafen', '9', '5', '', '', '192', '0', '0', '192', '1045', '1452', '0', '192', '100', '0000-00-00'),
(789, 'Dextamine ', '9', '5', '', '', '384', '0', '0', '384', '1356', '1841', '0', '384', '100', '0000-00-00'),
(790, 'Dextromethorpan syr', '9', '4', '', '', '7', '0', '0', '7', '2602', '3435', '0', '7', '24', '0000-00-00'),
(791, 'Dextromethorpan ', '9', '5', '', '', '1752', '0', '0', '1752', '110', '132', '0', '1752', '500', '0000-00-00'),
(792, 'Dezor cream', '9', '9', '', '', '2', '0', '0', '2', '39930', '48000', '0', '2', '2', '0000-00-00'),
(793, 'Dianeral', '9', '28', '', '', '2', '0', '0', '2', '35200', '42240', '0', '2', '5', '0000-00-00'),
(794, 'Diazepam 2 mg', '9', '5', '', '', '2783', '0', '0', '2783', '42', '50', '0', '2783', '500', '0000-00-00'),
(795, 'Diazepam 5 mg', '9', '5', '', '', '17', '0', '0', '17', '83', '100', '0', '17', '50', '0000-00-00'),
(796, 'Diltiazem', '9', '5', '', '', '25', '100', '0', '125', '151', '181', '0', '125', '100', '2018-09-01'),
(797, 'Disflatyl', '9', '5', '', '', '80', '100', '0', '180', '556', '667', '0', '180', '100', '2016-11-01'),
(798, 'Disolf', '9', '5', '', '', '60', '0', '0', '60', '6600', '7920', '0', '60', '30', '0000-00-00'),
(799, 'Dobutamin inj ', '9', '8', '', '', '1', '0', '0', '1', '240548', '288658', '0', '1', '5', '0000-00-00'),
(800, 'Dopamet 250 mg', '9', '5', '', '', '108', '0', '0', '108', '1760', '2112', '0', '108', '100', '0000-00-00'),
(801, 'Dopamin inj', '9', '8', '', '', '5', '0', '0', '5', '67397', '80876', '0', '5', '2', '0000-00-00'),
(802, 'Dores 1.5 mg', '9', '5', '', '', '90', '0', '0', '90', '1100', '1320', '0', '90', '10', '0000-00-00'),
(803, 'Doxyciclin 100 mg', '9', '12', '', '', '19', '0', '0', '19', '250', '300', '0', '0', '100', '0000-00-00'),
(804, 'Doxyciclin 100 mg', '9', '12', '', '', '19', '0', '0', '19', '250', '300', '0', '0', '100', '0000-00-00'),
(805, 'Dulcolax supp 10 mg', '9', '10', '', '', '21', '5', '0', '26', '15049', '18058', '0', '26', '100', '2017-04-01'),
(806, 'Dulcolax ', '9', '5', '', '', '78', '0', '0', '78', '898', '1077', '0', '78', '50', '0000-00-00'),
(807, 'Dumin 500 mg', '9', '5', '', '', '565', '1000', '0', '1565', '332', '397', '0', '1565', '100', '2018-09-30'),
(808, 'Dumin Rectal 250 mg', '9', '17', '', '', '29', '10', '0', '39', '14960', '17952', '100', '0', '20', '2016-12-01'),
(809, 'Durocort syr', '9', '4', '', '', '2', '0', '0', '2', '28167', '33800', '0', '2', '3', '0000-00-00'),
(810, 'Elkana', '9', '5', '', '', '70', '0', '0', '70', '643', '772', '0', '0', '30', '0000-00-00'),
(811, 'Acarbose 50mg tab', '7', '12', '', '', '300', '0', '0', '300', '1075', '1075', '0', '0', '200', '0000-00-00'),
(812, 'Elkana CL syr', '9', '4', '', '', '20', '0', '0', '20', '43918', '52701', '0', '20', '50', '0000-00-00'),
(813, 'Isofluran', '7', '4', '', '', '2', '5', '0', '5', '1076000', '1076000', '0', '0', '2', '2018-08-31'),
(814, 'Enercore', '9', '14', '', '', '10', '0', '0', '10', '20000', '23760', '0', '10', '10', '0000-00-00'),
(815, 'Alkohol 70%', '7', '4', '', '', '16', '110', '0', '104', '25000', '25000', '0', '0', '10', '2016-01-02'),
(816, 'Enerplus', '9', '5', '', '', '100', '0', '0', '100', '1833', '2640', '0', '100', '50', '0000-00-00'),
(817, 'Alpentin 300mg', '7', '12', '', '', '600', '0', '0', '600', '2650', '2650', '600', '0', '250', '0000-00-00'),
(818, 'Aminofusin Hepar', '7', '4', '', '', '10', '6', '0', '16', '84000', '84000', '10', '0', '4', '2016-09-01'),
(819, 'Enerton inf', '9', '16', '', '', '6', '0', '0', '6', '68333', '85239', '0', '6', '3', '0000-00-00'),
(820, 'Asam Tranexamat Inj 500mg', '7', '8', '', '', '50', '0', '0', '50', '8400', '8400', '50', '0', '100', '0000-00-00'),
(821, 'Entrocare', '9', '14', '', '', '15', '75', '0', '90', '9350', '11220', '0', '90', '50', '2015-01-04'),
(822, 'ATS inj 1500iu', '7', '8', '', '', '20', '30', '0', '50', '126500', '126500', '40', '0', '20', '0000-00-00'),
(823, 'Codein tab 10mg', '7', '5', '', '', '250', '0', '0', '250', '583', '583', '250', '0', '250', '0000-00-00'),
(824, 'Efexol drop', '9', '4', '', '', '1', '5', '0', '6', '34705', '41646', '0', '0', '30', '2015-11-01'),
(825, 'Combivent UDV', '7', '2', '', '', '220', '0', '0', '220', '8100', '8100', '220', '0', '100', '0000-00-00'),
(826, 'Erlamycetin plus TM', '9', '4', '', '', '8', '0', '0', '8', '7623', '9149', '0', '8', '10', '0000-00-00'),
(827, 'Decain Spinal inj', '7', '23', '', '', '5', '20', '0', '15', '242000', '242000', '0', '0', '10', '2015-10-01'),
(828, 'Erlamycetin TT', '9', '4', '', '', '2', '0', '0', '2', '3509', '4211', '0', '2', '30', '0000-00-00'),
(829, 'Deprezac tab 20mg', '7', '5', '', '', '90', '450', '0', '540', '495', '495', '0', '0', '150', '2015-11-01'),
(830, 'Dextrose 5% Piggy Back', '7', '13', '', '', '10', '0', '0', '10', '10010', '10010', '0', '0', '2', '0000-00-00'),
(831, 'Erysanbe 250 mg', '9', '12', '', '', '30', '0', '0', '30', '1208', '1498', '0', '30', '50', '0000-00-00'),
(832, 'Diazol Inf', '7', '13', '', '', '50', '300', '0', '350', '8000', '8000', '0', '0', '50', '2016-10-01'),
(833, 'DuminRectal 250mg', '7', '17', '', '', '10', '0', '0', '10', '14960', '14960', '0', '0', '5', '0000-00-00'),
(834, 'Erysanbe 500 mg', '9', '12', '', '', '99', '0', '0', '99', '2398', '2878', '0', '99', '100', '0000-00-00'),
(835, 'Enystin Drop', '7', '4', '', '', '2', '0', '0', '2', '27500', '27500', '2', '0', '5', '0000-00-00'),
(836, 'Fentanil inj', '7', '8', '', '', '20', '0', '0', '15', '40697', '40697', '0', '0', '20', '0000-00-00'),
(837, 'Halotan', '7', '4', '', '', '2', '1', '0', '2', '1034000', '1034000', '0', '0', '1', '2015-08-31'),
(838, 'Erysanbe syr', '9', '4', '', '', '2', '0', '0', '2', '19800', '22000', '0', '2', '3', '0000-00-00'),
(839, 'Humalog inj', '7', '8', '', '', '20', '0', '0', '20', '102000', '102000', '10', '0', '10', '0000-00-00'),
(840, 'Humalog Mix', '7', '8', '', '', '5', '0', '0', '5', '117000', '117000', '0', '0', '5', '0000-00-00'),
(841, 'Human Albumin 20% 50ml', '7', '4', '', '', '9', '10', '0', '19', '414000', '414000', '9', '0', '5', '2016-04-29'),
(842, 'Erythomicin 250 mg', '9', '12', '', '', '276', '0', '0', '276', '500', '604', '0', '276', '100', '0000-00-00'),
(843, 'Induxin inj', '7', '8', '', '', '200', '0', '0', '200', '6006', '6006', '100', '0', '100', '0000-00-00'),
(844, 'Irbesartan tab 150mg', '7', '5', '', '', '200', '0', '0', '200', '1964', '1964', '150', '0', '100', '0000-00-00'),
(845, 'Erythomicin syr', '9', '4', '', '', '4', '0', '0', '4', '8333', '10000', '0', '4', '5', '0000-00-00'),
(846, 'Irbesartan tab 300mg', '7', '5', '', '', '50', '0', '0', '50', '3420', '3420', '50', '0', '50', '0000-00-00'),
(847, 'Leparson tab', '7', '5', '', '', '500', '500', '0', '1000', '2100', '2100', '0', '0', '500', '2015-10-01'),
(848, 'Ethambutol 500 mg', '9', '5', '', '', '5', '0', '0', '5', '500', '600', '0', '5', '500', '0000-00-00'),
(849, 'Lipovudin', '7', '4', '', '', '1', '0', '0', '1', '98000', '98000', '1', '0', '3', '0000-00-00'),
(850, 'Ethigobal 500', '9', '12', '', '', '50', '0', '0', '50', '1823', '2188', '0', '50', '30', '0000-00-00'),
(851, 'Lysol ', '7', '6', '', '', '38', '0', '0', '25', '17600', '17600', '0', '0', '5', '0000-00-00'),
(852, 'Morphin inj', '7', '8', '', '', '5', '0', '0', '5', '1206', '1206', '3', '0', '2', '0000-00-00'),
(853, 'Morphin tab 30mg', '7', '5', '', '', '30', '0', '0', '30', '1206', '1206', '0', '0', '0', '0000-00-00'),
(854, 'Euphilin Retard 250 mg', '9', '5', '', '', '193', '0', '0', '193', '2915', '3498', '0', '193', '100', '0000-00-00'),
(855, 'Episan Syrup', '7', '4', '', '', '24', '100', '0', '124', '22000', '22000', '0', '0', '50', '2015-11-06'),
(856, 'Exergin', '9', '5', '', '', '5', '0', '0', '5', '6220', '7464', '0', '5', '10', '0000-00-00'),
(857, 'N2O', '7', '34', '', '', '1', '0', '0', '1', '3813500', '3813500', '0', '0', '2', '0000-00-00'),
(858, 'Novomix Flexpen', '7', '20', '', '', '5', '0', '0', '5', '160000', '160000', '0', '0', '0', '0000-00-00'),
(859, 'Onzapin tab 5mg', '7', '5', '', '', '112', '280', '0', '392', '9000', '9000', '392', '0', '112', '0000-00-00'),
(860, 'Exforge 10mg/160mg', '9', '5', '', '', '52', '0', '0', '52', '17046', '20456', '0', '52', '40', '0000-00-00'),
(861, 'Opilax Syrup', '7', '4', '', '', '20', '0', '0', '20', '34485', '34485', '12', '0', '5', '0000-00-00'),
(862, 'Paracetamol Drop ', '7', '4', '', '', '6', '0', '0', '6', '5275', '5275', '4', '0', '5', '0000-00-00'),
(863, 'Exforge 5mg/160mg', '9', '5', '', '', '39', '0', '0', '39', '14823', '17800', '0', '39', '30', '0000-00-00'),
(864, 'Pronalges Supp', '7', '10', '', '', '250', '300', '0', '550', '9680', '9680', '250', '0', '100', '2017-10-01'),
(865, 'Pumpitor inj', '7', '7', '', '', '30', '0', '0', '30', '54000', '54000', '0', '0', '24', '0000-00-00'),
(866, 'Tevox inf', '7', '4', '', '', '2', '0', '0', '2', '64000', '64000', '2', '0', '16', '0000-00-00'),
(867, 'Extention', '9', '2', '', '', '3', '0', '0', '3', '21665', '30000', '0', '3', '3', '0000-00-00'),
(868, 'Thiamin HCL tab', '7', '5', '', '', '3000', '0', '0', '3000', '38', '38', '3000', '0', '1000', '0000-00-00'),
(869, 'Triofusin', '7', '4', '', '', '12', '0', '0', '12', '49400', '49400', '10', '0', '4', '0000-00-00'),
(870, 'Ventolin Inhaler', '7', '28', '', '', '10', '30', '0', '40', '92400', '92400', '14', '0', '10', '2015-04-01'),
(871, 'Ventolin Nebules', '7', '2', '', '', '20', '20', '0', '40', '8800', '8800', '40', '0', '40', '2015-04-01'),
(872, 'Wida D5 1/4 NS', '7', '13', '', '', '20', '0', '0', '20', '7560', '7560', '20', '0', '20', '0000-00-00'),
(873, 'Exracain inj', '9', '8', '', '', '67', '0', '0', '67', '2500', '3500', '0', '0', '10', '0000-00-00'),
(874, 'Ezygard forte', '9', '5', '', '', '19', '0', '0', '19', '4750', '5700', '0', '19', '30', '0000-00-00'),
(875, 'Faktu oint', '9', '9', '', '', '2', '0', '0', '2', '88333', '108240', '0', '2', '2', '0000-00-00'),
(876, 'Faktu supp', '9', '10', '', '', '18', '0', '0', '18', '7500', '9900', '0', '18', '15', '0000-00-00'),
(877, 'Fargoxin 0.25 mg', '9', '5', '', '', '70', '0', '0', '70', '193', '360', '0', '70', '50', '0000-00-00'),
(878, 'Futrolit inf', '7', '16', '', '', '0', '72', '0', '72', '39000', '39000', '24', '0', '24', '2016-10-24'),
(879, 'Farlev 500 mg', '9', '5', '', '', '4', '0', '0', '4', '27500', '33000', '0', '4', '10', '0000-00-00'),
(880, 'Farlev 750 mg', '9', '5', '', '', '3', '0', '0', '3', '38500', '46200', '0', '3', '10', '0000-00-00'),
(881, 'Farpain inj', '9', '4', '', '', '6', '0', '0', '6', '33000', '39600', '0', '6', '3', '0000-00-00');
INSERT INTO `obat` (`id_obat`, `nama_obat`, `id_kategori_obat`, `id_satuan_obat`, `keterangan`, `tipe_apotik`, `stok_awal`, `stok_beli`, `stok_jual`, `stok_akhir`, `harga_beli`, `harga_jual`, `stok_rs`, `stok_pelengkap`, `min_order`, `kadaluarsa`) VALUES
(882, 'Farsix', '9', '5', '', '', '40', '0', '0', '40', '990', '1188', '0', '0', '100', '0000-00-00'),
(883, 'Acyclovir tab 400mg', '7', '5', '', '', '0', '200', '0', '200', '662', '662', '14', '0', '200', '2017-11-01'),
(884, 'Adalat Oros tab 30mg', '7', '5', '', '', '0', '300', '0', '300', '7306', '7306', '0', '0', '400', '2016-06-01'),
(885, 'Farsorbid 10 mg', '9', '5', '', '', '80', '0', '0', '80', '418', '502', '0', '80', '100', '0000-00-00'),
(886, 'Albendazole tab kunyah 400mg', '7', '5', '', '', '0', '90', '0', '90', '396', '396', '0', '0', '30', '2017-09-01'),
(887, 'Amoxcycillin 125mg/5ml syrup', '7', '4', '', '', '0', '150', '0', '150', '3511', '3511', '0', '0', '10', '2016-03-01'),
(888, 'Farsorbid 5 mg', '9', '5', '', '', '100', '0', '0', '100', '215', '286', '0', '100', '100', '0000-00-00'),
(889, 'Antasida DOEN syrup', '7', '4', '', '', '0', '100', '0', '100', '2495', '2495', '0', '0', '50', '2016-12-01'),
(890, 'Arixtra inj', '7', '7', '', '', '0', '10', '0', '10', '360525', '360525', '10', '0', '4', '2016-02-01'),
(891, 'Ferris drop', '9', '4', '', '', '5', '0', '0', '5', '27333', '33660', '0', '0', '3', '0000-00-00'),
(892, 'Asam Tranexamat tab 500mg', '7', '5', '', '', '0', '800', '0', '800', '770', '770', '100', '0', '200', '2016-07-01'),
(893, 'Avamys Nasal Spray', '7', '4', '', '', '0', '3', '0', '3', '112000', '112000', '0', '0', '1', '2016-06-01'),
(894, 'Benutrion VE', '7', '4', '', '', '0', '10', '0', '10', '90268', '90268', '0', '0', '4', '2015-12-28'),
(895, 'Ferriz drop', '9', '4', '', '', '5', '0', '0', '5', '27333', '33660', '0', '0', '3', '0000-00-00'),
(896, 'Candesartan tab 16mg', '7', '5', '', '', '0', '150', '0', '150', '7508', '7508', '0', '0', '60', '2016-06-01'),
(897, 'Cefepime inj 1g', '7', '7', '', '', '0', '20', '0', '20', '152460', '152460', '2', '0', '10', '2015-07-01'),
(898, 'Chloroquin tab 150mg', '7', '5', '', '', '0', '1000', '0', '1000', '85', '85', '0', '0', '0', '2018-05-01'),
(899, 'Ferriz drop', '9', '4', '', '', '5', '0', '0', '5', '27333', '39000', '0', '0', '3', '0000-00-00'),
(900, 'Chlorpromazin tab 100mg', '7', '5', '', '', '0', '2000', '0', '2000', '152', '152', '1000', '0', '1000', '2018-07-01'),
(901, 'Clopidogrel tab 75mg', '7', '5', '', '', '0', '300', '0', '300', '8316', '8316', '300', '0', '150', '2015-05-02'),
(902, 'Ferriz syr', '9', '4', '', '', '2', '0', '0', '2', '28050', '33660', '0', '2', '5', '0000-00-00'),
(903, 'Clyndamicin kap 300mg', '7', '12', '', '', '0', '0', '0', '0', '790', '790', '0', '0', '200', '0000-00-00'),
(904, 'Combiflex Peri', '7', '16', '', '', '0', '0', '0', '0', '211750', '211750', '0', '0', '4', '0000-00-00'),
(905, 'Fimahes inf', '9', '16', '', '', '5', '5', '0', '10', '179300', '215160', '0', '10', '5', '2015-11-30'),
(906, 'Dopamet tab', '7', '5', '', '', '0', '500', '0', '500', '1000', '1000', '0', '0', '200', '2015-03-01'),
(907, 'Dulcolax Supp 10mg', '7', '10', '', '', '0', '0', '0', '0', '10328', '10328', '0', '0', '0', '0000-00-00'),
(908, 'Eas Pfrimer', '7', '4', '', '', '0', '10', '0', '10', '57200', '57200', '0', '0', '4', '2015-10-01'),
(909, 'Fitbon', '9', '5', '', '', '136', '0', '0', '136', '1100', '1320', '0', '136', '50', '0000-00-00'),
(910, 'Furosemid tab 40mg', '7', '5', '', '', '0', '3000', '0', '3000', '102', '102', '0', '0', '500', '2017-10-01'),
(911, 'Fuson cream', '7', '9', '', '', '0', '0', '0', '0', '37000', '37000', '0', '0', '2', '0000-00-00'),
(912, 'Glimeprid tab 2mg', '7', '5', '', '', '0', '2500', '0', '2500', '1204', '1204', '0', '0', '500', '2016-08-01'),
(913, 'Fixiphar syr 60 ml', '9', '4', '', '', '1', '0', '0', '1', '115833', '139000', '0', '1', '2', '0000-00-00'),
(914, 'Gliquidon tab 30mg', '7', '5', '', '', '0', '1000', '0', '1000', '678', '678', '0', '0', '200', '2016-11-01'),
(915, 'Gliceril Guayacolat', '7', '5', '', '', '0', '0', '0', '0', '27', '27', '0', '0', '1000', '0000-00-00'),
(916, 'Fixiphar syr 30 ml', '9', '4', '', '', '2', '0', '0', '2', '74800', '89800', '0', '2', '2', '0000-00-00'),
(917, 'Herbesser CD 100mg', '7', '12', '', '', '0', '500', '0', '500', '4000', '4000', '200', '0', '200', '2015-11-01'),
(918, 'HES', '7', '13', '', '', '0', '0', '0', '0', '163900', '163900', '0', '0', '10', '0000-00-00'),
(919, 'Fleximax', '9', '5', '', '', '46', '0', '0', '46', '3850', '4840', '0', '46', '30', '0000-00-00'),
(920, 'Infusan R+D', '7', '16', '', '', '0', '24', '0', '24', '14446', '14446', '0', '0', '24', '2015-05-04'),
(921, 'Fluconazol inf', '9', '4', '', '', '2', '0', '0', '2', '112500', '135000', '0', '2', '2', '0000-00-00'),
(922, 'Infusan Ring As', '7', '16', '', '', '0', '120', '0', '120', '11000', '11000', '0', '0', '24', '2015-11-07'),
(923, 'Isoniazid tab 100mg', '7', '5', '', '', '0', '2000', '0', '2000', '41', '41', '0', '0', '1000', '2018-02-01'),
(924, 'KSR tab', '7', '5', '', '', '0', '500', '0', '500', '1850', '1850', '0', '0', '200', '2015-08-26'),
(925, 'Fluconazol 150 mg', '9', '12', '', '', '4', '0', '0', '4', '19500', '26400', '0', '4', '10', '0000-00-00'),
(926, 'Levofloxacin inf', '7', '4', '', '', '0', '26', '0', '26', '82051', '82051', '16', '0', '6', '2016-11-01'),
(927, 'Mantoux Test PDRT', '7', '7', '', '', '0', '0', '0', '0', '191250', '191250', '0', '0', '5', '0000-00-00'),
(928, 'Fluimucil eff', '9', '18', '', '', '1', '0', '0', '1', '108900', '130700', '0', '1', '1', '0000-00-00'),
(929, 'Methyl Prednisolon inj 125mg', '7', '7', '', '', '0', '300', '0', '300', '27937', '27937', '0', '0', '50', '2015-07-01'),
(930, 'Metronidazol inf', '7', '4', '', '', '0', '100', '0', '100', '15023', '15023', '0', '0', '20', '2015-02-01'),
(931, 'Metronidazol tab 500mg', '7', '5', '', '', '0', '0', '0', '0', '220', '220', '0', '0', '200', '0000-00-00'),
(932, 'Norelut tab 5mg', '7', '5', '', '', '0', '250', '0', '250', '2806', '2806', '200', '0', '100', '2017-09-01'),
(933, 'Fluimucil ', '9', '12', '', '', '56', '0', '0', '56', '4015', '4818', '0', '56', '20', '0000-00-00'),
(934, 'Novorapid Flexpen', '7', '20', '', '', '0', '0', '0', '0', '160000', '160000', '0', '0', '10', '0000-00-00'),
(935, 'Omeprazol inj', '7', '7', '', '', '0', '100', '0', '100', '69744', '69744', '0', '0', '24', '2016-04-29'),
(936, 'Fluimucil ', '9', '12', '', '', '56', '0', '0', '56', '4015', '4818', '0', '0', '20', '0000-00-00'),
(937, 'Ondancetron inj 4mg', '7', '8', '', '', '0', '25', '0', '25', '5445', '5445', '0', '0', '5', '2016-02-01'),
(938, 'Onzapin tab 10mg', '7', '5', '', '', '0', '280', '0', '280', '16750', '16750', '280', '0', '112', '2014-10-01'),
(939, 'Placta tab', '7', '5', '', '', '0', '600', '0', '600', '4000', '4000', '0', '0', '150', '2016-10-01'),
(940, 'Flutias inhaler', '9', '4', '', '', '1', '0', '0', '1', '110000', '132000', '0', '0', '1', '0000-00-00'),
(941, 'Pospargin inj', '7', '8', '', '', '0', '0', '0', '0', '5775', '5775', '0', '0', '100', '0000-00-00'),
(942, 'Proanes inj', '7', '23', '', '', '0', '12', '0', '9', '345869', '345869', '0', '0', '10', '2015-04-29'),
(943, 'Propanolol tab 10mg', '7', '5', '', '', '0', '1000', '0', '1000', '81', '81', '0', '0', '200', '2018-10-01'),
(944, 'Retaphyl SR', '7', '5', '', '', '0', '1500', '0', '1500', '2143', '2143', '1000', '0', '500', '2018-02-01'),
(945, 'Fluxum inj', '9', '7', '', '', '6', '0', '0', '6', '192500', '231000', '0', '6', '2', '0000-00-00'),
(946, 'Salicyl Talk 2%', '7', '14', '', '', '0', '144', '0', '144', '1126', '1126', '0', '0', '6', '2016-12-01'),
(947, 'Sanmol inf', '7', '4', '', '', '0', '6', '0', '6', '56375', '56375', '2', '0', '4', '2015-10-07'),
(948, 'Seretide Discus 100', '7', '28', '', '', '0', '15', '0', '15', '132000', '132000', '15', '0', '5', '2016-06-01'),
(949, 'Folley catheter 10', '9', '2', '', '', '1', '0', '0', '1', '35530', '47652', '0', '1', '5', '0000-00-00'),
(950, 'Seretide Discus 250', '7', '28', '', '', '0', '20', '0', '20', '148000', '148000', '18', '0', '10', '2016-06-01'),
(951, 'Tetagam inj', '7', '7', '', '', '0', '30', '0', '30', '168300', '168300', '30', '0', '5', '2016-01-01'),
(952, 'Folley catheter 12', '9', '2', '', '', '4', '0', '0', '4', '13090', '17556', '0', '4', '5', '0000-00-00'),
(953, 'Theophyllin Pulvis', '7', '22', '', '', '0', '1', '0', '1', '495000', '495000', '1', '0', '0', '2015-05-01'),
(954, 'Folley catheter 18', '9', '2', '', '', '34', '20', '0', '54', '16362', '19635', '0', '54', '40', '2017-08-01'),
(955, 'THP tab 2mg', '7', '5', '', '', '0', '12000', '0', '12000', '42', '42', '0', '0', '200', '2018-11-01'),
(956, 'Folley catheter 20', '9', '2', '', '', '1', '0', '0', '1', '13090', '17556', '0', '1', '5', '0000-00-00'),
(957, 'Folley catheter 22', '9', '2', '', '', '3', '0', '0', '3', '13090', '17556', '0', '3', '5', '0000-00-00'),
(958, 'Tramadol kap 50mg ', '7', '12', '', '', '0', '0', '0', '0', '280', '280', '0', '0', '250', '0000-00-00'),
(959, 'Valsartan tab 80mg', '7', '5', '', '', '0', '300', '0', '300', '4000', '4000', '0', '0', '150', '2016-06-01'),
(960, 'Vitamin B Complex', '7', '5', '', '', '0', '0', '0', '0', '23', '23', '0', '0', '1000', '0000-00-00'),
(961, 'Vitka infant', '7', '8', '', '', '0', '60', '0', '60', '8250', '8250', '20', '0', '10', '2015-05-04'),
(962, 'Forbetes 500 mg', '9', '5', '', '', '80', '200', '0', '280', '902', '1082', '0', '280', '100', '2017-07-01'),
(963, 'Forneuro', '9', '5', '', '', '9', '0', '0', '9', '4547', '5456', '0', '9', '20', '0000-00-00'),
(964, 'Forres ', '9', '5', '', '', '10', '0', '0', '10', '4167', '5000', '0', '0', '10', '0000-00-00'),
(965, 'Forres ', '9', '5', '', '', '10', '0', '0', '10', '4167', '5000', '0', '0', '10', '0000-00-00'),
(966, 'Frego', '9', '5', '', '', '45', '0', '0', '45', '4242', '5544', '0', '45', '30', '0000-00-00'),
(967, 'Fucohelix syr', '9', '4', '', '', '5', '0', '0', '5', '46200', '55440', '0', '5', '2', '0000-00-00'),
(968, 'Fucohelix ', '9', '5', '', '', '75', '0', '0', '75', '4125', '4950', '0', '75', '30', '0000-00-00'),
(969, 'Fuladic cream', '9', '9', '', '', '5', '0', '0', '5', '41828', '50193', '0', '0', '3', '0000-00-00'),
(970, 'Fundamin E', '9', '5', '', '', '95', '0', '0', '95', '737', '885', '0', '95', '100', '0000-00-00'),
(971, 'Furosemide 40 mg', '9', '5', '', '', '107', '0', '0', '107', '101', '122', '0', '107', '100', '0000-00-00'),
(972, 'Furosemide inj', '9', '8', '', '', '0', '25', '0', '25', '2058', '2469', '0', '25', '25', '2017-10-01'),
(973, 'Futrolit inf', '9', '16', '', '', '14', '24', '0', '38', '39003', '46806', '0', '38', '10', '2016-11-01'),
(974, 'Fuzide syr', '9', '4', '', '', '4', '0', '0', '4', '37400', '44880', '0', '4', '5', '0000-00-00'),
(975, 'Galepsi', '9', '5', '', '', '4', '0', '0', '4', '8580', '10296', '0', '4', '10', '0000-00-00'),
(976, 'Galvusmet', '9', '5', '', '', '30', '0', '0', '30', '5948', '7138', '0', '30', '20', '0000-00-00'),
(977, 'Garam Inggris', '9', '14', '', '', '60', '0', '0', '60', '1165', '2000', '0', '60', '5', '0000-00-00'),
(978, 'Gasflat', '9', '5', '', '', '30', '0', '0', '30', '4400', '1584', '0', '30', '20', '0000-00-00'),
(979, 'Gastrolan', '9', '5', '', '', '6', '0', '0', '6', '10725', '12870', '0', '6', '30', '0000-00-00'),
(980, 'Gelafusal inf', '9', '2', '', '', '2', '0', '0', '2', '176000', '211200', '0', '2', '2', '0000-00-00'),
(981, 'Genoint SM', '9', '9', '', '', '17', '0', '0', '17', '5830', '7000', '0', '17', '10', '0000-00-00'),
(982, 'Gentamicin inj', '9', '8', '', '', '46', '75', '0', '121', '3692', '4430', '0', '121', '24', '2016-10-02'),
(983, 'Gentamicin TM', '9', '4', '', '', '6', '10', '0', '16', '3296', '3956', '0', '16', '10', '2015-09-10'),
(984, 'Gentian Violet', '9', '4', '', '', '214', '0', '0', '214', '1667', '2000', '0', '214', '24', '0000-00-00'),
(985, 'Gerdilium', '9', '5', '', '', '30', '0', '0', '30', '2750', '3300', '0', '0', '20', '0000-00-00'),
(986, 'Gerdilium', '9', '5', '', '', '130', '0', '0', '130', '2750', '3300', '0', '0', '20', '0000-00-00'),
(987, 'Glaucon', '9', '5', '', '', '121', '0', '0', '121', '4180', '5016', '0', '121', '60', '0000-00-00'),
(988, 'Glimepirid 2 mg', '9', '5', '', '', '33', '500', '0', '533', '1336', '1693', '0', '533', '50', '2016-12-01'),
(989, 'Gliseril Guayakolat 200 mg', '9', '5', '', '', '1330', '0', '0', '1330', '83', '100', '0', '1330', '300', '0000-00-00'),
(990, 'Glisodin', '9', '5', '', '', '46', '0', '0', '46', '5500', '6600', '0', '46', '50', '0000-00-00'),
(991, 'Glukosa 5%', '9', '13', '', '', '16', '70', '0', '86', '5313', '6376', '0', '86', '50', '2016-11-01'),
(992, 'Glukosa 5% Piggy bag', '9', '13', '', '', '3', '0', '0', '3', '10010', '12012', '0', '3', '5', '0000-00-00'),
(993, 'Glutrop ', '9', '5', '', '', '45', '0', '0', '45', '13090', '15708', '0', '45', '40', '0000-00-00'),
(994, 'Goflex', '9', '5', '', '', '10', '0', '0', '10', '5308', '6370', '0', '10', '20', '0000-00-00'),
(995, 'Govazol', '9', '5', '', '', '2', '0', '0', '2', '58988', '70785', '0', '2', '5', '0000-00-00'),
(996, 'Granisetron inj 1 mg', '9', '8', '', '', '14', '15', '0', '29', '21439', '25727', '0', '29', '24', '2014-10-01'),
(997, 'Guarposid 5 mg', '9', '5', '', '', '9', '0', '0', '9', '2842', '3498', '0', '9', '30', '0000-00-00'),
(998, 'Gypsona 6 inc', '9', '24', '', '', '1', '0', '0', '1', '47167', '57000', '0', '1', '3', '0000-00-00'),
(999, 'Haloperidol 0.5 mg', '9', '5', '', '', '118', '300', '0', '418', '60', '72', '0', '418', '500', '2018-05-01'),
(1000, 'Haloperidol 1.5 mg', '9', '5', '', '', '136', '0', '0', '136', '125', '150', '0', '136', '500', '0000-00-00'),
(1001, 'Haloperidol 5 mg', '9', '5', '', '', '1002', '0', '0', '1002', '208', '250', '0', '2004', '500', '0000-00-00'),
(1002, 'Handscoon', '9', '2', '', '', '411', '500', '0', '911', '528', '633', '0', '911', '2000', '0000-00-00'),
(1003, 'hct', '9', '5', '', '', '827', '0', '0', '827', '37', '44', '0', '0', '50', '0000-00-00'),
(1004, 'Hct', '9', '5', '', '', '827', '0', '0', '827', '37', '44', '0', '0', '50', '0000-00-00'),
(1005, 'Hepamax', '9', '12', '', '', '119', '0', '0', '119', '6930', '8316', '0', '119', '30', '0000-00-00'),
(1006, 'Hercum cream', '9', '9', '', '', '3', '0', '0', '3', '27500', '33000', '0', '3', '5', '0000-00-00'),
(1007, 'Hervis SM ', '9', '9', '', '', '11', '0', '0', '11', '40425', '48510', '0', '11', '6', '0000-00-00'),
(1008, 'Hexilon 4mg', '9', '5', '', '', '80', '0', '0', '80', '2530', '3036', '0', '80', '30', '0000-00-00'),
(1009, 'Hi bone ', '9', '5', '', '', '19', '0', '0', '19', '3083', '3700', '0', '19', '5', '0000-00-00'),
(1010, 'Hi bone 600', '9', '5', '', '', '10', '0', '0', '10', '3575', '4290', '0', '10', '10', '0000-00-00'),
(1011, 'Hidonac inj ', '9', '8', '', '', '2', '0', '0', '2', '302500', '363000', '0', '2', '5', '0000-00-00'),
(1012, 'Hidrocortison SK ', '9', '9', '', '', '18', '0', '0', '18', '2857', '3572', '0', '18', '5', '0000-00-00'),
(1013, 'Hyomida plus ', '9', '5', '', '', '98', '0', '0', '98', '2057', '2244', '0', '98', '50', '0000-00-00'),
(1014, 'Hyric ', '9', '5', '', '', '5', '0', '0', '5', '3537', '4249', '0', '5', '30', '0000-00-00'),
(1015, 'Hystolan ', '9', '6', '', '', '50', '0', '0', '50', '4400', '5280', '0', '50', '20', '0000-00-00'),
(1016, 'Hytroz 1mg', '9', '5', '', '', '215', '0', '0', '215', '5148', '6177', '0', '215', '30', '0000-00-00'),
(1017, 'Ibuprofen 400mg', '9', '5', '', '', '410', '0', '0', '410', '167', '246', '0', '410', '50', '0000-00-00'),
(1018, 'Iloz ', '9', '5', '', '', '35', '0', '0', '35', '6380', '7656', '0', '35', '50', '0000-00-00'),
(1019, 'Imboost', '9', '5', '', '', '25', '180', '0', '205', '3025', '3630', '0', '205', '50', '2016-11-01'),
(1020, 'Imodium ', '9', '5', '', '', '154', '0', '0', '154', '6250', '7866', '0', '154', '10', '0000-00-00'),
(1021, 'Imudator ', '9', '5', '', '', '4', '0', '0', '4', '6050', '7260', '0', '4', '10', '0000-00-00'),
(1022, 'Incephin inj', '9', '8', '', '', '1', '0', '0', '1', '176000', '211200', '0', '1', '3', '0000-00-00'),
(1023, 'Incetax inj', '9', '7', '', '', '3', '0', '0', '3', '125000', '149160', '0', '3', '2', '0000-00-00'),
(1024, 'Indiva ', '9', '5', '', '', '40', '0', '0', '40', '4400', '5280', '0', '40', '5', '0000-00-00'),
(1025, 'Indoralyte', '9', '14', '', '', '52', '0', '0', '52', '825', '990', '0', '52', '5', '0000-00-00'),
(1026, 'Induxin inj', '9', '8', '', '', '13', '30', '0', '43', '6000', '7207', '0', '43', '30', '2015-11-15'),
(1027, 'Infumal', '9', '16', '', '', '15', '0', '0', '15', '80081', '96109', '0', '15', '6', '0000-00-00'),
(1028, 'infus Set Macro', '9', '2', '', '', '76', '250', '0', '326', '7260', '9438', '0', '326', '100', '2015-11-01'),
(1029, 'Infus Set Micro', '9', '2', '', '', '49', '150', '0', '199', '10164', '13213', '0', '199', '100', '2015-09-30'),
(1030, 'Infusan RD', '9', '16', '', '', '6', '0', '0', '6', '18502', '22202', '0', '6', '40', '0000-00-00'),
(1031, 'Infusan Ring As', '9', '16', '', '', '26', '0', '0', '26', '19905', '23885', '0', '26', '40', '0000-00-00'),
(1032, 'Inject pump', '9', '2', '', '', '143', '0', '0', '143', '6765', '8118', '0', '143', '30', '0000-00-00'),
(1033, 'Inlacin 100 mg', '9', '5', '', '', '5', '0', '0', '5', '4950', '5940', '0', '5', '60', '0000-00-00'),
(1034, 'Inlacin 50 mg', '9', '5', '', '', '33', '0', '0', '33', '3850', '4620', '0', '33', '60', '0000-00-00'),
(1035, 'Insetron 4 mg', '9', '8', '', '', '3', '0', '0', '3', '21560', '25872', '0', '3', '10', '0000-00-00'),
(1036, 'Interhistin', '9', '5', '', '', '299', '0', '0', '299', '589', '745', '0', '299', '100', '0000-00-00'),
(1037, 'Interlac drop', '9', '4', '', '', '2', '0', '0', '2', '155183', '186219', '0', '2', '4', '0000-00-00'),
(1038, 'Intrasite gel', '9', '2', '', '', '2', '10', '0', '12', '93500', '112200', '0', '12', '3', '2016-02-29'),
(1039, 'Intravena Catater (18,20,22,24)', '9', '2', '', '', '105', '0', '0', '105', '8547', '10256', '0', '105', '150', '0000-00-00'),
(1040, 'Iodosorb powder', '9', '14', '', '', '12', '0', '0', '12', '62700', '75240', '0', '12', '6', '0000-00-00'),
(1041, 'Irbosysd', '9', '5', '', '', '44', '60', '0', '104', '3300', '3960', '0', '104', '30', '2015-07-31'),
(1042, 'ISDN', '9', '5', '', '', '293', '0', '0', '293', '83', '117', '0', '293', '150', '0000-00-00'),
(1043, 'Isoniazid 100mg', '9', '5', '', '', '1380', '0', '0', '1380', '83', '50', '0', '1380', '2', '0000-00-00'),
(1044, 'Isoniazid 300mg', '9', '5', '', '', '1420', '1000', '0', '2420', '97', '116', '0', '2420', '2', '2015-10-20'),
(1045, 'Ka-en 1B ', '9', '13', '', '', '1', '20', '0', '21', '15661', '18793', '0', '21', '2', '2016-07-11'),
(1046, 'Ka-en 3B', '9', '13', '', '', '16', '0', '0', '16', '15661', '18800', '0', '16', '1', '0000-00-00'),
(1047, 'Ka-en MG3', '9', '13', '', '', '21', '0', '0', '21', '17167', '20600', '0', '21', '2', '0000-00-00'),
(1048, 'Kalfoxim inj', '9', '7', '', '', '4', '0', '0', '4', '148333', '178000', '0', '4', '1', '0000-00-00'),
(1049, 'Kalmeco ', '9', '12', '', '', '100', '0', '0', '100', '2044', '2453', '0', '100', '10', '0000-00-00'),
(1050, 'Kalnex 250mg', '9', '5', '', '', '209', '100', '0', '309', '1650', '1980', '0', '309', '5', '2018-04-30'),
(1051, 'Kalnex 500mg inj', '9', '8', '', '', '83', '100', '0', '183', '12100', '14520', '0', '183', '3', '2016-12-31'),
(1052, 'Kalnex 500mg ', '9', '5', '', '', '15', '100', '0', '115', '2750', '3300', '0', '115', '5', '2017-11-30'),
(1053, 'Kaloba ', '9', '5', '', '', '21', '0', '0', '21', '4400', '5280', '0', '21', '10', '0000-00-00'),
(1054, 'Kasa steril ', '9', '18', '', '', '167', '0', '0', '167', '4400', '5300', '0', '167', '10', '0000-00-00'),
(1055, 'Kenalog in orabase', '9', '9', '', '', '1', '3', '0', '4', '47630', '57156', '0', '4', '3', '2015-12-06'),
(1056, 'Ketoconazole salp ', '9', '9', '', '', '5', '25', '0', '30', '7350', '8820', '0', '30', '5', '2016-07-01'),
(1057, 'Ketopain inj ', '9', '8', '', '', '30', '0', '0', '30', '27858', '33430', '0', '30', '3', '0000-00-00'),
(1058, 'Ketoprofen 100mg', '9', '5', '', '', '59', '0', '0', '59', '1418', '1701', '0', '59', '10', '0000-00-00'),
(1059, 'Ketoprofen 50mg', '9', '5', '', '', '62', '0', '0', '62', '583', '760', '0', '62', '20', '0000-00-00'),
(1060, 'Kidmin inf', '9', '16', '', '', '4', '0', '0', '4', '85812', '102975', '0', '4', '3', '0000-00-00'),
(1061, 'Kolkatriol ', '9', '5', '', '', '30', '0', '0', '30', '6580', '7896', '0', '30', '30', '0000-00-00'),
(1062, 'Kotak P3K', '9', '18', '', '', '2', '0', '0', '2', '16667', '25000', '0', '2', '1', '0000-00-00'),
(1063, 'KSR', '9', '5', '', '', '86', '200', '0', '286', '2816', '3379', '0', '286', '20', '2016-09-01'),
(1064, 'L.Bio', '9', '14', '', '', '10', '0', '0', '10', '4290', '5019', '0', '10', '3', '0000-00-00'),
(1065, 'Lactamor ', '9', '5', '', '', '60', '0', '0', '60', '1650', '1980', '0', '60', '10', '0000-00-00'),
(1066, 'Lanakeloid ', '9', '5', '', '', '64', '0', '0', '64', '4565', '5478', '0', '64', '20', '0000-00-00'),
(1067, 'Lanaven ', '9', '5', '', '', '90', '0', '0', '90', '4620', '9544', '0', '180', '50', '0000-00-00'),
(1068, 'Lanpracid ', '9', '12', '', '', '5', '0', '0', '5', '11770', '14124', '0', '5', '20', '0000-00-00'),
(1069, 'Lasix tab', '9', '5', '', '', '10', '0', '0', '10', '3738', '4485', '0', '10', '50', '0000-00-00'),
(1070, 'Lesichol 300', '9', '12', '', '', '70', '0', '0', '70', '8047', '10164', '0', '70', '20', '0000-00-00'),
(1071, 'Letonal 100mg', '9', '5', '', '', '46', '0', '0', '46', '3658', '4620', '0', '46', '50', '0000-00-00'),
(1072, 'Letonal 50mg', '9', '5', '', '', '50', '0', '0', '50', '1254', '1584', '0', '50', '10', '0000-00-00'),
(1073, 'Letrosil ', '9', '5', '', '', '60', '0', '0', '60', '2995', '5989', '0', '60', '30', '0000-00-00'),
(1074, 'Levofloxacin 500mg ', '9', '5', '', '', '72', '0', '0', '72', '1250', '1384', '0', '72', '50', '0000-00-00'),
(1075, 'Levovid 500mg ', '9', '5', '', '', '12', '0', '0', '12', '24668', '29601', '0', '12', '30', '0000-00-00'),
(1076, 'LFX ', '9', '32', '', '', '15', '0', '0', '15', '63000', '75900', '0', '15', '5', '0000-00-00'),
(1077, 'Liposin ', '9', '9', '', '', '2', '0', '0', '2', '42500', '51000', '0', '2', '3', '0000-00-00'),
(1078, 'Loratadin ', '9', '5', '', '', '91', '50', '0', '141', '332', '399', '0', '0', '30', '2017-12-01'),
(1079, 'Lotenac ', '9', '5', '', '', '40', '0', '0', '40', '1320', '1584', '0', '40', '10', '0000-00-00'),
(1080, 'Loximei 15mg ', '9', '5', '', '', '20', '0', '0', '20', '8047', '9240', '0', '20', '50', '0000-00-00'),
(1081, 'Luften 25mg ', '9', '5', '', '', '45', '0', '0', '45', '4400', '5280', '0', '45', '20', '0000-00-00'),
(1082, 'Lycoxy', '9', '5', '', '', '13', '0', '0', '13', '4400', '5280', '0', '13', '30', '0000-00-00'),
(1083, 'Lynoral ', '9', '5', '', '', '178', '0', '0', '178', '1467', '1765', '0', '178', '50', '0000-00-00'),
(1084, 'Magerix 500mg                                                     ', '9', '12', '', '', '75', '0', '0', '75', '1650', '1980', '0', '75', '30', '0000-00-00'),
(1085, 'Magtral forte syr', '9', '4', '', '', '2', '0', '0', '2', '23750', '29000', '0', '2', '5', '0000-00-00'),
(1086, 'Magtral syr', '9', '4', '', '', '8', '0', '0', '8', '20900', '25080', '0', '8', '20', '0000-00-00'),
(1087, 'Mamavita ', '9', '12', '', '', '29', '0', '0', '29', '4400', '5280', '0', '29', '50', '0000-00-00'),
(1088, 'Manitol inf', '9', '13', '', '', '2', '20', '0', '22', '68868', '82641', '0', '22', '10', '2016-10-01'),
(1089, 'Martos inf ', '9', '13', '', '', '5', '0', '0', '5', '62500', '75000', '0', '5', '10', '0000-00-00'),
(1090, 'Masker', '9', '2', '', '', '315', '300', '0', '615', '577', '742', '0', '0', '100', '2043-12-31'),
(1091, 'Maske Oxygen', '9', '2', '', '', '3', '10', '0', '13', '27225', '34485', '0', '0', '5', '0000-00-00'),
(1092, 'Maxivit', '9', '5', '', '', '100', '0', '0', '100', '2921', '3504', '0', '100', '50', '0000-00-00'),
(1093, 'Mecobalamin', '9', '12', '', '', '106', '0', '0', '106', '833', '1000', '0', '106', '100', '0000-00-00'),
(1094, 'Mecobalamin inj', '9', '8', '', '', '20', '0', '0', '20', '8800', '10560', '0', '20', '10', '0000-00-00'),
(1095, 'Medcolev', '9', '5', '', '', '21', '0', '0', '21', '14323', '17181', '0', '21', '10', '0000-00-00'),
(1096, 'Mediamer', '9', '5', '', '', '41', '0', '0', '41', '2244', '2693', '0', '41', '20', '0000-00-00'),
(1097, 'Mediflex cream', '9', '9', '', '', '1', '0', '0', '1', '72600', '87120', '0', '1', '2', '0000-00-00'),
(1098, 'Mefinal 250 mg', '9', '5', '', '', '145', '0', '0', '145', '539', '647', '0', '145', '50', '0000-00-00'),
(1099, 'Mefinal 500 mg', '9', '5', '', '', '5', '0', '0', '5', '1188', '1426', '0', '5', '100', '0000-00-00'),
(1100, 'Melolin', '9', '2', '', '', '86', '0', '0', '86', '9009', '10810', '0', '86', '20', '0000-00-00'),
(1101, 'Meloxicam 15 mg ', '9', '5', '', '', '27', '400', '0', '427', '1117', '1417', '0', '427', '100', '2016-11-01'),
(1102, 'Meloxicam 7.5 mg', '9', '5', '', '', '5', '150', '0', '155', '727', '872', '0', '155', '50', '2016-11-01'),
(1103, 'Memoran', '9', '5', '', '', '28', '0', '0', '28', '6050', '8800', '0', '28', '20', '0000-00-00'),
(1104, 'Mertigo ', '9', '5', '', '', '194', '200', '0', '394', '3047', '3656', '0', '394', '100', '2016-04-01'),
(1105, 'Metformin 500 mg', '9', '5', '', '', '393', '500', '0', '893', '143', '183', '0', '893', '100', '2016-11-01'),
(1106, 'Mesol', '9', '5', '', '', '30', '0', '0', '30', '2359', '3300', '0', '30', '20', '0000-00-00'),
(1107, 'Methioson', '9', '5', '', '', '40', '0', '0', '40', '880', '1320', '0', '40', '50', '0000-00-00'),
(1108, 'Methyl Prednisolon 4 mg', '9', '5', '', '', '381', '1500', '0', '1881', '393', '494', '0', '1881', '500', '2018-01-01'),
(1109, 'Metilat', '9', '5', '', '', '165', '0', '0', '165', '2200', '2640', '0', '0', '50', '0000-00-00'),
(1110, 'Metronidazol 500 mg', '9', '5', '', '', '158', '100', '0', '258', '219', '263', '0', '0', '100', '2018-10-01'),
(1111, 'Meylon inj', '9', '35', '', '', '26', '5', '0', '31', '10890', '13068', '0', '0', '10', '2017-10-25'),
(1112, 'MgSO4 inj', '9', '35', '', '', '19', '10', '0', '29', '6050', '7260', '0', '0', '10', '2017-09-01'),
(1113, 'Miconazol salp', '9', '9', '', '', '24', '0', '0', '24', '3000', '3800', '0', '0', '24', '0000-00-00'),
(1114, 'Mictonorm', '9', '5', '', '', '18', '0', '0', '18', '10648', '12778', '0', '0', '20', '0000-00-00'),
(1115, 'Minyak telon herbal', '9', '4', '', '', '1', '0', '0', '1', '8300', '11000', '0', '0', '2', '0000-00-00'),
(1116, 'Miradon syr', '9', '4', '', '', '5', '0', '0', '5', '29040', '31680', '0', '0', '5', '0000-00-00'),
(1117, 'Moisderm cream', '9', '9', '', '', '3', '0', '0', '3', '19800', '22572', '0', '0', '3', '0000-00-00'),
(1118, 'Moloco B12', '9', '5', '', '', '15', '0', '0', '15', '2900', '3481', '0', '0', '10', '0000-00-00'),
(1119, 'Motilex ', '9', '5', '', '', '75', '0', '0', '75', '1287', '1544', '0', '0', '50', '0000-00-00'),
(1120, 'Moxam 15 mg', '9', '5', '', '', '24', '0', '0', '24', '8855', '10628', '0', '0', '20', '0000-00-00'),
(1121, 'Moxam 7.5 mg', '9', '5', '', '', '20', '0', '0', '20', '5445', '6534', '0', '0', '20', '0000-00-00'),
(1122, 'Mozuku syr', '9', '4', '', '', '5', '0', '0', '5', '54450', '65340', '0', '0', '5', '0000-00-00'),
(1123, 'Mozuku syr', '9', '4', '', '', '5', '0', '0', '5', '54450', '65340', '0', '0', '5', '0000-00-00'),
(1124, 'Mucera F syr', '9', '4', '', '', '5', '0', '0', '5', '22500', '26400', '0', '0', '6', '0000-00-00'),
(1125, 'Mucera syr', '9', '4', '', '', '3', '0', '0', '3', '20900', '22000', '0', '0', '5', '0000-00-00'),
(1126, 'Mucopect drop', '9', '4', '', '', '2', '0', '0', '2', '43833', '56000', '0', '0', '3', '0000-00-00'),
(1127, 'Mucopect', '9', '5', '', '', '105', '0', '0', '105', '2802', '3057', '0', '0', '50', '0000-00-00'),
(1128, 'Musin ', '9', '5', '', '', '23', '0', '0', '23', '1210', '1452', '0', '0', '30', '0000-00-00'),
(1129, 'Myori', '9', '5', '', '', '42', '0', '0', '42', '2530', '3036', '0', '0', '30', '0000-00-00'),
(1130, 'NaCl 0.9%', '9', '13', '', '', '253', '200', '0', '453', '5144', '6174', '0', '0', '300', '2016-10-07'),
(1131, 'Nairet', '9', '5', '', '', '270', '0', '0', '270', '880', '900', '0', '0', '50', '0000-00-00'),
(1132, 'Narfoz 4 mg inj', '9', '8', '', '', '5', '0', '0', '5', '24166', '29040', '0', '0', '10', '0000-00-00'),
(1133, 'Narfoz syr 30 ml', '9', '4', '', '', '2', '0', '0', '2', '60500', '72600', '0', '0', '5', '0000-00-00'),
(1134, 'Narfoz 4 mg', '9', '5', '', '', '57', '0', '0', '57', '14300', '18150', '0', '0', '30', '0000-00-00'),
(1135, 'Nasal Oxygen Adult', '9', '2', '', '', '3', '1000', '0', '1003', '16830', '20196', '0', '0', '5', '2015-01-01'),
(1136, 'Nasal Oxygen Neonatus', '9', '2', '', '', '7', '0', '0', '7', '11000', '13200', '0', '0', '5', '0000-00-00'),
(1137, 'Nasal Oxygen Paed', '9', '2', '', '', '9', '0', '0', '9', '11000', '13200', '0', '0', '5', '0000-00-00'),
(1138, 'Natrium diclofenac 25 mg', '9', '5', '', '', '7', '150', '0', '157', '167', '201', '0', '0', '100', '2018-02-01'),
(1139, 'Natrium diclofenac 50 mg', '9', '5', '', '', '16', '400', '0', '416', '217', '261', '0', '0', '100', '2018-11-01'),
(1140, 'Nebacetin Powder', '9', '4', '', '', '2', '4', '0', '6', '20350', '24420', '0', '0', '5', '2017-10-01'),
(1141, 'Nepatic 300 mg', '9', '12', '', '', '90', '0', '0', '90', '9667', '11600', '0', '0', '50', '0000-00-00'),
(1142, 'Neripros Oral Sol', '9', '4', '', '', '2', '0', '0', '2', '253000', '304000', '0', '0', '1', '0000-00-00'),
(1143, 'Neripros 1 mg', '9', '5', '', '', '23', '0', '0', '23', '4568', '5482', '0', '0', '20', '0000-00-00'),
(1144, 'Neripros 2 mg', '9', '5', '', '', '38', '0', '0', '38', '6917', '8248', '0', '0', '20', '0000-00-00'),
(1145, 'Neurindo', '9', '5', '', '', '36', '0', '0', '36', '1250', '1500', '0', '0', '30', '0000-00-00'),
(1146, 'Neuriobion 5000', '9', '5', '', '', '28', '0', '0', '28', '2058', '2470', '0', '0', '50', '0000-00-00'),
(1147, 'Neuriobion 5000 inj', '9', '8', '', '', '3', '20', '0', '23', '7268', '8721', '0', '0', '5', '2015-11-30'),
(1148, 'Neurotam inf 12 gr', '9', '4', '', '', '1', '0', '0', '1', '194040', '232848', '0', '0', '2', '0000-00-00'),
(1149, 'New Diatab', '9', '5', '', '', '104', '0', '0', '104', '484', '580', '0', '0', '50', '0000-00-00'),
(1150, 'Nifedipine', '9', '5', '', '', '167', '0', '0', '167', '83', '174', '0', '0', '50', '0000-00-00'),
(1151, 'Nifural syr', '9', '4', '', '', '5', '0', '0', '5', '44800', '56548', '0', '0', '10', '0000-00-00'),
(1152, 'Nimotop tab', '9', '5', '', '', '13', '0', '0', '13', '7084', '8501', '0', '0', '20', '0000-00-00'),
(1153, 'Nislev inf', '9', '4', '', '', '1', '0', '0', '1', '200833', '241000', '0', '0', '3', '0000-00-00'),
(1154, 'Nislev tab ', '9', '5', '', '', '5', '0', '0', '5', '3410', '41000', '0', '0', '10', '0000-00-00'),
(1155, 'Noncort ', '9', '32', '', '', '18', '0', '0', '18', '35750', '42900', '0', '0', '10', '0000-00-00'),
(1156, 'Nonflamin ', '9', '12', '', '', '213', '0', '0', '213', '3703', '4443', '0', '0', '10', '0000-00-00'),
(1157, 'Noocephal 800mg tab', '9', '5', '', '', '48', '0', '0', '48', '3167', '3800', '0', '0', '30', '0000-00-00'),
(1158, 'Norelut ', '9', '5', '', '', '118', '100', '0', '218', '4125', '4950', '0', '0', '40', '2017-09-01'),
(1159, 'Norsec kap ', '9', '12', '', '', '38', '0', '0', '38', '11261', '13600', '0', '0', '50', '0000-00-00'),
(1160, 'Novo Twist ', '9', '2', '', '', '14', '200', '0', '214', '2310', '2772', '0', '0', '50', '2017-11-01'),
(1161, 'Nucef ', '9', '12', '', '', '30', '0', '0', '30', '24936', '21235', '0', '0', '50', '0000-00-00'),
(1162, 'Nymiko drop', '9', '4', '', '', '12', '14', '0', '26', '30360', '36432', '0', '0', '20', '2016-06-01'),
(1163, 'Ofloxacin 100', '9', '5', '', '', '78', '0', '0', '78', '917', '1100', '0', '0', '10', '0000-00-00'),
(1164, 'Ofloxacin inf ', '9', '4', '', '', '2', '0', '0', '2', '55000', '66000', '0', '0', '5', '0000-00-00'),
(1165, 'Omeprazol 20mg', '9', '12', '', '', '24', '0', '0', '24', '408', '529', '0', '0', '50', '0000-00-00'),
(1166, 'Opineuron tab ', '9', '5', '', '', '10', '0', '0', '10', '1000', '1200', '0', '0', '50', '0000-00-00'),
(1167, 'Opiphen syr', '9', '4', '', '', '3', '0', '0', '3', '18288', '23100', '0', '0', '10', '0000-00-00'),
(1168, 'Opitrocin syr ', '9', '4', '', '', '3', '0', '0', '3', '20900', '26400', '0', '0', '20', '0000-00-00'),
(1169, 'Oralit ', '9', '14', '', '', '18', '200', '0', '218', '400', '481', '0', '0', '50', '2017-12-01'),
(1170, 'Ostarin syr ', '9', '4', '', '', '2', '0', '0', '2', '15000', '18480', '0', '0', '30', '0000-00-00'),
(1171, 'Osteocal plus ', '9', '5', '', '', '4', '0', '0', '4', '2200', '2640', '0', '0', '30', '0000-00-00'),
(1172, 'Osteoflam ', '9', '5', '', '', '27', '0', '0', '27', '4400', '5940', '0', '0', '100', '0000-00-00'),
(1173, 'Ottogenta inj', '9', '8', '', '', '13', '0', '0', '13', '8800', '10560', '0', '0', '20', '0000-00-00'),
(1174, 'Ottopraf TT ', '9', '4', '', '', '3', '0', '0', '3', '24667', '31152', '0', '0', '20', '0000-00-00'),
(1175, 'Oxoferin ', '9', '4', '', '', '2', '10', '0', '12', '71500', '85800', '0', '0', '30', '2015-11-01'),
(1176, 'Oxytetracyclin SK', '9', '9', '', '', '16', '0', '0', '16', '1650', '1980', '0', '0', '50', '0000-00-00'),
(1177, 'Ozen tab', '9', '5', '', '', '26', '30', '0', '56', '4767', '5720', '0', '0', '100', '2015-11-01'),
(1178, 'Palentin syr', '9', '4', '', '', '3', '0', '0', '3', '46200', '55440', '0', '0', '20', '0000-00-00'),
(1179, 'Palentin tab', '9', '5', '', '', '50', '0', '0', '50', '10956', '12751', '0', '0', '100', '0000-00-00'),
(1180, 'Pan Amin G ', '9', '16', '', '', '23', '0', '0', '23', '48833', '56760', '0', '0', '30', '0000-00-00'),
(1181, 'Pantocer inj', '9', '7', '', '', '1', '0', '0', '1', '115500', '138600', '0', '0', '5', '0000-00-00'),
(1182, 'Pantozol 20mg ', '9', '12', '', '', '7', '0', '0', '7', '14771', '17820', '0', '0', '30', '0000-00-00'),
(1183, 'Pantozol 40mg ', '9', '12', '', '', '14', '0', '0', '14', '18857', '22628', '0', '0', '30', '0000-00-00'),
(1184, 'Paratusin ', '9', '5', '', '', '101', '0', '0', '101', '1425', '854', '0', '0', '50', '0000-00-00'),
(1185, 'Peptisol ', '9', '28', '', '', '3', '0', '0', '3', '37400', '44880', '0', '0', '5', '0000-00-00'),
(1186, 'Perifas ', '9', '5', '', '', '106', '0', '0', '106', '1210', '1452', '0', '0', '50', '0000-00-00'),
(1187, 'Piracetam 1200mg tab', '9', '5', '', '', '112', '0', '0', '112', '1358', '1863', '0', '0', '100', '0000-00-00'),
(1188, 'Piracetam 400mg', '9', '5', '', '', '175', '100', '0', '275', '467', '568', '0', '0', '100', '2016-11-01'),
(1189, 'Piracetam 800 mg', '9', '5', '', '', '205', '100', '0', '305', '843', '1011', '0', '0', '100', '2016-09-01'),
(1190, 'piracetam inj 1 g', '9', '8', '', '', '103', '20', '0', '123', '5532', '6930', '0', '0', '10', '2016-11-01'),
(1191, 'Piracetam inj 3 g', '9', '8', '', '', '44', '24', '0', '68', '15230', '19353', '0', '0', '10', '2016-11-01'),
(1192, 'Pispot', '9', '2', '', '', '1', '0', '0', '1', '38500', '36000', '0', '0', '2', '0000-00-00'),
(1193, 'Plasmin', '9', '12', '', '', '4', '36', '0', '40', '8250', '9900', '0', '0', '50', '0000-00-00'),
(1194, 'Pletaal', '9', '5', '', '', '18', '0', '0', '18', '6667', '8000', '0', '0', '50', '0000-00-00'),
(1195, 'plexion', '9', '5', '', '', '95', '100', '0', '195', '3300', '3960', '0', '0', '100', '2016-10-01'),
(1196, 'pondex syr', '9', '4', '', '', '1', '0', '0', '1', '11275', '13560', '0', '0', '3', '0000-00-00'),
(1197, 'pospargin inj', '9', '8', '', '', '37', '30', '0', '67', '4042', '4851', '0', '0', '20', '2015-11-30'),
(1198, 'Pralax syr', '9', '4', '', '', '6', '0', '0', '6', '44000', '52800', '0', '0', '6', '0000-00-00'),
(1199, 'Praxion Forte syr', '9', '4', '', '', '4', '0', '0', '4', '23650', '28380', '0', '0', '6', '0000-00-00'),
(1200, 'Praxion syr', '9', '4', '', '', '1', '0', '0', '1', '16830', '23000', '0', '0', '6', '0000-00-00'),
(1201, 'Prazotec', '9', '12', '', '', '15', '80', '0', '95', '11000', '13200', '0', '0', '30', '2015-11-30'),
(1202, 'Pregnolin', '9', '5', '', '', '69', '0', '0', '69', '3300', '3960', '0', '0', '50', '0000-00-00'),
(1203, 'Primperan inj', '9', '8', '', '', '7', '0', '0', '7', '9900', '11880', '0', '0', '5', '0000-00-00'),
(1204, 'Procur Plus', '9', '5', '', '', '100', '0', '0', '100', '5170', '6204', '0', '0', '50', '0000-00-00'),
(1205, 'Profibrat', '9', '5', '', '', '40', '0', '0', '40', '12100', '14520', '0', '0', '50', '0000-00-00'),
(1206, 'Proliva', '9', '6', '', '', '32', '0', '0', '32', '7500', '9000', '0', '0', '100', '0000-00-00'),
(1207, 'Pronalges 50 mg ', '9', '5', '', '', '1', '0', '0', '1', '2530', '3036', '0', '0', '100', '0000-00-00'),
(1208, 'Pronalges CR', '7', '5', '', '', '74', '0', '0', '74', '8733', '10479', '0', '0', '50', '0000-00-00'),
(1209, 'Pronalges supp', '9', '10', '', '', '10', '200', '0', '210', '10890', '13068', '0', '0', '20', '2016-07-01'),
(1210, 'Propanolol 10 mg', '9', '5', '', '', '199', '0', '0', '199', '81', '970', '0', '0', '100', '0000-00-00'),
(1211, 'Propanolol 40 mg', '1', '5', '', '', '90', '0', '0', '90', '208', '249', '0', '0', '50', '0000-00-00'),
(1212, 'Propect', '9', '5', '', '', '40', '0', '0', '40', '833', '1000', '0', '0', '50', '0000-00-00'),
(1213, 'Proris syr', '9', '4', '', '', '3', '0', '0', '3', '17167', '20460', '0', '0', '6', '0000-00-00'),
(1214, 'Protagenta', '9', '32', '', '', '7', '0', '0', '7', '34167', '41000', '0', '0', '24', '0000-00-00'),
(1215, 'Proten', '9', '14', '', '', '65', '0', '0', '65', '4667', '6000', '0', '0', '21', '0000-00-00'),
(1216, 'Protofen 100 mg', '9', '5', '', '', '25', '0', '0', '25', '2465', '2466', '0', '0', '50', '0000-00-00'),
(1217, 'Prove C', '9', '5', '', '', '22', '0', '0', '22', '2750', '3300', '0', '0', '30', '0000-00-00'),
(1218, 'Proxime', '9', '5', '', '', '20', '0', '0', '20', '1018', '1221', '0', '0', '30', '0000-00-00'),
(1219, 'PTU 100 mg', '9', '5', '', '', '153', '100', '0', '253', '314', '377', '0', '0', '100', '2016-09-01'),
(1220, 'Pryrantel Palmoat 125 mg', '9', '5', '', '', '8', '100', '0', '108', '479', '575', '0', '0', '100', '2017-12-01'),
(1221, 'Pyrazinamide 500 mg', '9', '5', '', '', '550', '0', '0', '550', '234', '280', '0', '0', '100', '0000-00-00'),
(1222, '                                          Pysolan', '1', '2', '', '', '23', '0', '0', '23', '9833', '11800', '0', '0', '10', '0000-00-00'),
(1223, '                                                                  Ranitidine 150', '1', '2', '', '', '192', '0', '0', '192', '220', '263', '0', '0', '300', '0000-00-00'),
(1224, 'Rativol inj', '9', '8', '', '', '5', '0', '0', '5', '33000', '39600', '0', '0', '5', '0000-00-00'),
(1225, 'Rebal Plus', '9', '5', '', '', '150', '0', '0', '150', '2000', '2400', '0', '0', '100', '0000-00-00'),
(1226, 'Recolfar', '9', '5', '', '', '95', '30', '0', '125', '4400', '5280', '0', '0', '60', '2016-10-31'),
(1227, 'Renadinac 50 mg', '9', '5', '', '', '27', '100', '0', '127', '605', '726', '0', '0', '100', '2017-11-30'),
(1228, 'Renalyt', '9', '4', '', '', '23', '0', '0', '23', '12100', '12520', '0', '0', '12', '0000-00-00'),
(1229, 'Renasistin drop', '9', '4', '', '', '8', '0', '0', '8', '42167', '50600', '0', '0', '3', '0000-00-00'),
(1230, 'Repligen', '9', '12', '', '', '90', '0', '0', '90', '8910', '10700', '0', '0', '100', '0000-00-00'),
(1231, 'Retaphyl SR', '9', '5', '', '', '260', '0', '0', '260', '1948', '2730', '0', '0', '100', '0000-00-00'),
(1232, 'Retivit', '9', '5', '', '', '100', '0', '0', '100', '3498', '4198', '0', '0', '100', '0000-00-00'),
(1233, 'Rhinofed syr', '9', '4', '', '', '2', '0', '0', '2', '23333', '27720', '0', '0', '6', '0000-00-00'),
(1234, 'Rhinos SR', '9', '12', '', '', '45', '0', '0', '45', '4125', '4950', '0', '0', '100', '0000-00-00'),
(1235, 'Rhodium', '9', '5', '', '', '60', '60', '0', '120', '5225', '6270', '0', '0', '100', '2015-10-31'),
(1236, 'Rifastar', '9', '5', '', '', '28', '0', '0', '28', '3630', '4356', '0', '0', '100', '0000-00-00'),
(1237, 'Rimactazid 450/300', '9', '5', '', '', '60', '0', '0', '60', '8514', '10217', '0', '0', '100', '0000-00-00'),
(1238, 'Rimactazid pead', '9', '5', '', '', '10', '0', '0', '10', '2189', '2625', '0', '0', '100', '0000-00-00'),
(1239, 'RimcurePead', '9', '5', '', '', '110', '0', '0', '110', '2640', '3168', '0', '0', '100', '0000-00-00'),
(1240, 'Rindoflox', '1', '5', '', '', '6', '0', '0', '6', '9350', '10200', '0', '0', '10', '0000-00-00'),
(1241, 'Ringer lactat', '9', '13', '', '', '188', '1000', '0', '1188', '5460', '6553', '0', '0', '100', '2016-09-08'),
(1242, 'Resperidon 2 mg', '9', '5', '', '', '240', '250', '0', '490', '2494', '2843', '0', '0', '100', '2016-11-01'),
(1243, 'Ritez', '9', '12', '', '', '30', '0', '0', '30', '3520', '4224', '0', '0', '50', '0000-00-00'),
(1244, 'Sagestam inj', '9', '8', '', '', '14', '0', '0', '14', '8708', '10000', '0', '0', '5', '0000-00-00'),
(1245, 'Salbutamol 2 mg', '9', '5', '', '', '330', '100', '0', '430', '83', '101', '0', '0', '100', '2018-12-01'),
(1246, 'Salbutamol 4 mg', '9', '5', '', '', '215', '100', '0', '315', '97', '116', '0', '0', '100', '2018-09-01'),
(1247, 'Sanbe Hes', '9', '16', '', '', '1', '10', '0', '11', '177584', '213101', '0', '0', '3', '2015-09-01'),
(1248, 'Sanfuro syr', '9', '4', '', '', '4', '0', '0', '4', '35200', '42240', '0', '0', '3', '0000-00-00'),
(1249, 'Sangobion ', '9', '12', '', '', '18', '0', '0', '18', '871', '1045', '0', '0', '100', '0000-00-00'),
(1250, 'Sangobion syr', '9', '4', '', '', '1', '0', '0', '1', '22083', '26426', '0', '0', '6', '0000-00-00'),
(1251, 'Sanmol drop', '9', '4', '', '', '4', '10', '0', '14', '14382', '17259', '0', '0', '5', '2016-11-01'),
(1252, 'Sanmol effervesent 500 mg', '9', '34', '', '', '2', '0', '0', '2', '23650', '29000', '0', '0', '1', '0000-00-00'),
(1253, 'Sanorin ', '9', '4', '', '', '2', '0', '0', '2', '12500', '15000', '0', '0', '1', '0000-00-00'),
(1254, 'Sanpicillin inj', '9', '7', '', '', '6', '90', '0', '96', '14773', '17727', '0', '0', '24', '2016-01-01'),
(1255, 'Sanprima forte', '9', '5', '', '', '242', '0', '0', '242', '1760', '2138', '0', '0', '50', '0000-00-00'),
(1256, 'Sanprima 480 mg', '9', '5', '', '', '349', '0', '0', '349', '793', '951', '0', '0', '50', '0000-00-00'),
(1257, 'Sansulin R inj', '9', '8', '', '', '2', '0', '0', '2', '115500', '144200', '0', '0', '1', '0000-00-00'),
(1258, 'Santagesik inj', '9', '8', '', '', '9', '0', '0', '9', '9167', '11000', '0', '0', '3', '0000-00-00'),
(1259, 'Scabimite cream', '9', '9', '', '', '2', '0', '0', '2', '29150', '32000', '0', '0', '3', '0000-00-00'),
(1260, 'Scopamin inj', '9', '8', '', '', '9', '0', '0', '9', '11495', '14520', '0', '0', '5', '0000-00-00'),
(1261, 'Scopamin ', '9', '5', '', '', '6', '0', '0', '6', '1150', '1452', '0', '0', '30', '0000-00-00'),
(1262, 'Selkom C', '9', '5', '', '', '40', '0', '0', '40', '1833', '2200', '0', '0', '10', '0000-00-00'),
(1263, 'Sibital 50 mg', '9', '5', '', '', '64', '0', '0', '64', '1332', '1509', '0', '0', '10', '0000-00-00'),
(1264, 'Sibital inj', '9', '8', '', '', '51', '0', '0', '51', '9922', '11000', '0', '0', '10', '0000-00-00'),
(1265, 'Silex syr', '9', '4', '', '', '4', '0', '0', '4', '28233', '33880', '0', '0', '2', '0000-00-00'),
(1266, 'Siloxan', '9', '32', '', '', '18', '0', '0', '18', '39188', '47024', '0', '0', '5', '0000-00-00'),
(1267, 'Simarc 2 mg', '9', '5', '', '', '70', '200', '0', '270', '1430', '1716', '0', '0', '50', '2016-09-30'),
(1268, 'Simcobal', '9', '12', '', '', '24', '0', '0', '24', '1483', '1780', '0', '0', '10', '0000-00-00'),
(1269, 'Simprofen ', '9', '5', '', '', '30', '0', '0', '30', '5899', '6435', '0', '0', '10', '0000-00-00'),
(1270, 'Simvastatin 10 mg', '1', '5', '', '', '108', '0', '0', '108', '583', '616', '0', '0', '100', '0000-00-00'),
(1271, 'Sistenol', '9', '5', '', '', '63', '180', '0', '243', '1540', '1848', '0', '0', '50', '2016-10-01'),
(1272, 'Soft band 6 inchi', '9', '2', '', '', '4', '0', '0', '4', '27333', '33000', '0', '0', '2', '0000-00-00'),
(1273, 'Soahobal', '9', '12', '', '', '115', '0', '0', '115', '1877', '2252', '0', '0', '30', '0000-00-00'),
(1274, 'Soholin inj', '9', '8', '', '', '1', '0', '0', '1', '37620', '45144', '0', '0', '1', '0000-00-00'),
(1275, 'Somerol 16 mg', '9', '5', '', '', '10', '0', '0', '10', '5940', '7128', '0', '0', '20', '0000-00-00'),
(1276, 'Someral 4 mg', '9', '5', '', '', '23', '0', '0', '23', '2530', '3036', '0', '0', '30', '0000-00-00'),
(1277, 'Sonde No. 16', '9', '2', '', '', '31', '0', '0', '31', '17820', '21384', '0', '0', '10', '0000-00-00'),
(1278, 'Sonde No. 5 ( Feeding tube)', '9', '2', '', '', '3', '0', '0', '3', '12870', '13127', '0', '0', '10', '0000-00-00'),
(1279, 'Stomach Tube No. 16', '9', '2', '', '', '31', '0', '0', '31', '17820', '21384', '0', '0', '10', '0000-00-00'),
(1280, 'Feeding Tube No. 5', '9', '2', '', '', '3', '0', '0', '3', '12870', '13127', '0', '0', '10', '0000-00-00'),
(1281, 'Stomach Tube No. 12', '9', '2', '', '', '13', '0', '0', '13', '14850', '17820', '0', '0', '10', '0000-00-00'),
(1282, 'Stomach Tube No. 14', '9', '2', '', '', '26', '50', '0', '76', '15833', '19000', '0', '0', '10', '2018-02-01'),
(1283, 'Spalak 100 cm', '9', '2', '', '', '2', '11', '0', '13', '16000', '19200', '0', '0', '10', '2018-06-15'),
(1284, 'Spalak 250 cm', '9', '2', '', '', '34', '0', '0', '34', '4167', '5000', '0', '0', '10', '0000-00-00'),
(1285, 'Spalak 25 cm', '9', '2', '', '', '34', '0', '0', '34', '4167', '5000', '0', '0', '10', '0000-00-00'),
(1286, 'Spalak 50 cm', '9', '2', '', '', '12', '16', '0', '28', '11000', '13200', '0', '0', '10', '2018-06-15'),
(1287, 'Spasminal ', '9', '5', '', '', '58', '0', '0', '58', '593', '712', '0', '0', '30', '0000-00-00'),
(1288, 'Spedifen 400', '9', '5', '', '', '11', '0', '0', '11', '5206', '6000', '0', '0', '20', '0000-00-00'),
(1289, 'Spironolacton 100 mg', '9', '5', '', '', '86', '0', '0', '86', '1417', '1263', '0', '0', '50', '0000-00-00'),
(1290, 'Spironolacton 25 mg', '9', '5', '', '', '54', '0', '0', '54', '417', '500', '0', '0', '50', '0000-00-00'),
(1291, 'Sporetik 100 mg', '9', '12', '', '', '29', '60', '0', '89', '18700', '22440', '0', '0', '10', '2015-08-01'),
(1292, 'Spuit 1cc', '9', '36', '', '', '200', '800', '0', '1000', '2200', '2904', '0', '0', '100', '2018-09-01'),
(1293, 'Spuit 20 cc', '9', '36', '', '', '45', '50', '0', '95', '7040', '8976', '0', '0', '100', '2018-05-01'),
(1294, 'Spuit 3 cc', '9', '36', '', '', '100', '4500', '0', '4600', '1595', '2105', '0', '0', '100', '2018-08-01'),
(1295, 'Spuit 50 cc lobang tepi', '9', '36', '', '', '40', '0', '0', '40', '15444', '20850', '0', '0', '50', '0000-00-00'),
(1296, 'Stator 20mg', '9', '5', '', '', '20', '0', '0', '20', '14080', '16896', '0', '0', '10', '0000-00-00'),
(1297, 'Stelazin 5mg ', '9', '5', '', '', '330', '0', '0', '330', '1000', '1197', '0', '0', '100', '0000-00-00'),
(1298, 'Stesolid inj 10mg', '9', '8', '', '', '9', '0', '0', '9', '23760', '13728', '0', '0', '10', '0000-00-00'),
(1299, 'Stesolid Rectal 10 mg', '9', '9', '', '', '23', '10', '0', '33', '35640', '42768', '0', '0', '5', '2015-07-31'),
(1300, 'Cat Gut Chromic 2/0 CGC 35', '6', '24', '', '', '0', '1', '0', '0', '1139292', '1139292', '0', '0', '2', '0000-00-00'),
(1301, 'Cat Gut Chromic 3/0 CGC 30', '6', '24', '', '', '0', '1', '0', '1', '1107216', '1107216', '0', '0', '2', '0000-00-00'),
(1302, 'Cat Gut Plain 4/0 CGP 20', '6', '24', '', '', '0', '0', '0', '0', '926000', '926000', '0', '0', '1', '0000-00-00'),
(1303, 'Cat Gut Chromic 2 CGC 60', '6', '24', '', '', '0', '2', '0', '1', '983664', '983664', '0', '0', '1', '2016-12-01'),
(1304, 'Cat Gut Plain 1 ', '6', '24', '', '', '0', '2', '0', '1', '1139292', '1139292', '0', '0', '1', '0000-00-00'),
(1305, 'chromic gut 2/0 GG 123', '6', '25', '', '', '0', '2', '0', '1', '2613600', '2613600', '0', '0', '1', '2015-04-01'),
(1306, 'Developer', '6', '4', '', '', '0', '1', '0', '1', '1101100', '1101100', '0', '0', '2', '0000-00-00'),
(1307, 'ECg Jelly', '6', '9', '', '', '0', '3', '0', '3', '59400', '59400', '0', '0', '2', '0000-00-00'),
(1308, 'Feeding Tube 5', '6', '2', '', '', '0', '150', '0', '150', '10939', '14137', '0', '0', '50', '0000-00-00'),
(1309, 'Film X-Ray 24x30', '6', '30', '', '', '0', '5', '0', '2', '1624304', '1624304', '0', '0', '1', '0000-00-00'),
(1310, 'Film X-Ray 30x40', '6', '30', '', '', '0', '2', '0', '0', '2583592', '2583592', '0', '0', '1', '0000-00-00'),
(1311, 'Film X-Ray 35x35', '6', '30', '', '', '0', '2', '0', '0', '2805264', '2805264', '0', '0', '1', '0000-00-00'),
(1312, 'Fixer', '6', '4', '', '', '0', '4', '0', '4', '680020', '680020', '0', '0', '2', '0000-00-00'),
(1313, 'Folley Catheter 20', '6', '2', '', '', '0', '3', '0', '3', '16363', '16363', '1', '0', '5', '0000-00-00'),
(1314, 'Kasa Hydrphylle 36x80cm Dwipa Original', '6', '24', '', '', '0', '30', '0', '10', '168300', '168300', '0', '0', '10', '0000-00-00'),
(1315, 'Handscoon Steril', '6', '29', '', '', '0', '720', '0', '564', '10368', '10368', '0', '0', '300', '0000-00-00'),
(1316, 'Handscoon Non Steril', '7', '28', '', '', '0', '90', '0', '19', '49500', '49500', '0', '0', '20', '2014-02-27'),
(1317, 'Infusset Adult', '6', '2', '', '', '0', '500', '0', '500', '9075', '9075', '200', '0', '200', '0000-00-00'),
(1318, 'IV Catheter 20', '6', '2', '', '', '0', '100', '0', '100', '13431', '13431', '0', '0', '200', '2015-04-01'),
(1319, 'Kapasari 30900', '6', '22', '', '', '0', '10', '0', '3', '89892', '89892', '0', '0', '5', '0000-00-00'),
(1320, 'Leukoplast 3x5 1625H', '6', '24', '', '', '0', '30', '0', '14', '37071', '37071', '0', '14', '10', '2015-05-02'),
(1321, 'Mouthpiece', '6', '2', '', '', '0', '80', '0', '80', '17600', '17600', '0', '0', '5', '0000-00-00'),
(1322, 'Nald Hecting', '6', '31', '', '', '0', '8', '0', '8', '90915', '90915', '0', '0', '0', '0000-00-00'),
(1323, 'Nasal Oxygen', '6', '2', '', '', '0', '0', '0', '0', '11000', '11000', '0', '0', '10', '0000-00-00'),
(1324, 'Spinal Needle 27', '6', '2', '', '', '0', '100', '0', '85', '30250', '30250', '0', '0', '50', '0000-00-00'),
(1325, 'Spuit 1cc Terumo', '6', '2', '', '', '0', '300', '0', '300', '2200', '2200', '200', '0', '300', '0000-00-00'),
(1326, 'Spuit 3cc Stera', '6', '2', '', '', '0', '4400', '0', '4400', '686', '686', '0', '0', '2400', '0000-00-00'),
(1327, 'spuit 50cc catheter tips', '6', '2', '', '', '0', '60', '0', '60', '27225', '27225', '20', '0', '20', '2014-02-27'),
(1328, 'Spuit 5cc Stera', '6', '2', '', '', '0', '2400', '0', '2400', '743', '743', '0', '0', '1600', '0000-00-00'),
(1329, 'Spuit 5cc Terumo', '6', '2', '', '', '0', '200', '0', '200', '1925', '1925', '0', '0', '100', '2015-11-01'),
(1330, 'Sonde 14 (Stomach Tube)', '6', '2', '', '', '0', '20', '0', '20', '15840', '15840', '10', '0', '10', '0000-00-00');
INSERT INTO `obat` (`id_obat`, `nama_obat`, `id_kategori_obat`, `id_satuan_obat`, `keterangan`, `tipe_apotik`, `stok_awal`, `stok_beli`, `stok_jual`, `stok_akhir`, `harga_beli`, `harga_jual`, `stok_rs`, `stok_pelengkap`, `min_order`, `kadaluarsa`) VALUES
(1331, 'Sonde 16 (Stomach Tube)', '6', '2', '', '', '0', '20', '0', '20', '15840', '15840', '10', '0', '10', '0000-00-00'),
(1332, 'Zyde 2/0 SLB 30', '6', '24', '', '', '0', '0', '0', '0', '656073', '656073', '0', '0', '1', '0000-00-00'),
(1333, 'Herbesser inj', '7', '8', '', '', '0', '10', '0', '10', '297000', '297000', '0', '0', '5', '2014-07-01'),
(1334, 'stronger neo minopagen c', '9', '8', '', '', '10', '0', '0', '10', '86031', '103237', '0', '0', '2', '0000-00-00'),
(1335, 'Sulcolon ', '9', '5', '', '', '24', '0', '0', '24', '5899', '7078', '0', '0', '10', '0000-00-00'),
(1336, 'Sulfadoxin-pirimetamine', '9', '5', '', '', '8', '0', '0', '8', '500', '600', '0', '0', '10', '0000-00-00'),
(1337, 'Sulfas ferrosus', '9', '5', '', '', '224', '1000', '0', '1224', '21', '26', '0', '0', '100', '2018-10-01'),
(1338, 'Symbicort inh', '9', '4', '', '', '1', '0', '0', '1', '291668', '350000', '0', '0', '1', '0000-00-00'),
(1339, 'Sysmuco', '9', '5', '', '', '68', '60', '0', '128', '3300', '3960', '0', '0', '20', '2015-05-31'),
(1340, 'Tarivid otic', '9', '4', '', '', '4', '0', '0', '4', '68200', '81640', '0', '0', '1', '0000-00-00'),
(1341, 'Taxegram inj', '9', '7', '', '', '4', '12', '0', '16', '131973', '158367', '0', '0', '2', '2015-10-01'),
(1342, 'Taxilan syr', '9', '4', '', '', '1', '5', '0', '6', '72600', '87120', '0', '0', '2', '2015-11-01'),
(1343, 'Tebokan Forte', '9', '5', '', '', '40', '0', '0', '40', '14263', '17115', '0', '0', '10', '0000-00-00'),
(1344, 'Tekasol', '9', '9', '', '', '6', '0', '0', '6', '32217', '38660', '0', '0', '1', '0000-00-00'),
(1345, 'Tensocrep 6 inchi', '9', '2', '', '', '6', '0', '0', '6', '75500', '90600', '0', '0', '2', '0000-00-00'),
(1346, 'Tequinol', '9', '5', '', '', '99', '0', '0', '99', '10450', '12540', '0', '0', '10', '0000-00-00'),
(1347, 'Termometer Avico digital', '9', '2', '', '', '2', '5', '0', '7', '27500', '33000', '0', '0', '2', '0000-00-00'),
(1348, 'Thecort cream', '9', '9', '', '', '2', '3', '0', '5', '48263', '57915', '0', '0', '2', '2015-11-01'),
(1349, 'THP 2mg', '9', '5', '', '', '1917', '0', '0', '1917', '41', '50', '0', '0', '100', '0000-00-00'),
(1350, 'Trombophop gel', '9', '9', '', '', '1', '0', '0', '1', '49500', '59400', '0', '0', '2', '0000-00-00'),
(1351, 'Trombophop oint', '9', '9', '', '', '3', '0', '0', '3', '38500', '46200', '0', '0', '2', '0000-00-00'),
(1352, 'Tirdicef 1g inj', '9', '7', '', '', '7', '10', '0', '17', '112613', '135135', '0', '0', '1', '2017-08-01'),
(1353, 'Tocef syr', '9', '4', '', '', '2', '0', '0', '2', '69713', '83655', '0', '0', '1', '0000-00-00'),
(1354, 'Tofranil tab', '9', '5', '', '', '10', '0', '0', '10', '5732', '6878', '0', '0', '10', '0000-00-00'),
(1355, 'Tonar', '9', '5', '', '', '19', '0', '0', '19', '6490', '7788', '0', '0', '10', '0000-00-00'),
(1356, 'Toramin inj', '9', '7', '', '', '5', '0', '0', '5', '33000', '39600', '0', '0', '0', '0000-00-00'),
(1357, 'Tramadol inj', '9', '8', '', '', '1', '25', '0', '26', '6396', '7675', '0', '0', '5', '2016-07-01'),
(1358, 'Tramal inj', '9', '8', '', '', '10', '0', '0', '10', '23980', '28776', '0', '0', '5', '0000-00-00'),
(1359, 'tramal supp', '9', '10', '', '', '10', '20', '0', '30', '16500', '19800', '0', '0', '5', '2017-11-01'),
(1360, 'Tramifen ', '9', '5', '', '', '170', '0', '0', '170', '6270', '7524', '0', '0', '10', '0000-00-00'),
(1361, 'Tramset', '9', '5', '', '', '236', '90', '0', '326', '6050', '7260', '0', '0', '10', '2015-06-30'),
(1362, 'Trichodazol inf', '9', '16', '', '', '3', '0', '0', '3', '80438', '96525', '0', '0', '1', '0000-00-00'),
(1363, 'Trichodazol tab', '9', '5', '', '', '85', '0', '0', '85', '1463', '1755', '0', '0', '10', '0000-00-00'),
(1364, 'Tridex plain', '9', '16', '', '', '19', '24', '0', '43', '18018', '21622', '0', '0', '5', '2015-08-01'),
(1365, 'Triofusin inf', '9', '4', '', '', '5', '0', '0', '5', '71500', '85800', '0', '0', '1', '0000-00-00'),
(1366, 'Tropineuron', '9', '5', '', '', '60', '0', '0', '60', '1403', '1684', '0', '0', '10', '0000-00-00'),
(1367, 'Trovensis 4mg', '9', '5', '', '', '2', '0', '0', '2', '11275', '13530', '0', '0', '10', '0000-00-00'),
(1368, 'Tutofusin inf', '9', '4', '', '', '11', '0', '0', '11', '48400', '58080', '0', '0', '1', '0000-00-00'),
(1369, 'Tyarit ', '9', '5', '', '', '60', '0', '0', '60', '4180', '5016', '0', '0', '10', '0000-00-00'),
(1370, 'Ulceranin inj', '9', '8', '', '', '10', '0', '0', '10', '17600', '21120', '0', '0', '0', '0000-00-00'),
(1371, 'Unalium 10mg', '9', '5', '', '', '34', '0', '0', '34', '6380', '7656', '0', '0', '10', '0000-00-00'),
(1372, 'Unalium 5mg', '9', '5', '', '', '2', '40', '0', '42', '4620', '5544', '0', '0', '10', '2018-10-01'),
(1373, 'Univoxy', '9', '5', '', '', '39', '0', '0', '39', '5583', '6699', '0', '0', '10', '0000-00-00'),
(1374, 'Urdafalk ', '9', '5', '', '', '20', '0', '0', '20', '2989', '3586', '0', '0', '10', '0000-00-00'),
(1375, 'urinal laki laki', '9', '2', '', '', '2', '0', '0', '2', '7700', '9240', '0', '0', '3', '0000-00-00'),
(1376, 'Urinal wanita', '9', '2', '', '', '5', '0', '0', '5', '7700', '9240', '0', '0', '3', '0000-00-00'),
(1377, 'Urin bag', '9', '2', '', '', '37', '50', '0', '87', '3960', '4016', '0', '0', '10', '2016-01-01'),
(1378, 'Ursochol ', '9', '5', '', '', '49', '0', '0', '49', '8910', '10692', '0', '0', '10', '0000-00-00'),
(1379, 'Vaclo', '9', '5', '', '', '16', '30', '0', '46', '13750', '16500', '0', '0', '10', '2016-09-01'),
(1380, 'vactiv 0,05mg', '9', '5', '', '', '13', '0', '0', '13', '1650', '1980', '0', '0', '100', '0000-00-00'),
(1381, 'Valamin inf', '9', '4', '', '', '1', '0', '0', '1', '62500', '75000', '0', '0', '0', '0000-00-00'),
(1382, 'Valisanbe 2mg', '9', '5', '', '', '293', '0', '0', '293', '138', '166', '0', '0', '100', '0000-00-00'),
(1383, 'Valisanbe 5mg', '9', '5', '', '', '889', '0', '0', '889', '215', '258', '0', '0', '100', '0000-00-00'),
(1384, 'Valisanbe inj', '9', '8', '', '', '9', '0', '0', '9', '11842', '14200', '0', '0', '10', '0000-00-00'),
(1385, 'Vectrin kapsul', '9', '12', '', '', '6', '0', '0', '6', '4015', '4818', '0', '0', '30', '0000-00-00'),
(1386, 'VELcox 7.5 mg', '9', '5', '', '', '20', '0', '0', '20', '4950', '5940', '0', '0', '10', '0000-00-00'),
(1387, 'Venaron ', '9', '2', '', '', '35', '0', '0', '35', '2600', '3120', '0', '0', '20', '0000-00-00'),
(1388, 'Venosmil cap', '9', '12', '', '', '44', '40', '0', '84', '7150', '8580', '0', '0', '30', '2018-02-28'),
(1389, 'Venosmil gel', '9', '9', '', '', '3', '0', '0', '3', '137500', '165000', '0', '0', '2', '0000-00-00'),
(1390, 'Ventolin inhaler', '9', '4', '', '', '1', '1', '0', '2', '92400', '110880', '0', '0', '2', '0000-00-00'),
(1391, 'Ventolin Nebu', '9', '36', '', '', '14', '20', '0', '34', '8800', '10560', '0', '0', '30', '2015-07-31'),
(1392, 'Verban 4 Y x 15 cm', '9', '24', '', '', '116', '0', '0', '116', '3333', '4000', '0', '0', '50', '0000-00-00'),
(1393, 'Verticaf', '9', '5', '', '', '100', '0', '0', '100', '2750', '3589', '0', '0', '20', '0000-00-00'),
(1394, 'Vertizin', '9', '5', '', '', '56', '0', '0', '56', '1879', '2252', '0', '0', '30', '0000-00-00'),
(1395, 'Vestein tab', '9', '5', '', '', '10', '0', '0', '10', '4000', '4800', '0', '0', '20', '0000-00-00'),
(1396, 'Vinerton ', '9', '5', '', '', '12', '0', '0', '12', '1100', '1320', '0', '0', '10', '0000-00-00'),
(1397, 'Viridis', '9', '5', '', '', '20', '0', '0', '20', '6380', '7656', '0', '0', '10', '0000-00-00'),
(1398, 'Vitamin A 20000 IU', '9', '5', '', '', '94', '0', '0', '94', '150', '325', '0', '0', '50', '0000-00-00'),
(1399, 'Vitamin A 6000 IU', '9', '5', '', '', '1', '0', '0', '1', '67', '80', '0', '0', '50', '0000-00-00'),
(1400, 'Vitamin B1', '9', '5', '', '', '835', '0', '0', '835', '38', '50', '0', '0', '100', '0000-00-00'),
(1401, 'Vitamin C inj', '9', '8', '', '', '114', '300', '0', '414', '6413', '7695', '0', '0', '50', '2016-01-31'),
(1402, 'Vitamin K', '9', '5', '', '', '62', '0', '0', '62', '65', '100', '0', '0', '100', '0000-00-00'),
(1403, 'Vitanorm', '9', '5', '', '', '340', '0', '0', '340', '3663', '4396', '0', '0', '50', '0000-00-00'),
(1404, 'Vitaplex syr', '9', '4', '', '', '5', '0', '0', '5', '32175', '38610', '0', '0', '6', '0000-00-00'),
(1405, 'Vitrolenta', '9', '32', '', '', '21', '0', '0', '21', '24200', '29040', '0', '0', '10', '0000-00-00'),
(1406, 'Vomecho', '9', '5', '', '', '27', '0', '0', '27', '3300', '3960', '0', '0', '10', '0000-00-00'),
(1407, 'Wash glove towel', '9', '36', '', '', '5', '0', '0', '5', '9405', '12000', '0', '0', '3', '0000-00-00'),
(1408, 'Wiacid', '9', '5', '', '', '60', '0', '0', '60', '4388', '5266', '0', '0', '20', '0000-00-00'),
(1409, 'Wida 1/2 Dad', '9', '13', '', '', '20', '0', '0', '20', '10833', '13000', '0', '0', '5', '0000-00-00'),
(1410, 'Wing Neddle 27', '9', '2', '', '', '32', '0', '0', '32', '9833', '8910', '0', '0', '20', '0000-00-00'),
(1411, 'Xanda syr', '9', '4', '', '', '2', '0', '0', '2', '26620', '31944', '0', '0', '2', '0000-00-00'),
(1412, 'Xepazym ', '9', '5', '', '', '5', '0', '0', '5', '1100', '1452', '0', '0', '10', '0000-00-00'),
(1413, 'Zegavit', '9', '5', '', '', '50', '0', '0', '50', '2310', '2772', '0', '0', '20', '0000-00-00'),
(1414, 'Zemyc 150 mg', '9', '12', '', '', '4', '0', '0', '4', '57200', '68640', '0', '0', '3', '0000-00-00'),
(1415, 'Zerlin ', '9', '5', '', '', '107', '0', '0', '107', '11880', '14256', '0', '0', '50', '0000-00-00'),
(1416, 'Zink', '9', '5', '', '', '33', '200', '0', '233', '474', '569', '0', '0', '30', '2016-11-01'),
(1417, 'Zinkid syr', '9', '4', '', '', '2', '0', '0', '2', '22550', '27060', '0', '0', '3', '0000-00-00'),
(1418, 'Zistic 250 mg', '9', '12', '', '', '10', '20', '0', '30', '14479', '17375', '0', '0', '6', '2015-10-01'),
(1419, 'Zistic 500 mg', '9', '12', '', '', '14', '30', '0', '44', '26813', '32175', '0', '0', '10', '2017-10-01'),
(1420, 'Zygat', '9', '5', '', '', '5', '0', '0', '5', '33000', '39600', '0', '0', '10', '0000-00-00'),
(1421, 'Novorapid Flexpen', '9', '20', '', '', '0', '25', '0', '25', '160083', '192100', '0', '0', '3', '2016-02-01'),
(1422, 'Gastrofer inj', '9', '7', '', '', '0', '40', '0', '40', '118250', '141900', '0', '40', '10', '2015-04-01'),
(1423, 'Remopain ', '9', '8', '', '', '0', '85', '0', '85', '35200', '42240', '0', '0', '30', '2016-07-01'),
(1424, 'Omeprazol inj', '9', '7', '', '', '0', '20', '0', '20', '78540', '94248', '0', '0', '10', '2016-07-01'),
(1425, 'Risperidon tab', '9', '5', '', '', '0', '500', '0', '500', '2153', '2992', '0', '0', '20', '2016-11-01'),
(1426, 'Accu Safe-T Pro Uno', '10', '34', '', '', '3', '0', '0', '3', '85000', '85000', '0', '0', '1', '0000-00-00'),
(1427, 'Aceton M-0014', '10', '4', '', '', '1', '0', '0', '1', '449000', '449000', '0', '0', '0', '0000-00-00'),
(1428, 'Acura Fixed Macropippete 5ml', '10', '2', '', '', '1', '0', '0', '1', '2627000', '2627000', '0', '0', '0', '0000-00-00'),
(1429, 'Acura Fixed Macropippete 10ml', '10', '2', '', '', '1', '0', '0', '1', '2627000', '2627000', '0', '0', '0', '0000-00-00'),
(1430, 'Alkohol Swab', '10', '28', '', '', '15', '0', '0', '15', '38000', '38000', '0', '0', '5', '0000-00-00'),
(1431, 'Aqua Dest 1L', '10', '6', '', '', '170', '0', '0', '170', '11000', '11000', '0', '0', '15', '0000-00-00'),
(1432, 'Aqua Suling', '10', '38', '', '', '26', '0', '0', '24', '80000', '80000', '0', '0', '2', '0000-00-00'),
(1433, 'Balon Hisap Universal', '10', '2', '', '', '6', '0', '0', '6', '140000', '140000', '0', '0', '2', '0000-00-00'),
(1434, 'Batang Pengaduk', '10', '2', '', '', '117', '0', '0', '117', '4500', '4500', '0', '0', '10', '0000-00-00'),
(1435, 'Batang Pengaduk Kecil', '10', '2', '', '', '10', '0', '0', '10', '2500', '2500', '0', '0', '2', '0000-00-00'),
(1436, 'Bayclin', '10', '6', '', '', '12', '0', '0', '9', '8000', '8000', '0', '0', '4', '0000-00-00'),
(1437, 'Bilirubin Direct Bio System Reff:12511', '10', '37', '', '', '5', '0', '0', '5', '2064000', '2064000', '0', '0', '2', '0000-00-00'),
(1438, 'Biochemistry Control Serum I / Assayen Level I', '10', '37', '', '', '9', '0', '0', '9', '1462000', '1462000', '0', '0', '2', '0000-00-00'),
(1439, 'Biochemistry Control Serum II / Assayen Level II', '10', '37', '', '', '12', '0', '0', '12', '1462000', '1462000', '0', '0', '2', '0000-00-00'),
(1440, 'Box Slide Besar', '10', '2', '', '', '2', '0', '0', '2', '150000', '150000', '0', '0', '1', '0000-00-00'),
(1441, 'Box Slide Kecil', '10', '2', '', '', '1', '0', '0', '1', '128500', '128500', '0', '0', '0', '0000-00-00'),
(1442, 'Brush Test Tube', '10', '2', '', '', '10', '0', '0', '10', '7500', '7500', '0', '0', '2', '0000-00-00'),
(1443, 'Calsium Arsenazo Bio System', '10', '37', '', '', '1', '0', '0', '0', '4107632', '4107632', '0', '0', '0', '0000-00-00'),
(1444, 'Calibrator Haematologi', '10', '7', '', '', '4', '0', '0', '4', '1250000', '1250000', '0', '0', '2', '0000-00-00'),
(1445, 'Calibrator Serum Bio Sistem', '10', '37', '', '', '3', '0', '0', '2', '2046500', '2046500', '0', '0', '1', '0000-00-00'),
(1446, 'Cholesterol Bio System', '10', '37', '', '', '6', '0', '0', '3', '2064000', '2064000', '0', '0', '0', '0000-00-00'),
(1447, 'Cholesterol HDL Direct Bio System', '10', '37', '', '', '4', '0', '0', '2', '7009500', '7009500', '0', '0', '1', '0000-00-00'),
(1448, 'Cleanser Zenix', '10', '6', '', '', '15', '0', '0', '11', '1260000', '1260000', '0', '0', '4', '0000-00-00'),
(1449, 'Concentrate System Liquid Bio System', '10', '37', '', '', '1', '0', '0', '1', '3509000', '3509000', '0', '0', '0', '0000-00-00'),
(1450, 'Control Haematologi Normal Reff: 1504019', '10', '7', '', '', '31', '0', '0', '31', '1673000', '1673000', '0', '0', '3', '0000-00-00'),
(1451, 'Control Optium', '10', '4', '', '', '1', '0', '0', '1', '228000', '228000', '0', '0', '0', '0000-00-00'),
(1452, 'Control Para 12', '10', '7', '', '', '3', '0', '0', '0', '1250000', '1250000', '0', '0', '0', '0000-00-00'),
(1453, 'Corong 5cm', '10', '2', '', '', '24', '0', '0', '24', '69900', '69900', '0', '0', '2', '0000-00-00'),
(1454, 'Creatinin Bio System', '10', '37', '', '', '12', '0', '0', '9', '1811000', '1811000', '0', '0', '2', '0000-00-00'),
(1455, 'Deck Glass 20x20', '10', '28', '', '', '60', '0', '0', '40', '35000', '35000', '0', '0', '10', '0000-00-00'),
(1456, 'Detergen Alkali', '10', '37', '', '', '15', '0', '0', '15', '990000', '990000', '0', '0', '2', '0000-00-00'),
(1457, 'Diff Counter', '10', '2', '', '', '4', '0', '0', '4', '2301000', '2301000', '0', '0', '1', '0000-00-00'),
(1458, 'Diluent Medonic', '10', '4', '', '', '3', '0', '0', '3', '1585000', '1585000', '0', '0', '1', '0000-00-00'),
(1459, 'Kasa Hydrphylle 36x80cm Dwipa Original', '10', '24', '', '', '22', '0', '0', '22', '150000', '150000', '0', '0', '5', '0000-00-00'),
(1460, 'Gelas Piala', '10', '2', '', '', '2', '0', '0', '2', '70000', '70000', '0', '0', '1', '0000-00-00'),
(1461, 'Glucose Bio System', '10', '37', '', '', '7', '0', '0', '2', '1285000', '1285000', '0', '0', '2', '0000-00-00'),
(1462, 'Golongan Darah A+B', '10', '39', '', '', '2', '0', '0', '2', '350900', '350900', '0', '0', '0', '0000-00-00'),
(1463, 'Gunting Stainlesteel', '10', '2', '', '', '2', '0', '0', '2', '14500', '14500', '0', '0', '0', '0000-00-00'),
(1464, 'Handscoon Non Steril', '10', '28', '', '', '1', '0', '0', '1', '55000', '55000', '0', '0', '2', '0000-00-00'),
(1465, 'Handscoon Steril', '10', '29', '', '', '80', '0', '0', '80', '8400', '8400', '0', '0', '0', '0000-00-00'),
(1466, 'Glukosa 10%', '9', '12', '', '', '0', '0', '0', '0', '6013', '7215', '0', '0', '40', '0000-00-00'),
(1467, 'Tocef ', '9', '12', '', '', '0', '300', '0', '300', '16623', '19949', '0', '0', '60', '2016-07-01'),
(1468, 'HBS Ag Seratec 600', '10', '40', '', '', '7', '0', '0', '4', '325000', '325000', '0', '0', '2', '0000-00-00'),
(1469, 'Jarum Ose', '10', '2', '', '', '10', '0', '0', '10', '5500', '5500', '0', '0', '2', '0000-00-00'),
(1470, 'Jarum Ose Stainlesteel', '10', '2', '', '', '15', '0', '0', '15', '22000', '22000', '0', '0', '2', '0000-00-00'),
(1471, 'Kertas Printer ABL uk 80mm', '10', '24', '', '', '10', '0', '0', '10', '15000', '15000', '0', '0', '0', '0000-00-00'),
(1472, 'Kertas Saring', '10', '2', '', '', '30', '0', '0', '30', '16000', '16000', '0', '0', '10', '0000-00-00'),
(1473, 'Lab Pro NeutralO2', '10', '4', '', '', '2', '0', '0', '0', '265000', '265000', '0', '0', '0', '0000-00-00'),
(1474, 'Lampu Mikrolab 12v 20w', '10', '2', '', '', '1', '0', '0', '1', '250000', '250000', '0', '0', '1', '0000-00-00'),
(1475, 'Lampu Mikroskop', '10', '2', '', '', '8', '0', '0', '8', '250000', '250000', '0', '0', '2', '0000-00-00'),
(1476, 'Lancet Cont-Act Blue 1.5mmx2.0mm', '10', '28', '', '', '1', '0', '0', '1', '822000', '822000', '0', '0', '0', '0000-00-00'),
(1477, 'Larutan Asam Asetat 6%', '10', '4', '', '', '3', '0', '0', '3', '51500', '51500', '0', '0', '1', '0000-00-00'),
(1478, 'Larutan Buffer PH 7', '10', '4', '', '', '1', '0', '0', '1', '1072500', '1072500', '0', '0', '0', '0000-00-00'),
(1479, 'Deflamat CR 75', '9', '12', '', '', '0', '140', '0', '140', '5775', '6930', '0', '0', '100', '2015-05-01'),
(1480, 'Larutan Eosin 2%', '10', '4', '', '', '5', '0', '0', '5', '325000', '325000', '0', '0', '0', '0000-00-00'),
(1481, 'Larutan Giemsa Pekat', '10', '4', '', '', '2', '0', '0', '2', '438500', '438500', '0', '0', '1', '0000-00-00'),
(1482, 'Vectrin syr', '9', '4', '', '', '0', '30', '0', '30', '37400', '44880', '0', '0', '10', '2015-10-01'),
(1483, 'Larutan Immerson Oil M-4699', '10', '4', '', '', '2', '0', '0', '2', '317000', '317000', '0', '0', '1', '0000-00-00'),
(1484, 'Larutan Metanol M-6009', '10', '4', '', '', '4', '0', '0', '4', '397300', '397300', '0', '0', '0', '0000-00-00'),
(1485, 'Cefadroxil', '9', '12', '', '', '0', '2200', '0', '2200', '793', '1005', '0', '0', '300', '2017-10-01'),
(1486, 'Larutan Natrium Citrat 3.8%', '10', '4', '', '', '8', '0', '0', '8', '51500', '51500', '0', '0', '2', '0000-00-00'),
(1487, 'Larutan Turk', '10', '4', '', '', '10', '0', '0', '10', '60000', '60000', '0', '0', '2', '0000-00-00'),
(1488, 'LDH Bio System', '6', '37', '', '', '1', '0', '0', '0', '2934683', '2934683', '0', '0', '1', '0000-00-00'),
(1489, 'Leukoplast 3x5 1625H', '10', '24', '', '', '14', '0', '0', '12', '44000', '44000', '0', '0', '2', '0000-00-00'),
(1490, 'Lyse Medonic ', '10', '41', '', '', '6', '0', '0', '6', '3140000', '3140000', '0', '0', '1', '0000-00-00'),
(1491, 'Glukosa 10%', '9', '4', '', '', '0', '70', '0', '70', '6012', '7215', '0', '0', '40', '2016-11-01'),
(1492, 'Masker', '10', '28', '', '', '5', '0', '0', '5', '38000', '38000', '0', '0', '2', '0000-00-00'),
(1493, 'Medi-Test Uryxon Stick', '10', '30', '', '', '23', '0', '0', '18', '463000', '463000', '0', '0', '5', '0000-00-00'),
(1494, 'Needle Flashback 22Gx1BD', '10', '28', '', '', '15', '0', '0', '15', '99000', '99000', '0', '0', '2', '0000-00-00'),
(1495, 'Objeck Glass', '10', '28', '', '', '17', '0', '0', '17', '11655', '11655', '0', '0', '5', '0000-00-00'),
(1496, 'Penjepit Test Tube Kayu', '10', '2', '', '', '10', '0', '0', '10', '4050', '4050', '0', '0', '5', '0000-00-00'),
(1497, 'Petridish 9ml', '10', '2', '', '', '2', '0', '0', '2', '13000', '13000', '0', '0', '1', '0000-00-00'),
(1498, 'Pipet Gondok 5ml', '10', '2', '', '', '5', '0', '0', '0', '35200', '35200', '0', '0', '2', '0000-00-00'),
(1499, 'Pipet Haematokrit', '10', '18', '', '', '5', '0', '0', '0', '27500', '27500', '0', '0', '2', '0000-00-00'),
(1500, 'Pipet Pasteur', '10', '2', '', '', '250', '0', '0', '250', '11000', '11000', '0', '0', '50', '0000-00-00'),
(1501, 'Prostex', '10', '4', '', '', '12', '0', '0', '12', '8000', '8000', '0', '0', '2', '0000-00-00'),
(1502, 'Rak Pewarna', '10', '2', '', '', '2', '0', '0', '2', '128500', '128500', '0', '0', '1', '0000-00-00'),
(1503, 'Rak Test Tube Plastik', '10', '2', '', '', '11', '0', '0', '11', '204000', '204000', '0', '0', '1', '0000-00-00'),
(1504, 'Retikulosit NMB', '10', '37', '', '', '1', '0', '0', '1', '567000', '567000', '0', '0', '1', '0000-00-00'),
(1505, 'Roller Mixer', '10', '2', '', '', '1', '0', '0', '0', '11218000', '11218000', '0', '0', '1', '0000-00-00'),
(1506, 'Salmonela Thypi H', '10', '7', '', '', '11', '0', '0', '9', '165000', '165000', '0', '0', '2', '0000-00-00'),
(1507, 'Salmonela Thypi O', '10', '7', '', '', '11', '0', '0', '9', '165000', '165000', '0', '0', '2', '0000-00-00'),
(1508, 'Akilen TT', '9', '4', '', '', '0', '10', '0', '10', '55935', '67122', '0', '10', '6', '2015-08-01'),
(1509, 'Sample Cup Technikon', '10', '42', '', '', '1', '0', '0', '1', '2581575', '2581575', '0', '0', '0', '0000-00-00'),
(1510, 'SGOT Bio System ', '10', '37', '', '', '2', '0', '0', '0', '2220000', '2220000', '0', '0', '1', '0000-00-00'),
(1511, 'SGPT Bio System', '10', '37', '', '', '1', '0', '0', '0', '2220000', '2220000', '0', '0', '1', '0000-00-00'),
(1512, 'Spiritus', '10', '6', '', '', '21', '0', '0', '21', '24200', '24200', '0', '0', '2', '0000-00-00'),
(1513, 'Spuit 3cc Terumo', '10', '30', '', '', '19', '0', '0', '14', '106000', '106000', '0', '0', '3', '0000-00-00'),
(1514, 'Sonde No. 8 ( Feeding tube)', '9', '2', '', '', '0', '0', '0', '0', '13464', '16157', '0', '0', '20', '0000-00-00'),
(1515, 'Spuit 5cc Terumo', '10', '30', '', '', '8', '0', '0', '6', '128000', '128000', '0', '0', '3', '0000-00-00'),
(1516, 'Spuit Heparin Pico', '10', '30', '', '', '6', '0', '0', '6', '3220000', '3220000', '0', '0', '1', '0000-00-00'),
(1517, 'Telling Counter', '10', '2', '', '', '3', '0', '0', '3', '61000', '61000', '0', '0', '1', '0000-00-00'),
(1518, 'Test Tube 13x100', '10', '2', '', '', '1000', '0', '0', '1000', '3000', '3000', '0', '0', '500', '0000-00-00'),
(1519, 'Test Tube 16x100', '10', '2', '', '', '1400', '0', '0', '1400', '3700', '3700', '0', '0', '500', '0000-00-00'),
(1520, 'Test Tube 16x150', '10', '2', '', '', '1500', '0', '0', '1500', '2800', '2800', '0', '0', '500', '0000-00-00'),
(1521, 'Timer', '10', '2', '', '', '6', '0', '0', '6', '158000', '158000', '0', '0', '2', '0000-00-00'),
(1522, 'Tip Blue', '10', '15', '', '', '7', '0', '0', '7', '75000', '75000', '0', '0', '3', '0000-00-00'),
(1523, 'Tip White u/ Pipet 5 iu', '10', '15', '', '', '5', '0', '0', '5', '192500', '192500', '0', '0', '2', '0000-00-00'),
(1524, 'Tip Yellow', '10', '15', '', '', '4', '0', '0', '0', '562500', '562500', '0', '0', '2', '0000-00-00'),
(1525, 'Tissue Biasa', '10', '24', '', '', '130', '0', '0', '93', '12000', '12000', '0', '0', '30', '0000-00-00'),
(1526, 'Tissue Mikroskop', '10', '2', '', '', '5', '0', '0', '5', '23000', '23000', '0', '0', '2', '0000-00-00'),
(1527, 'Trigliserida Bio System', '10', '37', '', '', '2', '0', '0', '2', '1223000', '1223000', '0', '0', '1', '0000-00-00'),
(1528, 'Ureum Bio system', '10', '37', '', '', '6', '0', '0', '3', '2239500', '2239500', '0', '0', '2', '0000-00-00'),
(1529, 'Uriscan 11 Parameter', '10', '30', '', '', '4', '0', '0', '4', '475000', '475000', '0', '0', '2', '0000-00-00'),
(1530, 'Wing Needle 27', '10', '2', '', '', '26', '0', '0', '26', '7000', '7000', '0', '0', '5', '0000-00-00'),
(1531, 'Work Station f/7 Pippete', '10', '2', '', '', '3', '0', '0', '3', '1300000', '1300000', '0', '0', '1', '0000-00-00'),
(1532, 'Wright', '10', '4', '', '', '1', '0', '0', '1', '387000', '387000', '0', '0', '0', '0000-00-00'),
(1533, 'Xylol M-8681', '10', '4', '', '', '1', '0', '0', '1', '428000', '428000', '0', '0', '0', '0000-00-00'),
(1534, 'Metronidazole inf', '9', '4', '', '', '0', '80', '0', '80', '30975', '37169', '0', '0', '20', '2016-11-01'),
(1535, 'Ats inj', '9', '8', '', '', '0', '50', '0', '50', '123337', '148000', '0', '50', '10', '2015-05-31'),
(1536, 'Cercul inj', '9', '8', '', '', '0', '50', '0', '50', '25080', '30096', '0', '50', '30', '2014-09-30'),
(1537, 'Ctm tab', '9', '5', '', '', '0', '1000', '0', '1000', '25', '30', '0', '1000', '1000', '2017-11-03'),
(1538, 'Taxef inj', '9', '7', '', '', '0', '4', '0', '4', '119745', '143694', '0', '0', '5', '2016-07-31'),
(1539, 'Trixon inj', '9', '7', '', '', '0', '36', '0', '36', '176727', '212072', '0', '0', '5', '2016-08-31'),
(1540, 'Pronalges supp', '9', '10', '', '', '0', '0', '0', '0', '10285', '12342', '0', '0', '20', '0000-00-00'),
(1541, 'Vomizol inj', '9', '8', '', '', '0', '4', '0', '4', '113850', '136620', '0', '0', '5', '2017-10-01'),
(1542, 'Bralin inj 250mg', '9', '8', '', '', '0', '25', '0', '25', '28957', '34750', '0', '25', '20', '2015-11-01'),
(1543, 'Paramol inf', '9', '4', '', '', '0', '25', '0', '25', '56306', '67567', '0', '0', '20', '2015-06-01'),
(1544, 'Bralin inj 500mg', '9', '8', '', '', '0', '25', '0', '25', '45566', '54697', '0', '25', '10', '2016-10-01'),
(1545, 'Kliran inj 4mg', '9', '8', '', '', '0', '25', '0', '25', '25740', '30888', '0', '25', '10', '2016-05-01'),
(1546, 'Ketokonazole', '9', '5', '', '', '0', '100', '0', '100', '430', '517', '0', '100', '30', '2016-11-01'),
(1547, 'Ceftriaxon inj', '9', '7', '', '', '0', '1200', '0', '1200', '4511', '6497', '0', '1200', '50', '2016-11-01'),
(1548, 'Ketorolac inj', '9', '8', '', '', '0', '600', '0', '600', '9723', '11787', '0', '600', '50', '2016-07-01'),
(1549, 'Amlodipin 10mg', '9', '5', '', '', '0', '250', '0', '250', '1576', '1892', '0', '250', '50', '2015-11-01'),
(1550, 'Meropenem inj', '9', '7', '', '', '0', '2', '0', '2', '205128', '246153', '0', '2', '3', '2015-10-01'),
(1551, 'Levofloxacin inf', '9', '4', '', '', '0', '26', '0', '26', '87780', '110880', '0', '26', '5', '2015-10-01'),
(1552, 'Ciprofloxacin inf', '9', '4', '', '', '0', '30', '0', '30', '53146', '63775', '0', '0', '5', '2016-11-01'),
(1553, 'Ambroxol Syr IGM', '9', '4', '', '', '0', '50', '0', '50', '3131', '3758', '0', '50', '200', '2016-11-01'),
(1554, 'Amoxicilin 500 mg IGM', '9', '5', '', '', '0', '200', '0', '200', '359', '432', '0', '0', '500', '2017-12-01'),
(1555, 'Digoxin 0.25 mg IGM', '9', '5', '', '', '0', '400', '0', '400', '142', '171', '0', '0', '200', '2017-12-01'),
(1556, 'Ondansetron 4mg/2 ml inj IGM', '9', '8', '', '', '0', '100', '0', '100', '4537', '5808', '0', '0', '100', '2015-11-01'),
(1557, 'Ondansetron 4mg IGM', '9', '5', '', '', '0', '60', '0', '60', '1540', '1848', '0', '0', '50', '2016-12-01'),
(1558, 'Rifampicin 300 mg IGM', '9', '12', '', '', '0', '800', '0', '800', '479', '575', '0', '0', '1000', '2017-11-01'),
(1559, 'Rifampicin 450 mg IGM', '9', '12', '', '', '0', '200', '0', '200', '660', '791', '0', '0', '500', '2017-12-01'),
(1560, 'Thiamphenicol 500 mg IGM', '9', '12', '', '', '0', '300', '0', '300', '615', '738', '0', '0', '200', '2017-11-01'),
(1561, 'Farmadol inf', '9', '4', '', '', '0', '108', '0', '108', '60500', '72600', '0', '108', '30', '2015-06-30'),
(1562, 'Fixacef 200 mg', '9', '5', '', '', '0', '40', '0', '40', '25300', '30360', '0', '40', '20', '2015-08-31'),
(1563, 'Inpepsa syr', '9', '4', '', '', '0', '36', '0', '36', '50600', '60720', '0', '0', '30', '2016-10-31'),
(1564, 'Feeding Tube No. 8', '9', '2', '', '', '0', '50', '0', '50', '13464', '16157', '0', '0', '20', '2015-12-01'),
(1565, 'Spuit 10cc terumo', '9', '2', '', '', '0', '600', '0', '600', '2557', '3375', '0', '0', '200', '2018-09-01'),
(1566, 'Spuit 5cc terumo', '9', '2', '', '', '0', '2000', '0', '2000', '1925', '2541', '0', '0', '500', '2018-07-01'),
(1567, 'Spuit 50cc lubang tengah terumo', '9', '2', '', '', '0', '80', '0', '80', '29040', '37026', '0', '0', '100', '2018-05-01'),
(1568, 'Spalak 75 cm', '9', '2', '', '', '0', '11', '0', '11', '14500', '17400', '0', '0', '10', '2016-06-15'),
(1569, 'Aminofluid L 500 ml inf', '9', '16', '', '', '0', '10', '0', '10', '100100', '120120', '0', '10', '30', '2015-07-29'),
(1570, 'Otsu KCl inj', '9', '35', '', '', '0', '0', '0', '0', '3080', '3696', '0', '0', '30', '0000-00-00'),
(1571, 'Trombo Aspilet', '9', '5', '', '', '0', '1050', '0', '1050', '671', '805', '0', '0', '750', '0000-00-00'),
(1572, 'Lasik inj', '9', '8', '', '', '0', '25', '0', '25', '13116', '15739', '0', '25', '30', '2017-12-31'),
(1573, 'Metsel  ', '9', '12', '', '', '0', '30', '0', '30', '4840', '5808', '0', '0', '60', '2015-04-30'),
(1574, 'Antasid Doen syr Dexa', '9', '4', '', '', '0', '125', '0', '125', '3840', '4851', '0', '125', '50', '2016-12-01'),
(1575, 'Clindamycin 300mg Dexa', '9', '12', '', '', '0', '300', '0', '300', '765', '948', '0', '0', '200', '2017-05-01'),
(1576, 'Ranitidin inj Dexa', '9', '8', '', '', '0', '1300', '0', '1300', '2158', '2752', '0', '0', '200', '2015-10-01'),
(1577, 'Intravena Catheter 18', '9', '2', '', '', '0', '100', '0', '100', '8547', '11721', '0', '0', '100', '2018-07-01'),
(1578, 'Intravena Catheter 22', '9', '2', '', '', '0', '100', '0', '100', '8547', '11721', '0', '0', '100', '2018-08-01'),
(1579, 'Intravena Catheter 20', '9', '2', '', '', '0', '100', '0', '100', '8547', '11721', '0', '0', '100', '2018-07-31'),
(1580, 'Intravena Catheter 24', '9', '2', '', '', '0', '100', '0', '100', '8547', '11721', '0', '0', '100', '2018-05-01'),
(1581, 'Non Rebreathing Masker', '9', '2', '', '', '1', '5', '0', '6', '36135', '45771', '0', '0', '5', '0000-00-00'),
(1582, 'Ranitidin 150mg Dexa', '9', '5', '', '', '0', '500', '0', '500', '173', '221', '0', '0', '500', '2016-11-01'),
(1583, 'Tetagam inj', '9', '28', '', '', '0', '15', '0', '15', '178200', '213840', '0', '0', '10', '2016-04-01'),
(1584, 'Asam traneksamat inj  HJ', '9', '8', '', '', '0', '60', '0', '60', '5775', '6930', '0', '60', '50', '2016-09-30'),
(1585, 'Kalmicetin cream', '9', '9', '', '', '0', '3', '0', '3', '9075', '10890', '0', '3', '10', '2016-12-31'),
(1586, 'Tilidon syr', '9', '4', '', '', '0', '24', '0', '24', '29991', '35989', '0', '0', '20', '2015-12-31'),
(1587, 'Trolit ', '9', '14', '', '', '0', '60', '0', '60', '9166', '10999', '0', '0', '18', '2015-09-30'),
(1588, 'Urinter', '9', '12', '', '', '0', '100', '0', '100', '3213', '3856', '0', '0', '50', '2017-11-30'),
(1589, 'Antasid Doen tab Sanbe ', '9', '5', '', '', '0', '700', '0', '700', '140', '178', '0', '700', '10', '2018-01-01'),
(1590, 'Sanmol syr', '9', '4', '', '', '0', '20', '0', '20', '10642', '12771', '0', '0', '10', '2018-11-01'),
(1591, 'Episan syr', '9', '4', '', '', '0', '6', '0', '6', '46255', '55506', '0', '6', '15', '2015-11-01'),
(1592, 'Elkana syr', '9', '4', '', '', '0', '75', '0', '75', '19745', '23694', '0', '0', '20', '2015-02-01'),
(1593, 'Sanmol tab', '9', '5', '', '', '0', '1500', '0', '1500', '253', '303', '0', '0', '50', '2019-01-01'),
(1594, 'Calnic Plus', '9', '5', '', '', '0', '180', '0', '180', '2949', '3539', '0', '0', '60', '2016-11-01'),
(1595, 'Citen', '9', '5', '', '', '0', '36', '0', '36', '7260', '8712', '0', '36', '36', '2014-12-01'),
(1596, 'Fuladic cream 5 gr', '9', '9', '', '', '0', '6', '0', '6', '41827', '50193', '0', '0', '5', '2015-10-01'),
(1597, 'Latropil syr', '9', '4', '', '', '0', '15', '0', '15', '40755', '48906', '0', '15', '20', '2017-06-01'),
(1598, 'Nystin drop', '9', '4', '', '', '0', '15', '0', '15', '31102', '37323', '0', '0', '20', '2015-10-01'),
(1599, 'Propepsa syr', '9', '4', '', '', '0', '12', '0', '12', '48799', '58558', '0', '0', '30', '2016-09-01'),
(1600, 'Bioquinone', '9', '12', '', '', '0', '100', '0', '100', '14580', '17820', '0', '100', '50', '2018-11-01'),
(1601, 'Patral', '9', '5', '', '', '0', '200', '0', '200', '7480', '8976', '0', '0', '30', '2015-11-30'),
(1602, 'Daktarin Oral Gel 10 gr', '9', '5', '', '', '0', '6', '0', '6', '57556', '69068', '0', '6', '3', '2016-10-31'),
(1603, 'Fartolin syr', '9', '4', '', '', '0', '72', '0', '72', '38500', '46200', '0', '72', '20', '2016-03-31'),
(1604, 'Gastrul', '9', '5', '', '', '0', '300', '0', '300', '10450', '12540', '0', '300', '60', '2015-09-30'),
(1605, 'Mucogard syr', '9', '4', '', '', '0', '10', '0', '10', '33000', '39600', '0', '0', '30', '2015-12-31'),
(1606, 'Lipofundin inf', '9', '4', '', '', '0', '3', '0', '3', '162800', '195360', '0', '3', '3', '2015-04-07'),
(1607, 'Combiplex inf', '9', '16', '', '', '0', '3', '0', '3', '300162', '360195', '0', '3', '3', '2015-02-28'),
(1608, 'Ciprofloxacin inf', '9', '4', '', '', '0', '0', '0', '0', '48315', '63776', '0', '0', '20', '0000-00-00'),
(1609, 'Ciprofloxacin inf Dexa', '9', '4', '', '', '0', '32', '0', '32', '53864', '68229', '0', '0', '20', '2016-06-01'),
(1610, 'MethylPrednisolon inj Dexa', '9', '4', '', '', '0', '20', '0', '20', '29352', '37457', '0', '0', '20', '2016-11-01'),
(1611, 'Sofban 4 inci', '9', '2', '', '', '0', '4', '0', '4', '20633', '24760', '0', '0', '5', '2016-09-01'),
(1612, 'Deflamat CR 75mg', '9', '12', '', '', '0', '0', '0', '0', '5775', '6930', '0', '0', '80', '0000-00-00'),
(1613, 'Leukoplast kecil', '9', '24', '', '', '0', '20', '0', '20', '6515', '8230', '0', '20', '10', '2015-07-31'),
(1614, 'Decubal cream 20 gr', '9', '9', '', '', '0', '6', '0', '6', '17600', '21120', '0', '6', '5', '2015-07-31'),
(1615, 'Starfolat ', '9', '5', '', '', '0', '1000', '0', '1000', '220', '286', '0', '0', '300', '2015-07-31'),
(1616, 'Infusan Ring As', '9', '16', '', '', '0', '24', '0', '24', '19904', '23885', '0', '0', '24', '2016-11-01'),
(1617, 'Infusan RD', '9', '16', '', '', '0', '48', '0', '48', '18502', '22202', '0', '0', '24', '2015-11-01'),
(1618, 'Benutrion VE', '9', '4', '', '', '0', '10', '0', '10', '90268', '108321', '0', '10', '6', '2015-12-01'),
(1619, 'Folley Catheter 16', '9', '2', '', '', '0', '40', '0', '40', '16362', '20790', '0', '40', '20', '2018-06-01'),
(1620, 'Falunarizin 5mg', '9', '5', '', '', '0', '0', '0', '0', '2200', '2640', '0', '0', '60', '0000-00-00'),
(1621, 'Alxil 500mg', '9', '12', '', '', '0', '60', '0', '60', '8580', '10290', '60', '0', '60', '2018-05-01'),
(1622, 'Benovit C', '9', '5', '', '', '0', '500', '0', '500', '1340', '1608', '500', '0', '100', '2016-11-01'),
(1623, 'Ecotrixon inj', '9', '7', '', '', '0', '10', '0', '10', '166238', '199485', '0', '10', '5', '2016-10-01'),
(1624, 'Sinral 5mg', '9', '5', '', '', '0', '120', '0', '120', '4290', '5148', '0', '0', '100', '2017-11-01'),
(1625, 'Simvastatin 10mg ', '9', '5', '', '', '0', '250', '0', '250', '512', '646', '0', '0', '100', '2015-10-01'),
(1626, 'Simvastatin 20mg', '9', '5', '', '', '0', '100', '0', '100', '1025', '1231', '0', '0', '100', '2018-09-01'),
(1627, 'Vitamin B Complex', '9', '5', '', '', '0', '1000', '0', '1000', '22', '26', '0', '0', '300', '2016-02-01'),
(1628, 'vitamin B12', '9', '5', '', '', '0', '1000', '0', '1000', '15', '19', '0', '0', '300', '2018-05-01'),
(1629, 'Vitamin C', '9', '5', '', '', '0', '2000', '0', '2000', '32', '38', '0', '0', '500', '2016-04-01'),
(1630, 'Bedak Salisil ', '9', '36', '', '', '0', '24', '0', '24', '5500', '6600', '0', '24', '10', '2018-10-01'),
(1631, 'Paracetamol 500mg KF', '9', '5', '', '', '0', '3000', '0', '3000', '105', '126', '0', '0', '300', '2016-01-01'),
(1634, 'Ambroxol 30mg KF', '9', '5', '', '', '0', '0', '0', '0', '125', '150', '0', '0', '500', '0000-00-00'),
(1635, 'Amoxicillin 500mg KF', '9', '5', '', '', '0', '0', '0', '0', '333', '421', '0', '0', '1000', '0000-00-00'),
(1636, 'Ambroxol 30mg IGM', '9', '5', '', '', '0', '500', '0', '500', '125', '150', '0', '0', '500', '2017-11-01'),
(1637, 'Amoxicillin 500mg IGM', '9', '5', '', '', '0', '900', '0', '900', '333', '421', '0', '0', '600', '2017-12-01'),
(1638, 'Cotrimoxazole syr IGM', '9', '4', '', '', '0', '10', '0', '10', '3955', '4746', '0', '10', '20', '2016-11-01'),
(1639, 'Digoxin 0.25mg IGM', '9', '5', '', '', '0', '0', '0', '0', '143', '171', '0', '0', '200', '0000-00-00'),
(1640, 'Gentamicin SK IGm', '9', '9', '', '', '0', '25', '0', '25', '1835', '2202', '0', '25', '25', '2016-10-01'),
(1641, 'Lidocain inj IGM', '9', '8', '', '', '0', '60', '0', '60', '1135', '1362', '0', '60', '10', '2016-11-01'),
(1642, 'Thiamphenicol 500mg IGM', '9', '12', '', '', '0', '0', '0', '0', '615', '738', '0', '0', '100', '0000-00-00'),
(1643, 'Gypsona 4 inci', '9', '2', '', '', '0', '2', '0', '2', '38133', '45760', '0', '2', '3', '2015-07-31'),
(1644, 'Flunarizin 5 mg', '9', '5', '', '', '0', '60', '0', '60', '2200', '2640', '0', '60', '60', '2017-10-31'),
(1645, 'Masker Nebu', '9', '2', '', '', '0', '15', '0', '15', '36135', '45771', '0', '15', '5', '0000-00-00'),
(1646, 'Penemac inj 1g', '9', '28', '', '', '0', '4', '0', '4', '119003', '142804', '0', '0', '3', '2015-06-30'),
(1647, 'Stesolid rectal 5mg', '9', '9', '', '', '0', '20', '0', '20', '23760', '28512', '0', '0', '10', '2015-11-30'),
(1648, 'Opilax syr', '9', '4', '', '', '0', '10', '0', '10', '34485', '41382', '0', '0', '10', '2015-08-01'),
(1649, 'Interzinc', '1', '5', '', '', '0', '0', '0', '0', '1870', '2244', '0', '0', '30', '0000-00-00'),
(1650, 'Alpentin 100mg', '9', '12', '', '', '0', '400', '0', '400', '3740', '4488', '0', '400', '100', '2015-06-30'),
(1651, 'Longatin', '9', '5', '', '', '0', '100', '0', '100', '2200', '2640', '0', '100', '30', '2018-12-31'),
(1652, 'Pantoprazol inj', '9', '7', '', '', '0', '6', '0', '6', '47203', '60596', '0', '0', '5', '2015-07-01'),
(1653, 'interzinc ', '9', '5', '', '', '0', '100', '0', '100', '1870', '2244', '0', '100', '300', '2015-05-01'),
(1654, 'L Bio', '9', '14', '', '', '0', '60', '0', '60', '4183', '5020', '0', '0', '20', '2015-07-01'),
(1655, 'Calnic Plus syr', '9', '4', '', '', '0', '4', '0', '4', '48263', '57915', '0', '4', '10', '2015-11-01'),
(1656, 'Elox cream 5 gr', '9', '9', '', '', '0', '6', '0', '6', '37001', '44401', '0', '6', '5', '2015-10-01'),
(1657, 'Dhavit syr', '9', '4', '', '', '0', '24', '0', '24', '22522', '27026', '0', '24', '20', '2015-10-01'),
(1658, 'Sanmol inf', '9', '4', '', '', '0', '20', '0', '20', '56375', '67650', '0', '0', '20', '2015-10-01'),
(1659, 'Santesar ', '9', '5', '', '', '0', '120', '0', '120', '8067', '9680', '0', '0', '60', '2015-10-01'),
(1660, 'Sanfuliq', '9', '5', '', '', '0', '60', '0', '60', '4620', '5544', '0', '0', '30', '2016-01-01'),
(1661, 'Pumpisel inj', '9', '7', '', '', '0', '12', '0', '12', '140250', '168350', '0', '0', '5', '2015-04-01'),
(1662, 'Pumpitor inj', '9', '7', '', '', '0', '12', '0', '12', '138683', '166419', '0', '0', '6', '2015-08-01'),
(1663, 'Amoxan drop', '9', '4', '', '', '0', '30', '0', '30', '21681', '26017', '0', '30', '15', '2016-10-01'),
(1664, 'Vitamin B6 10mg', '9', '5', '', '', '0', '1000', '0', '1000', '17', '24', '0', '0', '1000', '2017-05-30'),
(1665, 'Tarontal inj', '9', '8', '', '', '0', '8', '0', '8', '40643', '45045', '0', '0', '20', '2016-02-01'),
(1666, 'Fixiphar 100mg', '9', '12', '', '', '0', '120', '0', '120', '17600', '21120', '0', '120', '60', '2015-11-01'),
(1667, 'Vomidon Syrup', '9', '4', '', '', '0', '20', '0', '20', '28600', '34320', '0', '0', '36', '2014-10-01'),
(1668, 'Flutamol P', '9', '12', '', '', '0', '500', '0', '500', '783', '940', '0', '500', '300', '2018-09-01'),
(1669, 'Laxadin Syrup 60ml', '9', '4', '', '', '0', '10', '0', '10', '30250', '36300', '0', '10', '30', '2017-01-01'),
(1670, 'Auspilic 500mg', '9', '5', '', '', '0', '30', '0', '30', '10253', '12303', '0', '30', '30', '2016-08-01'),
(1671, 'Aloxtra', '9', '5', '', '', '0', '60', '0', '60', '12650', '15180', '0', '60', '30', '2015-11-01'),
(1672, 'CFX 100mg', '9', '12', '', '', '0', '90', '0', '90', '3668', '4642', '0', '90', '90', '2015-01-01'),
(1673, 'Oroxin syr', '9', '4', '', '', '0', '10', '0', '10', '25300', '30360', '0', '0', '5', '2018-12-01'),
(1674, 'Candistin drop', '9', '4', '', '', '0', '10', '0', '10', '32450', '38940', '0', '10', '6', '2016-04-01'),
(1675, 'Phardex', '9', '5', '', '', '0', '300', '0', '300', '4400', '5280', '0', '0', '50', '2016-12-01'),
(1676, 'Berotec inh', '9', '28', '', '', '0', '3', '0', '3', '136290', '163548', '0', '3', '3', '2016-09-01'),
(1677, 'Dulcolax supp 5mg', '9', '10', '', '', '0', '12', '0', '12', '11211', '13453', '0', '12', '10', '2017-06-01'),
(1678, 'Betadin obat kumur 100ml', '9', '4', '', '', '0', '24', '0', '24', '8140', '9768', '0', '24', '10', '2016-12-31'),
(1679, 'Ondancetron 4mg/2ml inj soho', '9', '8', '', '', '0', '180', '0', '180', '4840', '5808', '0', '0', '50', '2016-04-30'),
(1680, 'Curvit syr', '9', '4', '', '', '0', '25', '0', '25', '22000', '26400', '0', '0', '10', '2016-01-31'),
(1681, 'Imboost Force', '9', '5', '', '', '0', '180', '0', '180', '5500', '6600', '0', '0', '50', '2016-11-30'),
(1682, 'Nitrisol 160gr', '9', '28', '', '', '0', '3', '0', '3', '44000', '52800', '0', '0', '3', '2015-08-31'),
(1683, 'Acyclovir 400mg Dexa', '9', '5', '', '', '0', '100', '0', '100', '562', '715', '0', '100', '200', '2018-01-01'),
(1684, 'Dumin rectal 125mg', '9', '9', '', '', '0', '25', '0', '25', '10560', '12672', '0', '25', '10', '2017-01-01'),
(1685, 'Mertigo SR', '9', '5', '', '', '0', '100', '0', '100', '5076', '6091', '0', '100', '50', '2015-06-01'),
(1686, 'Granon 1mg inj', '9', '8', '', '', '0', '15', '0', '15', '56100', '67320', '0', '15', '10', '2015-08-01'),
(1687, 'Teosal', '9', '5', '', '', '0', '500', '0', '500', '170', '204', '0', '0', '300', '2016-10-01'),
(1688, 'Flamicort 10mg inj', '9', '7', '', '', '0', '2', '0', '2', '98752', '118503', '0', '2', '2', '2017-07-01'),
(1689, 'Adona inj', '9', '8', '', '', '0', '20', '0', '20', '22880', '27456', '0', '20', '10', '2015-04-01'),
(1690, 'Neurodex', '9', '5', '', '', '0', '1000', '0', '1000', '292', '377', '0', '0', '400', '2016-12-01'),
(1691, 'Cravit 750mg inf', '9', '28', '', '', '0', '4', '0', '4', '335500', '402600', '0', '4', '2', '2015-12-31'),
(1692, 'Acitral syr', '9', '4', '', '', '0', '15', '0', '15', '24139', '28967', '15', '0', '20', '2016-07-31'),
(1693, 'Amoxicillin syr HJ', '9', '4', '', '', '0', '10', '0', '10', '3700', '4440', '0', '10', '20', '2016-07-31'),
(1694, 'Cefadroxil syr HJ', '9', '4', '', '', '0', '10', '0', '10', '8200', '9840', '0', '0', '20', '2016-05-31'),
(1695, 'Cefadroxil 250mg', '9', '12', '', '', '0', '100', '0', '100', '445', '534', '0', '100', '150', '2017-12-31'),
(1696, 'Cernevit inj', '9', '7', '', '', '0', '10', '0', '10', '139700', '167640', '0', '10', '5', '2015-06-30'),
(1697, 'Kalxetin 20mg', '9', '12', '', '', '0', '30', '0', '30', '5646', '6776', '0', '30', '30', '2016-12-31'),
(1698, 'Liprolac', '9', '14', '', '', '0', '60', '0', '60', '5940', '7128', '0', '60', '30', '2015-07-01'),
(1699, 'Lansoprazole HJ', '9', '12', '', '', '0', '400', '0', '400', '1351', '1621', '0', '400', '100', '2016-06-30'),
(1700, 'Vestein syr', '9', '4', '', '', '0', '10', '0', '10', '33000', '39600', '0', '0', '10', '2015-12-31'),
(1701, 'Leparson', '9', '5', '', '', '0', '100', '0', '100', '4174', '5009', '0', '0', '30', '2015-10-01'),
(1702, 'indoran inj', '9', '8', '', '', '5', '0', '0', '5', '8250', '9900', '0', '5', '5', '0000-00-00'),
(1703, 'Zyde 2 SLB 50', '6', '24', '', '', '0', '1', '0', '1', '656073', '656073', '0', '0', '1', '0000-00-00'),
(1704, 'chromic Gut 0 GG 812', '6', '25', '', '', '0', '1', '0', '1', '2613600', '2613600', '0', '0', '1', '2015-10-01'),
(1705, 'Cat Gut Chromic 4/0 ', '6', '24', '', '', '0', '1', '0', '1', '926000', '926000', '0', '0', '1', '0000-00-00'),
(1706, 'Nasal Oxygen', '6', '2', '', '', '0', '30', '0', '30', '11000', '11000', '0', '0', '5', '2016-12-01'),
(1707, 'Bethin NBF', '7', '6', '', '', '0', '20', '0', '20', '63210', '63210', '0', '0', '10', '2016-03-01'),
(1708, 'Prostigmin inj', '7', '23', '', '', '0', '0', '0', '0', '86595', '86595', '0', '0', '1', '0000-00-00');

-- --------------------------------------------------------

--
-- Table structure for table `options`
--

CREATE TABLE IF NOT EXISTS `options` (
  `option_id` int(20) NOT NULL AUTO_INCREMENT,
  `option_key` varchar(50) NOT NULL,
  `option_value` longtext NOT NULL,
  PRIMARY KEY (`option_id`)
) ENGINE=InnoDB  DEFAULT CHARSET=latin1 AUTO_INCREMENT=4 ;

--
-- Dumping data for table `options`
--

INSERT INTO `options` (`option_id`, `option_key`, `option_value`) VALUES
(1, 'site_name', 'Apotik RSUD Pariaman'),
(3, 'site_app', 'Sistem Informasi Apotik');

-- --------------------------------------------------------

--
-- Table structure for table `pembelian`
--

CREATE TABLE IF NOT EXISTS `pembelian` (
  `id_transaksi` varchar(40) NOT NULL,
  `tanggal` date NOT NULL,
  `id_supplier` varchar(20) NOT NULL,
  `nomorPO` varchar(40) NOT NULL,
  PRIMARY KEY (`id_transaksi`)
) ENGINE=InnoDB DEFAULT CHARSET=latin1;

--
-- Dumping data for table `pembelian`
--

INSERT INTO `pembelian` (`id_transaksi`, `tanggal`, `id_supplier`, `nomorPO`) VALUES
('380fea', '2014-01-04', '1', '123'),
('BL-00000381', '2014-01-08', '1', '123'),
('BL-00000382', '2014-01-29', '4', '161200000000'),
('BL-00000383', '2014-01-02', '17', 'FKPDG/201312/05571'),
('BL-00000384', '2014-01-02', '17', 'FKPDG/201312/05570'),
('BL-00000385', '2014-01-02', '17', 'FKPDG/201312/05570'),
('BL-00000386', '2014-01-02', '17', 'FKPDG/201312/05570'),
('BL-00000387', '2014-01-02', '17', 'FKPDG/201312/05570'),
('BL-00000388', '2014-01-03', '12', '2149834'),
('BL-00000389', '2014-01-03', '12', '2149834'),
('BL-00000390', '2014-01-07', '4', '161214000332'),
('BL-00000391', '2014-01-07', '4', '161214000335'),
('BL-00000392', '2014-01-07', '4', '161214000184'),
('BL-00000393', '2014-01-10', '3', 'CD 186164170'),
('BL-00000394', '2014-01-11', '17', 'FKPDG/201401/01719'),
('BL-00000395', '2014-01-11', '17', 'FKPDG/201401/01720'),
('BL-00000396', '2014-01-11', '17', 'FKPDG/201401/01721'),
('BL-00000397', '2014-01-11', '17', 'FKPDG/201401/01748'),
('BL-00000398', '2014-01-13', '4', '161214000925'),
('BL-00000399', '2014-01-13', '4', '161214000921'),
('BL-00000400', '2014-01-13', '4', '161214000923'),
('BL-00000401', '2014-01-06', '9', 'INV-5.14.00024'),
('BL-00000402', '2014-01-15', '4', '161214001091'),
('BL-00000403', '2014-01-15', '4', '161214001090'),
('BL-00000404', '2014-01-17', '12', 'FKT 4000279'),
('BL-00000405', '2014-01-17', '4', '161214001240'),
('BL-00000406', '2014-01-18', '6', '2310485510'),
('BL-00000407', '2014-01-20', '8', '314000061'),
('BL-00000408', '2014-01-18', '26', '114000621'),
('BL-00000409', '2014-01-13', '13', '819535360'),
('BL-00000410', '2014-01-23', '13', '819615646'),
('BL-00000411', '2014-01-22', '13', '819605230'),
('BL-00000412', '2014-01-25', '28', 'SOMDN 1400568'),
('BL-00000413', '2014-01-29', '3', 'CD 18653465'),
('BL-00000414', '2014-01-30', '4', '161214002654'),
('BL-00000415', '2014-01-30', '4', '161214002644'),
('BL-00000416', '2014-01-30', '4', '161214002640'),
('BL-00000417', '2014-01-13', '4', '161214000924'),
('BL-00000418', '2014-01-23', '28', '1400091'),
('BL-00000424', '2014-01-30', '4', '161214002654'),
('BL-00000425', '2014-02-25', '8', '9999'),
('BL-00000426', '2014-01-13', '4', '161214000920'),
('BL-00000427', '2014-01-13', '4', '161214000920'),
('BL-00000428', '2014-01-15', '13', '819547604'),
('BL-00000429', '2014-01-16', '17', 'FKPDG/201401/02475'),
('BL-00000430', '2014-01-16', '17', 'FKPDG/201401/02476'),
('BL-00000431', '2014-01-16', '24', '14000187'),
('BL-00000432', '2014-01-16', '24', '14000187'),
('BL-00000433', '2014-01-16', '4', '161214001241'),
('BL-00000434', '2014-01-17', '12', 'FHT4000280'),
('BL-00000435', '2014-01-20', '12', 'FKT4000312'),
('BL-00000436', '2014-01-19', '4', '161214001508'),
('BL-00000437', '2014-01-21', '13', '819593400'),
('BL-00000438', '2014-01-21', '13', '819597280'),
('BL-00000439', '2014-02-20', '4', '121614001516'),
('BL-00000440', '2014-01-22', '4', '161214001751'),
('BL-00000441', '2014-01-27', '29', '14'),
('BL-00000442', '2014-01-27', '29', '14'),
('BL-00000443', '2014-01-28', '4', '161214002314'),
('BL-00000444', '2014-01-30', '14', '52INV.01.2014.832'),
('BL-00000445', '2014-01-30', '14', '52INV.01.2014.832'),
('BL-00000446', '2014-01-30', '5', 'FJ-3002140003197'),
('BL-00000447', '2014-02-06', '16', '12-215029'),
('BL-00000448', '2014-02-07', '6', '2310488169'),
('BL-00000449', '2014-02-07', '4', '161214003403'),
('BL-00000450', '2014-01-02', '17', 'FKPDG/201312/05570'),
('BL-00000451', '2014-01-18', '26', '114000621'),
('BL-00000452', '2014-01-29', '3', 'CD 186523465'),
('BL-00000453', '2014-01-30', '14', '829'),
('BL-00000454', '2014-01-13', '4', '161214000924'),
('BL-00000455', '2014-01-23', '28', '1400091'),
('BL-00000456', '2014-02-07', '4', '161214003404'),
('BL-00000457', '2014-02-07', '4', '161214003404'),
('BL-00000458', '2014-02-07', '4', '161214003394'),
('BL-00000459', '2014-02-08', '24', '14-000413'),
('BL-00000460', '2014-02-08', '24', '14-000413'),
('BL-00000461', '2014-02-08', '16', '12-21500'),
('BL-00000462', '2014-02-08', '8', '114006194'),
('BL-00000463', '2014-02-08', '8', '114006194'),
('BL-00000464', '2014-02-08', '8', '114006195'),
('BL-00000465', '2014-02-08', '17', 'FKPDG/201402/01387'),
('BL-00000466', '2014-02-08', '17', 'FKPDG/201402/01389'),
('BL-00000467', '2014-02-08', '8', 'FKPDG/201402/01388'),
('BL-00000468', '2014-02-08', '8', 'FKPDG/201402/01388'),
('BL-00000469', '2014-02-08', '19', '130914001583'),
('BL-00000470', '2014-02-10', '5', 'FJ-3020140004004'),
('BL-00000471', '2014-02-10', '5', 'FJ-3020140004004'),
('BL-00000472', '2014-02-10', '5', 'FJ-3020140004004'),
('BL-00000473', '2014-02-10', '5', 'FJ-3020140004001'),
('BL-00000474', '2014-02-10', '13', '819731834'),
('BL-00000475', '2014-02-10', '13', '819732235'),
('BL-00000476', '2014-02-10', '3', 'CD186297077'),
('BL-00000477', '2014-02-10', '3', 'CD186301754'),
('BL-00000478', '2014-02-10', '4', '161214003460'),
('BL-00000479', '2014-02-10', '4', '161214003459'),
('BL-00000480', '2014-02-10', '4', '161214003547'),
('BL-00000481', '2014-02-10', '4', '161214003547'),
('BL-00000482', '2014-02-10', '17', 'FKPDG/201402/01492'),
('BL-00000483', '2014-02-11', '4', '161214003613'),
('BL-00000484', '2014-02-11', '17', 'FKPDG/201402/01817'),
('BL-00000485', '2014-02-12', '13', '819748000'),
('BL-00000486', '2014-02-12', '24', '14-000491'),
('BL-00000487', '2014-02-12', '22', '0109169'),
('BL-00000488', '2014-02-12', '22', '0109169'),
('BL-00000489', '2014-02-12', '9', 'INV-514000001114'),
('BL-00000490', '2014-02-12', '9', 'INV-514000001114'),
('BL-00000491', '2014-02-14', '17', 'FKPDG/201402/02595'),
('BL-00000492', '2014-02-13', '14', '52INV.02.2014.1285'),
('BL-00000493', '2014-02-13', '14', '52INV.02.2014.1285'),
('BL-00000494', '2014-02-13', '14', '52INV.02.2014.1285'),
('BL-00000495', '2014-02-13', '14', '52INV.02.2014.1285'),
('BL-00000496', '2014-02-06', '12', 'FKT4000659'),
('BL-00000497', '2014-02-14', '3', 'CD186322987'),
('BL-00000498', '2014-02-17', '3', 'CD186330741'),
('BL-00000499', '2014-02-18', '3', 'CD186340662'),
('BL-00000500', '2014-02-22', '3', 'CD186362464'),
('BL-00000501', '2014-02-22', '3', 'CD186362464'),
('BL-00000502', '2014-02-13', '14', '52INV.02.2014.1285'),
('BL-00000503', '2014-02-22', '3', 'CD186362274'),
('BL-00000504', '2014-02-22', '19', '130914002150'),
('BL-00000505', '2014-02-22', '17', 'FKPDG/201402/04448'),
('BL-00000506', '2014-02-22', '17', 'FKPDG/201402/04448'),
('BL-00000507', '2014-02-22', '17', 'FKPDG/201402/04447'),
('BL-00000508', '2014-02-22', '17', 'FKPDG/201402/04446'),
('BL-00000509', '2014-02-22', '17', 'FKPDG/201402/04445'),
('BL-00000510', '2014-02-22', '17', 'FKPDG/201402/04444'),
('BL-00000511', '2014-02-22', '17', 'FKPDG/201402/04444'),
('BL-00000512', '2014-02-18', '12', 'FKT4000899'),
('BL-00000513', '2014-02-19', '24', '14-000554'),
('BL-00000514', '2014-02-17', '23', 'C-01292'),
('BL-00000515', '2014-02-22', '13', '819816366'),
('BL-00000516', '2014-02-22', '13', '819816365'),
('BL-00000517', '2014-02-15', '20', 'B1B9789'),
('BL-00000518', '0000-00-00', '20', 'B1B9789'),
('BL-00000519', '2014-02-15', '20', 'B1B9789'),
('BL-00000520', '2014-02-22', '20', 'B1C0430'),
('BL-00000521', '2014-02-22', '20', 'B1C0432'),
('BL-00000522', '2014-02-22', '20', 'B1C0432'),
('BL-00000523', '2014-02-22', '20', 'B1C0432'),
('BL-00000524', '2014-02-21', '11', '8791915'),
('BL-00000525', '2014-02-24', '5', 'FJ-3020140005737'),
('BL-00000526', '2014-02-24', '5', 'FJ-3020140005738'),
('BL-00000527', '2014-02-24', '13', '819818917'),
('BL-00000528', '2014-02-24', '17', 'FKPDG/201402/04606'),
('BL-00000529', '2014-02-24', '17', 'FKPDG/201402/04607'),
('BL-00000530', '2014-02-24', '17', 'FKPDG/201402/04608'),
('BL-00000531', '2014-02-24', '17', 'FKPDG/201402/04608'),
('BL-00000532', '2014-02-24', '17', 'FKPDG/201402/04609'),
('BL-00000533', '2014-02-24', '4', '161214005035'),
('BL-00000534', '2014-02-24', '4', '161214005035'),
('BL-00000535', '2014-02-24', '4', '161214005036'),
('BL-00000536', '2014-02-24', '4', '161214005036'),
('BL-00000537', '2014-02-24', '4', '161214005036'),
('BL-00000538', '2014-02-24', '4', '161214005034'),
('BL-00000539', '2014-02-24', '8', '114008812'),
('BL-00000540', '2014-02-24', '8', '114008787'),
('BL-00000541', '2014-02-24', '8', '114008798'),
('BL-00000542', '2014-02-24', '8', '114006195'),
('BL-00000543', '2014-01-13', '4', '161214000920'),
('BL-00000544', '2014-01-30', '14', '52INV.02.2014.832'),
('BL-00000545', '2014-01-15', '13', '819547604'),
('BL-00000546', '2014-01-16', '24', '14-000186'),
('BL-00000547', '2014-01-06', '27', '14010041'),
('BL-00000548', '2014-01-06', '27', '14010041'),
('BL-00000549', '2014-01-21', '2', '2014010005'),
('BL-00000550', '2014-01-28', '27', '14010048'),
('BL-00000551', '2014-01-28', '2', '201010008'),
('BL-00000552', '2014-01-28', '2', '2014010008'),
('BL-00000553', '2014-01-28', '2', '2014010008'),
('BL-00000554', '2014-01-21', '2', '2014010005'),
('BL-00000555', '2014-01-21', '2', '2014010005'),
('BL-00000556', '2014-01-21', '2', '2014010005'),
('BL-00000557', '2014-01-18', '27', '140006'),
('BL-00000558', '2014-02-08', '26', '1114001367');

-- --------------------------------------------------------

--
-- Table structure for table `pembelian_detail`
--

CREATE TABLE IF NOT EXISTS `pembelian_detail` (
  `id_transaksi` varchar(20) NOT NULL,
  `tanggal` date NOT NULL,
  `id_obat` int(20) NOT NULL,
  `qty` int(20) NOT NULL,
  `harga_beli` int(40) NOT NULL,
  `harga_jual` int(20) NOT NULL,
  `id_supplier` varchar(40) NOT NULL,
  `nomorPO` varchar(40) NOT NULL,
  `kadaluarsa` date NOT NULL
) ENGINE=InnoDB DEFAULT CHARSET=latin1;

--
-- Dumping data for table `pembelian_detail`
--

INSERT INTO `pembelian_detail` (`id_transaksi`, `tanggal`, `id_obat`, `qty`, `harga_beli`, `harga_jual`, `id_supplier`, `nomorPO`, `kadaluarsa`) VALUES
('BL-00000383', '2014-01-02', 878, 24, 39000, 39000, '17', 'FKPDG/201312/05571', '2016-10-24'),
('BL-00000388', '2014-01-03', 961, 30, 8250, 8250, '12', '2149834', '2015-05-04'),
('BL-00000389', '2014-01-03', 961, 30, 8250, 8250, '12', '2149834', '2015-05-04'),
('BL-00000390', '2014-01-07', 926, 16, 82051, 82051, '4', '161214000332', '2015-10-01'),
('BL-00000391', '2014-01-07', 943, 500, 81, 81, '4', '161214000335', '2018-10-01'),
('BL-00000391', '2014-01-07', 932, 250, 2806, 2806, '4', '161214000335', '2017-09-01'),
('BL-00000391', '2014-01-07', 917, 500, 4000, 4000, '4', '161214000335', '2015-11-01'),
('BL-00000392', '2014-01-07', 951, 30, 168300, 168300, '4', '161214000184', '2016-01-01'),
('BL-00000393', '2014-01-10', 859, 280, 9000, 9000, '3', 'CD 186164170', '0000-00-00'),
('BL-00000393', '2014-01-10', 938, 280, 16750, 16750, '3', 'CD 186164170', '2014-10-01'),
('BL-00000394', '2014-01-11', 855, 100, 22000, 22000, '17', 'FKPDG/201401/01719', '2015-11-06'),
('BL-00000395', '2014-01-11', 947, 6, 56375, 56375, '17', 'FKPDG/201401/01720', '2015-10-07'),
('BL-00000396', '2014-01-11', 889, 100, 2495, 2495, '17', 'FKPDG/201401/01721', '2016-12-01'),
('BL-00000397', '2014-01-11', 942, 12, 345869, 345869, '17', 'FKPDG/201401/01748', '2015-04-29'),
('BL-00000397', '2014-01-11', 894, 10, 90268, 90268, '17', 'FKPDG/201401/01748', '2015-12-28'),
('BL-00000397', '2014-01-11', 922, 120, 11000, 11000, '17', 'FKPDG/201401/01748', '2015-11-07'),
('BL-00000397', '2014-01-11', 878, 48, 39000, 39000, '17', 'FKPDG/201401/01748', '2016-10-24'),
('BL-00000398', '2014-01-13', 897, 2, 152460, 152460, '4', '161214000925', '2015-07-01'),
('BL-00000399', '2014-01-13', 884, 300, 7306, 7306, '4', '161214000921', '2016-06-01'),
('BL-00000399', '2014-01-13', 896, 150, 7508, 7508, '4', '161214000921', '2016-06-01'),
('BL-00000399', '2014-01-13', 1333, 10, 297000, 297000, '4', '161214000921', '2014-07-01'),
('BL-00000400', '2014-01-13', 1320, 30, 37071, 37071, '4', '161214000923', '2015-05-02'),
('BL-00000401', '2014-01-06', 196, 2000, 23, 23, '9', 'INV-5.14.00024', '2016-02-01'),
('BL-00000401', '2014-01-06', 900, 2000, 152, 152, '9', 'INV-5.14.00024', '2018-07-01'),
('BL-00000401', '2014-01-06', 898, 1000, 85, 85, '9', 'INV-5.14.00024', '2018-05-01'),
('BL-00000401', '2014-01-06', 944, 1500, 2143, 2143, '9', 'INV-5.14.00024', '2018-02-01'),
('BL-00000401', '2014-01-06', 923, 2000, 41, 41, '9', 'INV-5.14.00024', '2018-02-01'),
('BL-00000402', '2014-01-15', 912, 2500, 1204, 1204, '4', '161214001091', '2016-08-01'),
('BL-00000403', '2014-01-15', 930, 100, 15023, 15023, '4', '161214001090', '2015-02-01'),
('BL-00000404', '2014-01-17', 822, 30, 126500, 126500, '12', 'FKT 4000279', '0000-00-00'),
('BL-00000405', '2014-01-17', 827, 20, 242000, 242000, '4', '161214001240', '2015-10-01'),
('BL-00000406', '2014-01-18', 948, 15, 132000, 132000, '6', '2310485510', '2016-06-01'),
('BL-00000406', '2014-01-18', 950, 20, 148000, 148000, '6', '2310485510', '2016-06-01'),
('BL-00000406', '2014-01-18', 871, 20, 8800, 8800, '6', '2310485510', '2015-04-01'),
('BL-00000406', '2014-01-18', 890, 10, 360525, 360525, '6', '2310485510', '2016-02-01'),
('BL-00000406', '2014-01-18', 870, 30, 92400, 92400, '6', '2310485510', '2015-04-01'),
('BL-00000407', '2014-01-20', 818, 6, 84000, 84000, '8', '314000061', '2016-09-01'),
('BL-00000407', '2014-01-20', 908, 10, 57200, 57200, '8', '314000061', '2015-10-01'),
('BL-00000407', '2014-01-20', 574, 12, 49400, 49400, '8', '314000061', '2016-09-01'),
('BL-00000409', '2014-01-13', 832, 300, 8000, 8000, '13', '819535360', '2016-10-01'),
('BL-00000410', '2014-01-23', 892, 800, 770, 770, '13', '819615646', '2016-07-01'),
('BL-00000411', '2014-01-22', 488, 5, 211750, 211750, '13', '819605230', '2015-04-07'),
('BL-00000411', '2014-01-22', 533, 5, 98000, 98000, '13', '819605230', '2015-04-07'),
('BL-00000412', '2014-01-25', 953, 1, 495000, 495000, '28', 'SOMDN 1400568', '2015-05-01'),
('BL-00000413', '2014-01-29', 939, 600, 4000, 4000, '3', 'CD 18653465', '2016-10-01'),
('BL-00000413', '2014-01-29', 829, 450, 495, 495, '3', 'CD 18653465', '2015-11-01'),
('BL-00000413', '2014-01-29', 910, 3000, 102, 102, '3', 'CD 18653465', '2017-10-01'),
('BL-00000413', '2014-01-29', 955, 12000, 42, 42, '3', 'CD 18653465', '2018-11-01'),
('BL-00000413', '2014-01-29', 886, 90, 396, 396, '3', 'CD 18653465', '2017-09-01'),
('BL-00000413', '2014-01-29', 937, 25, 5445, 5445, '3', 'CD 18653465', '2016-02-01'),
('BL-00000414', '2014-01-30', 935, 100, 69744, 69744, '4', '161214002654', '2016-04-29'),
('BL-00000414', '2014-01-30', 883, 200, 662, 662, '4', '161214002654', '2017-11-01'),
('BL-00000414', '2014-01-30', 123, 400, 790, 790, '4', '161214002654', '2017-03-01'),
('BL-00000414', '2014-01-30', 914, 1000, 678, 678, '4', '161214002654', '2016-11-01'),
('BL-00000414', '2014-01-30', 926, 10, 82051, 82051, '4', '161214002654', '2016-11-01'),
('BL-00000414', '2014-01-30', 943, 500, 81, 81, '4', '161214002654', '2018-10-01'),
('BL-00000414', '2014-01-30', 897, 18, 152460, 152460, '4', '161214002654', '2015-07-01'),
('BL-00000415', '2014-01-30', 837, 1, 1034000, 1034000, '4', '161214002644', '2015-08-31'),
('BL-00000415', '2014-01-30', 813, 5, 1076000, 1076000, '4', '161214002644', '2018-08-31'),
('BL-00000415', '2014-01-30', 864, 300, 9680, 9680, '4', '161214002644', '2017-10-01'),
('BL-00000416', '2014-01-30', 906, 500, 1000, 1000, '4', '161214002640', '2015-03-01'),
('BL-00000416', '2014-01-30', 924, 500, 1850, 1850, '4', '161214002640', '2015-08-26'),
('BL-00000416', '2014-01-30', 959, 300, 4000, 4000, '4', '161214002640', '2016-06-01'),
('BL-00000416', '2014-01-30', 893, 3, 112000, 112000, '4', '161214002640', '2016-06-01'),
('BL-00000416', '2014-01-30', 847, 500, 2100, 2100, '4', '161214002640', '2015-10-01'),
('BL-00000417', '2014-01-13', 901, 300, 8316, 8316, '4', '161214000924', '2015-05-02'),
('BL-00000417', '2014-01-13', 929, 100, 27937, 27937, '4', '161214000924', '2015-06-01'),
('BL-00000425', '2014-02-25', 90, 6, 68, 68, '8', '9999', '2014-02-26'),
('BL-00000426', '2014-01-13', 1421, 5, 160000, 192100, '4', '161214000920', '2016-02-01'),
('BL-00000426', '2014-01-13', 1160, 100, 2310, 2772, '4', '161214000920', '2017-11-01'),
('BL-00000426', '2014-01-13', 1422, 20, 118250, 141900, '4', '161214000920', '2015-04-01'),
('BL-00000426', '2014-01-13', 1423, 25, 35200, 42240, '4', '161214000920', '2016-07-01'),
('BL-00000426', '2014-01-13', 787, 300, 204, 244, '4', '161214000920', '2015-11-02'),
('BL-00000426', '2014-01-13', 1056, 24, 7350, 8820, '4', '161214000920', '2016-07-01'),
('BL-00000426', '2014-01-13', 1424, 10, 78540, 94248, '4', '161214000920', '2016-07-01'),
('BL-00000427', '2014-01-13', 779, 40, 6875, 8250, '4', '161214000920', '2015-06-01'),
('BL-00000427', '2014-01-13', 1242, 250, 2494, 2843, '4', '161214000920', '2016-11-01'),
('BL-00000427', '2014-01-13', 1479, 40, 5775, 6930, '4', '161214000920', '2015-05-01'),
('BL-00000427', '2014-01-13', 1482, 10, 37400, 44880, '4', '161214000920', '2016-11-01'),
('BL-00000427', '2014-01-13', 1485, 500, 882, 1058, '4', '161214000920', '2017-10-01'),
('BL-00000428', '2014-01-15', 1241, 500, 5460, 6553, '13', '819547604', '2016-09-01'),
('BL-00000429', '2014-01-16', 1254, 20, 14773, 17727, '17', 'FKPDG/201401/02475', '2016-01-01'),
('BL-00000430', '2014-01-16', 1508, 5, 55935, 67122, '17', 'FKPDG/201401/02476', '2015-08-01'),
('BL-00000431', '2014-01-16', 1564, 50, 13464, 16157, '24', '14000187', '2015-12-01'),
('BL-00000431', '2014-01-16', 1282, 50, 15833, 19000, '24', '14000187', '2018-02-01'),
('BL-00000431', '2014-01-16', 1292, 300, 2200, 2640, '24', '14000187', '2018-09-01'),
('BL-00000431', '2014-01-16', 1294, 1500, 1595, 1914, '24', '14000187', '2018-09-01'),
('BL-00000431', '2014-01-16', 1135, 1000, 16830, 20196, '24', '14000187', '2015-01-01'),
('BL-00000432', '2014-01-16', 1565, 500, 2557, 3069, '24', '14000187', '2018-09-01'),
('BL-00000432', '2014-01-16', 1566, 1000, 1925, 2310, '24', '14000187', '2018-05-01'),
('BL-00000432', '2014-01-16', 1567, 40, 29040, 34848, '24', '14000187', '2018-05-01'),
('BL-00000433', '2014-01-16', 1534, 16, 18212, 21855, '4', '161214001241', '2015-02-01'),
('BL-00000434', '2014-01-17', 1535, 20, 126500, 151800, '12', 'FHT4000280', '2015-04-30'),
('BL-00000435', '2014-01-20', 1536, 25, 25080, 30096, '12', 'FKT4000312', '2014-09-30'),
('BL-00000435', '2014-01-20', 1537, 1000, 25, 30, '12', 'FKT4000312', '2017-11-03'),
('BL-00000435', '2014-01-20', 1538, 4, 119745, 143694, '12', 'FKT4000312', '2016-07-31'),
('BL-00000435', '2014-01-20', 1539, 6, 176727, 212072, '12', 'FKT4000312', '2016-04-30'),
('BL-00000436', '2014-01-19', 1209, 100, 10285, 12342, '4', '161214001508', '2017-10-01'),
('BL-00000436', '2014-01-19', 1541, 4, 113850, 136620, '4', '161214001508', '2017-10-01'),
('BL-00000437', '2014-01-21', 1542, 15, 28957, 34750, '13', '819593400', '2015-07-15'),
('BL-00000437', '2014-01-21', 1467, 60, 16623, 19949, '13', '819593400', '2016-07-01'),
('BL-00000438', '2014-01-21', 1543, 10, 56305, 67566, '13', '819597280', '2015-06-01'),
('BL-00000438', '2014-01-21', 1544, 15, 45581, 54697, '13', '819597280', '2016-12-01'),
('BL-00000438', '2014-01-21', 1545, 10, 25740, 30888, '13', '819597280', '2016-05-01'),
('BL-00000439', '2014-02-20', 1101, 150, 1258, 1510, '4', '121614001516', '2016-12-01'),
('BL-00000439', '2014-02-20', 714, 40, 152460, 182952, '4', '121614001516', '0000-00-00'),
('BL-00000439', '2014-02-20', 1546, 100, 430, 517, '4', '121614001516', '2016-11-01'),
('BL-00000439', '2014-02-20', 1102, 150, 727, 872, '4', '121614001516', '2016-11-01'),
('BL-00000440', '2014-01-22', 1547, 270, 6208, 7450, '4', '161214001751', '2016-11-01'),
('BL-00000440', '2014-01-22', 1548, 300, 10356, 12427, '4', '161214001751', '2016-07-01'),
('BL-00000440', '2014-01-22', 1549, 250, 1576, 1892, '4', '161214001751', '2015-11-01'),
('BL-00000440', '2014-01-22', 1550, 2, 205128, 246153, '4', '161214001751', '2015-10-01'),
('BL-00000441', '2014-01-27', 1283, 11, 16000, 19200, '29', '14', '2018-06-15'),
('BL-00000441', '2014-01-27', 1286, 16, 11000, 13200, '29', '14', '2018-06-15'),
('BL-00000442', '2014-01-27', 1568, 11, 14500, 17400, '29', '14', '2016-06-15'),
('BL-00000443', '2014-01-28', 1551, 16, 82051, 98461, '4', '161214002314', '2015-10-01'),
('BL-00000443', '2014-01-28', 1552, 16, 53146, 63775, '4', '161214002314', '2015-06-01'),
('BL-00000444', '2014-01-30', 1553, 50, 3131, 3758, '14', '52INV.01.2014.832', '2016-11-01'),
('BL-00000444', '2014-01-30', 1554, 200, 359, 432, '14', '52INV.01.2014.832', '2017-12-01'),
('BL-00000444', '2014-01-30', 642, 1000, 176, 211, '14', '52INV.01.2014.832', '2018-10-01'),
('BL-00000444', '2014-01-30', 1555, 100, 143, 172, '14', '52INV.01.2014.832', '2017-12-01'),
('BL-00000445', '2014-01-30', 1557, 60, 1540, 1848, '14', '52INV.01.2014.832', '2016-12-01'),
('BL-00000445', '2014-01-30', 1558, 200, 480, 575, '14', '52INV.01.2014.832', '2017-11-01'),
('BL-00000445', '2014-01-30', 1559, 200, 660, 791, '14', '52INV.01.2014.832', '2017-12-01'),
('BL-00000445', '2014-01-30', 1560, 100, 615, 739, '14', '52INV.01.2014.832', '2017-11-01'),
('BL-00000445', '2014-01-30', 1357, 25, 6396, 7675, '14', '52INV.01.2014.832', '2016-07-01'),
('BL-00000446', '2014-01-30', 1227, 100, 605, 726, '5', 'FJ-3002140003197', '2017-11-30'),
('BL-00000446', '2014-01-30', 1561, 36, 60500, 72600, '5', 'FJ-3002140003197', '2015-06-30'),
('BL-00000446', '2014-01-30', 1562, 40, 25300, 30360, '5', 'FJ-3002140003197', '2015-08-31'),
('BL-00000446', '2014-01-30', 1563, 24, 50600, 60720, '5', 'FJ-3002140003197', '2016-10-31'),
('BL-00000447', '2014-02-06', 1111, 5, 10890, 13068, '16', '12-215029', '2017-10-25'),
('BL-00000447', '2014-02-06', 1569, 10, 100100, 120120, '16', '12-215029', '2015-07-29'),
('BL-00000447', '2014-02-06', 1045, 20, 15661, 18793, '16', '12-215029', '2016-07-11'),
('BL-00000447', '2014-02-06', 671, 36, 2750, 3300, '16', '12-215029', '2016-08-31'),
('BL-00000447', '2014-02-06', 1112, 10, 6050, 7260, '16', '12-215029', '2017-09-01'),
('BL-00000447', '2014-02-06', 1088, 20, 68868, 82641, '16', '12-215029', '2016-10-01'),
('BL-00000448', '2014-02-07', 1571, 1050, 671, 805, '6', '2310488169', '0000-00-00'),
('BL-00000448', '2014-02-07', 1572, 25, 13116, 15739, '6', '2310488169', '2017-12-31'),
('BL-00000448', '2014-02-07', 1573, 30, 4840, 5808, '6', '2310488169', '2015-04-30'),
('BL-00000448', '2014-02-07', 1147, 20, 7268, 8721, '6', '2310488169', '2015-11-30'),
('BL-00000448', '2014-02-07', 1390, 1, 92400, 110880, '6', '2310488169', '0000-00-00'),
('BL-00000448', '2014-02-07', 1391, 20, 8800, 10560, '6', '2310488169', '2015-07-31'),
('BL-00000448', '2014-02-07', 648, 200, 534, 641, '6', '2310488169', '2016-01-30'),
('BL-00000449', '2014-02-07', 598, 200, 560, 672, '4', '161214003403', '2017-09-01'),
('BL-00000449', '2014-02-07', 1547, 930, 4511, 6497, '4', '161214003403', '2016-11-01'),
('BL-00000449', '2014-02-07', 685, 90, 2194, 2633, '4', '161214003403', '2016-09-01'),
('BL-00000449', '2014-02-07', 1548, 300, 9723, 11787, '4', '161214003403', '2016-07-01'),
('BL-00000449', '2014-02-07', 1574, 50, 3607, 4400, '4', '161214003403', '2016-12-01'),
('BL-00000449', '2014-02-07', 622, 300, 907, 1088, '4', '161214003403', '2016-09-01'),
('BL-00000449', '2014-02-07', 1485, 700, 811, 1058, '4', '161214003403', '2017-10-01'),
('BL-00000450', '2014-01-02', 920, 24, 14446, 14446, '17', 'FKPDG/201312/05570', '2015-05-04'),
('BL-00000451', '2014-01-18', 946, 144, 1126, 1126, '26', '114000621', '2016-12-01'),
('BL-00000451', '2014-01-18', 815, 10, 25000, 25000, '26', '114000621', '2016-12-01'),
('BL-00000452', '2014-01-29', 887, 150, 3511, 3511, '3', 'CD 186523465', '2016-03-01'),
('BL-00000453', '2014-01-30', 841, 10, 414000, 414000, '14', '829', '2016-04-29'),
('BL-00000454', '2014-01-13', 929, 100, 27937, 27937, '4', '161214000924', '2015-07-01'),
('BL-00000455', '2014-01-23', 815, 100, 25000, 25000, '28', '1400091', '2016-01-02'),
('BL-00000456', '2014-02-07', 1105, 500, 143, 183, '4', '161214003404', '2016-11-01'),
('BL-00000456', '2014-02-07', 1582, 500, 173, 221, '4', '161214003404', '2016-11-01'),
('BL-00000456', '2014-02-07', 1189, 100, 843, 1011, '4', '161214003404', '2016-09-01'),
('BL-00000456', '2014-02-07', 1575, 300, 765, 948, '4', '161214003404', '2017-05-01'),
('BL-00000456', '2014-02-07', 1425, 250, 2153, 2992, '4', '161214003404', '2016-11-01'),
('BL-00000456', '2014-02-07', 1576, 1300, 2158, 2752, '4', '161214003404', '2015-10-01'),
('BL-00000456', '2014-02-07', 715, 1500, 1760, 2262, '4', '161214003404', '2016-11-01'),
('BL-00000456', '2014-02-07', 744, 50, 13860, 17671, '4', '161214003404', '2015-07-01'),
('BL-00000457', '2014-02-07', 1108, 1500, 393, 494, '4', '161214003404', '2018-01-01'),
('BL-00000457', '2014-02-07', 988, 500, 1336, 1693, '4', '161214003404', '2016-12-01'),
('BL-00000458', '2014-02-07', 1583, 15, 178200, 213840, '4', '161214003394', '2016-04-01'),
('BL-00000459', '2014-02-08', 954, 20, 16362, 19635, '24', '14-000413', '2017-08-01'),
('BL-00000459', '2014-02-08', 1002, 500, 528, 633, '24', '14-000413', '0000-00-00'),
('BL-00000459', '2014-02-08', 1577, 50, 8547, 10256, '24', '14-000413', '2018-07-01'),
('BL-00000459', '2014-02-08', 1579, 50, 8547, 10256, '24', '14-000413', '2018-09-01'),
('BL-00000459', '2014-02-08', 1578, 50, 8547, 10256, '24', '14-000413', '2018-03-01'),
('BL-00000459', '2014-02-08', 1580, 50, 8547, 10256, '24', '14-000413', '2018-08-01'),
('BL-00000459', '2014-02-08', 1581, 5, 36135, 45771, '24', '14-000413', '0000-00-00'),
('BL-00000459', '2014-02-08', 1029, 50, 12705, 16262, '24', '14-000413', '2015-09-01'),
('BL-00000460', '2014-02-08', 1565, 100, 2557, 3375, '24', '14-000413', '2018-09-01'),
('BL-00000460', '2014-02-08', 1294, 1500, 1595, 2105, '24', '14-000413', '2018-08-01'),
('BL-00000460', '2014-02-08', 1566, 500, 1925, 2541, '24', '14-000413', '2018-07-01'),
('BL-00000460', '2014-02-08', 1567, 20, 29040, 37026, '24', '14-000413', '2018-05-01'),
('BL-00000461', '2014-02-08', 1535, 30, 123337, 148000, '16', '12-21500', '2015-05-31'),
('BL-00000461', '2014-02-08', 1090, 300, 577, 742, '16', '12-21500', '2043-12-31'),
('BL-00000462', '2014-02-08', 1584, 30, 5775, 6930, '8', '114006194', '2016-12-31'),
('BL-00000462', '2014-02-08', 609, 5, 90090, 108108, '8', '114006194', '2016-01-31'),
('BL-00000462', '2014-02-08', 610, 5, 93100, 109560, '8', '114006194', '2016-02-29'),
('BL-00000462', '2014-02-08', 905, 5, 179300, 215160, '8', '114006194', '2015-11-30'),
('BL-00000462', '2014-02-08', 1038, 10, 93500, 112200, '8', '114006194', '2016-02-29'),
('BL-00000462', '2014-02-08', 1026, 30, 6000, 7207, '8', '114006194', '2015-11-15'),
('BL-00000462', '2014-02-08', 1585, 3, 9075, 10890, '8', '114006194', '2016-12-31'),
('BL-00000462', '2014-02-08', 1050, 100, 1650, 1980, '8', '114006194', '2018-04-30'),
('BL-00000463', '2014-02-08', 1052, 100, 2750, 3300, '8', '114006194', '2017-11-30'),
('BL-00000463', '2014-02-08', 1051, 50, 12100, 14520, '8', '114006194', '2016-12-31'),
('BL-00000463', '2014-02-08', 1586, 24, 29991, 35989, '8', '114006194', '2015-12-31'),
('BL-00000463', '2014-02-08', 1587, 60, 9166, 10999, '8', '114006194', '2015-09-30'),
('BL-00000463', '2014-02-08', 1588, 100, 3213, 3856, '8', '114006194', '2017-11-30'),
('BL-00000464', '2014-02-08', 1197, 30, 4042, 4851, '8', '114006195', '2015-11-30'),
('BL-00000465', '2014-02-08', 624, 100, 1542, 1851, '17', 'FKPDG/201402/01387', '2016-07-01'),
('BL-00000465', '2014-02-08', 625, 100, 3160, 3793, '17', 'FKPDG/201402/01387', '2016-07-01'),
('BL-00000465', '2014-02-08', 627, 10, 21681, 26017, '17', 'FKPDG/201402/01387', '2016-07-01'),
('BL-00000466', '2014-02-08', 1589, 100, 139, 178, '17', 'FKPDG/201402/01389', '2018-01-01'),
('BL-00000467', '2014-02-08', 1590, 20, 10642, 12771, '8', 'FKPDG/201402/01388', '2018-11-01'),
('BL-00000467', '2014-02-08', 1251, 10, 14382, 17259, '8', 'FKPDG/201402/01388', '2016-11-01'),
('BL-00000467', '2014-02-08', 1254, 30, 14773, 17727, '8', 'FKPDG/201402/01388', '2016-01-01'),
('BL-00000467', '2014-02-08', 1162, 10, 30360, 36432, '8', 'FKPDG/201402/01388', '2016-06-01'),
('BL-00000467', '2014-02-08', 1591, 6, 46255, 55506, '8', 'FKPDG/201402/01388', '2015-11-01'),
('BL-00000467', '2014-02-08', 824, 5, 34705, 41646, '8', 'FKPDG/201402/01388', '2015-11-01'),
('BL-00000467', '2014-02-08', 1592, 3, 19745, 23694, '8', 'FKPDG/201402/01388', '2015-02-01'),
('BL-00000467', '2014-02-08', 711, 48, 10087, 12104, '8', 'FKPDG/201402/01388', '2016-10-01'),
('BL-00000468', '2014-02-08', 1593, 500, 253, 303, '8', 'FKPDG/201402/01388', '2018-12-01'),
('BL-00000469', '2014-02-08', 1594, 60, 2949, 3539, '19', '130914001583', '2016-11-01'),
('BL-00000469', '2014-02-08', 1595, 36, 7260, 8712, '19', '130914001583', '2014-12-01'),
('BL-00000469', '2014-02-08', 1596, 6, 41827, 50193, '19', '130914001583', '2015-10-01'),
('BL-00000469', '2014-02-08', 1597, 15, 40755, 48906, '19', '130914001583', '2017-06-01'),
('BL-00000469', '2014-02-08', 1598, 5, 31102, 37323, '19', '130914001583', '2015-09-01'),
('BL-00000469', '2014-02-08', 1600, 100, 14580, 17820, '19', '130914001583', '2018-11-01'),
('BL-00000469', '2014-02-08', 1372, 40, 4620, 5544, '19', '130914001583', '2018-10-01'),
('BL-00000469', '2014-02-08', 1599, 12, 48799, 58558, '19', '130914001583', '2016-09-01'),
('BL-00000470', '2014-02-10', 1601, 100, 7480, 8976, '5', 'FJ-3020140004004', '2015-11-30'),
('BL-00000470', '2014-02-10', 1602, 3, 57556, 69068, '5', 'FJ-3020140004004', '2016-10-31'),
('BL-00000470', '2014-02-10', 771, 600, 726, 871, '5', 'FJ-3020140004004', '2015-11-30'),
('BL-00000470', '2014-02-10', 1019, 90, 3025, 3630, '5', 'FJ-3020140004004', '2016-11-01'),
('BL-00000470', '2014-02-10', 1201, 40, 11000, 13200, '5', 'FJ-3020140004004', '2015-11-30'),
('BL-00000470', '2014-02-10', 1267, 100, 1430, 1716, '5', 'FJ-3020140004004', '2016-09-30'),
('BL-00000470', '2014-02-10', 1603, 24, 38500, 46200, '5', 'FJ-3020140004004', '2016-03-31'),
('BL-00000470', '2014-02-10', 1604, 150, 10450, 12540, '5', 'FJ-3020140004004', '2015-09-30'),
('BL-00000471', '2014-02-10', 1601, 100, 7480, 8976, '5', 'FJ-3020140004004', '2015-11-30'),
('BL-00000471', '2014-02-10', 1602, 3, 57556, 69068, '5', 'FJ-3020140004004', '2016-10-31'),
('BL-00000471', '2014-02-10', 771, 600, 726, 871, '5', 'FJ-3020140004004', '2015-11-30'),
('BL-00000471', '2014-02-10', 1019, 90, 3025, 3630, '5', 'FJ-3020140004004', '2016-11-01'),
('BL-00000471', '2014-02-10', 1201, 40, 11000, 13200, '5', 'FJ-3020140004004', '2015-11-30'),
('BL-00000471', '2014-02-10', 1267, 100, 1430, 1716, '5', 'FJ-3020140004004', '2016-09-30'),
('BL-00000471', '2014-02-10', 1603, 24, 38500, 46200, '5', 'FJ-3020140004004', '2016-03-31'),
('BL-00000471', '2014-02-10', 1604, 150, 10450, 12540, '5', 'FJ-3020140004004', '2015-09-30'),
('BL-00000472', '2014-02-10', 1041, 60, 3300, 3960, '5', 'FJ-3020140004004', '2015-07-31'),
('BL-00000473', '2014-02-10', 1605, 10, 33000, 39600, '5', 'FJ-3020140004001', '2015-12-31'),
('BL-00000473', '2014-02-10', 780, 60, 9166, 11000, '5', 'FJ-3020140004001', '2015-08-31'),
('BL-00000474', '2014-02-10', 1241, 500, 5460, 6553, '13', '819731834', '2016-09-08'),
('BL-00000474', '2014-02-10', 1130, 200, 5144, 6174, '13', '819731834', '2016-10-07'),
('BL-00000474', '2014-02-10', 991, 30, 5313, 6376, '13', '819731834', '2016-04-29'),
('BL-00000475', '2014-02-10', 1606, 3, 162800, 195360, '13', '819732235', '2015-04-07'),
('BL-00000475', '2014-02-10', 1607, 3, 300162, 360195, '13', '819732235', '2015-02-28'),
('BL-00000476', '2014-02-10', 1578, 50, 8547, 11721, '3', 'CD186297077', '2018-08-01'),
('BL-00000476', '2014-02-10', 1577, 50, 8547, 11721, '3', 'CD186297077', '2018-07-01'),
('BL-00000476', '2014-02-10', 1579, 50, 8547, 11721, '3', 'CD186297077', '2018-07-31'),
('BL-00000476', '2014-02-10', 1580, 50, 8547, 11721, '3', 'CD186297077', '2018-05-01'),
('BL-00000477', '2014-02-10', 1308, 50, 10939, 14137, '3', 'CD186301754', '2016-10-31'),
('BL-00000477', '2014-02-10', 1028, 100, 7260, 9438, '3', 'CD186301754', '2015-11-01'),
('BL-00000478', '2014-02-10', 1552, 14, 53146, 63775, '4', '161214003460', '2016-11-01'),
('BL-00000478', '2014-02-10', 1610, 20, 29352, 37457, '4', '161214003460', '2016-11-01'),
('BL-00000478', '2014-02-10', 1191, 24, 15230, 19353, '4', '161214003460', '2016-11-01'),
('BL-00000478', '2014-02-10', 1188, 100, 467, 568, '4', '161214003460', '2016-11-01'),
('BL-00000478', '2014-02-10', 1101, 250, 1117, 1417, '4', '161214003460', '2016-11-01'),
('BL-00000478', '2014-02-10', 1190, 20, 5532, 6930, '4', '161214003460', '2016-11-01'),
('BL-00000479', '2014-02-10', 1209, 100, 10890, 13068, '4', '161214003459', '2016-07-01'),
('BL-00000480', '2014-02-10', 1063, 200, 2816, 3379, '4', '161214003547', '2016-09-01'),
('BL-00000480', '2014-02-10', 1611, 4, 20633, 24760, '4', '161214003547', '2016-09-01'),
('BL-00000480', '2014-02-10', 647, 200, 2247, 2697, '4', '161214003547', '2016-09-01'),
('BL-00000480', '2014-02-10', 1158, 50, 4184, 5021, '4', '161214003547', '2016-09-01'),
('BL-00000480', '2014-02-10', 1423, 20, 35200, 42240, '4', '161214003547', '2016-09-01'),
('BL-00000480', '2014-02-10', 1379, 30, 13750, 16500, '4', '161214003547', '2016-09-01'),
('BL-00000480', '2014-02-10', 1219, 100, 314, 377, '4', '161214003547', '2016-09-01'),
('BL-00000480', '2014-02-10', 1479, 40, 5775, 6930, '4', '161214003547', '2016-09-01'),
('BL-00000481', '2014-02-10', 1643, 2, 38133, 45760, '4', '161214003547', '2015-07-31'),
('BL-00000481', '2014-02-10', 786, 16, 10120, 12144, '4', '161214003547', '2015-07-31'),
('BL-00000481', '2014-02-10', 1421, 5, 160083, 192100, '4', '161214003547', '2015-07-31'),
('BL-00000481', '2014-02-10', 1613, 20, 6515, 8230, '4', '161214003547', '2015-07-31'),
('BL-00000481', '2014-02-10', 1271, 60, 1540, 1848, '4', '161214003547', '2015-07-31'),
('BL-00000481', '2014-02-10', 1614, 6, 17600, 21120, '4', '161214003547', '2015-07-31'),
('BL-00000481', '2014-02-10', 1615, 1000, 220, 286, '4', '161214003547', '2015-07-31'),
('BL-00000482', '2014-02-10', 1364, 24, 18018, 21622, '17', 'FKPDG/201402/01492', '2015-08-01'),
('BL-00000482', '2014-02-10', 1247, 10, 177584, 213101, '17', 'FKPDG/201402/01492', '2015-09-01'),
('BL-00000482', '2014-02-10', 1616, 24, 19904, 23885, '17', 'FKPDG/201402/01492', '2016-11-01'),
('BL-00000482', '2014-02-10', 973, 24, 39003, 46806, '17', 'FKPDG/201402/01492', '2016-11-01'),
('BL-00000482', '2014-02-10', 1618, 10, 90268, 108321, '17', 'FKPDG/201402/01492', '2015-12-01'),
('BL-00000482', '2014-02-10', 1617, 48, 18502, 22202, '17', 'FKPDG/201402/01492', '2015-11-01'),
('BL-00000483', '2014-02-11', 370, 50, 14813, 18712, '4', '161214003613', '2016-09-01'),
('BL-00000484', '2014-02-11', 1592, 72, 19745, 23694, '17', 'FKPDG/201402/01817', '2015-02-01'),
('BL-00000485', '2014-02-12', 1644, 60, 2200, 2640, '13', '819748000', '2017-10-31'),
('BL-00000485', '2014-02-12', 1055, 3, 47630, 57156, '13', '819748000', '2015-12-06'),
('BL-00000485', '2014-02-12', 759, 3, 12645, 14718, '13', '819748000', '2016-12-01'),
('BL-00000486', '2014-02-12', 1645, 15, 36135, 45771, '24', '14-000491', '0000-00-00'),
('BL-00000486', '2014-02-12', 1091, 10, 27225, 34485, '24', '14-000491', '0000-00-00'),
('BL-00000486', '2014-02-12', 1347, 5, 27500, 33000, '24', '14-000491', '0000-00-00'),
('BL-00000486', '2014-02-12', 1377, 50, 3960, 4016, '24', '14-000491', '2016-01-01'),
('BL-00000487', '2014-02-12', 604, 30, 14971, 17965, '22', '0109169', '2015-07-01'),
('BL-00000487', '2014-02-12', 1621, 60, 8580, 10290, '22', '0109169', '2018-05-01'),
('BL-00000487', '2014-02-12', 662, 8, 41827, 50193, '22', '0109169', '2017-05-01'),
('BL-00000487', '2014-02-12', 661, 10, 14479, 17375, '22', '0109169', '2015-07-01'),
('BL-00000487', '2014-02-12', 1622, 500, 1340, 1608, '22', '0109169', '2016-11-01'),
('BL-00000487', '2014-02-12', 670, 200, 1823, 2188, '22', '0109169', '2016-04-01'),
('BL-00000487', '2014-02-12', 1542, 10, 28957, 34750, '22', '0109169', '2015-11-01'),
('BL-00000487', '2014-02-12', 1544, 10, 45566, 54697, '22', '0109169', '2016-10-01'),
('BL-00000488', '2014-02-12', 1623, 10, 166238, 199485, '22', '0109169', '2016-10-01'),
('BL-00000488', '2014-02-12', 1624, 120, 4290, 5148, '22', '0109169', '2017-11-01'),
('BL-00000488', '2014-02-12', 1419, 10, 26813, 32175, '22', '0109169', '2017-10-01'),
('BL-00000488', '2014-02-12', 1467, 240, 16623, 19949, '22', '0109169', '2016-07-01'),
('BL-00000488', '2014-02-12', 1352, 10, 112613, 135135, '22', '0109169', '2017-08-01'),
('BL-00000489', '2014-02-12', 1044, 1000, 97, 116, '9', 'INV-514000001114', '2015-10-20'),
('BL-00000489', '2014-02-12', 1138, 150, 167, 201, '9', 'INV-514000001114', '2018-02-01'),
('BL-00000489', '2014-02-12', 1139, 400, 217, 261, '9', 'INV-514000001114', '2018-11-01'),
('BL-00000489', '2014-02-12', 1246, 100, 97, 116, '9', 'INV-514000001114', '2018-09-01'),
('BL-00000489', '2014-02-12', 1625, 100, 515, 615, '9', 'INV-514000001114', '2018-07-01'),
('BL-00000489', '2014-02-12', 1626, 100, 1025, 1231, '9', 'INV-514000001114', '2018-09-01'),
('BL-00000489', '2014-02-12', 1337, 1000, 21, 26, '9', 'INV-514000001114', '2018-10-01'),
('BL-00000489', '2014-02-12', 1627, 1000, 22, 26, '9', 'INV-514000001114', '2016-02-01'),
('BL-00000490', '2014-02-12', 1628, 1000, 15, 19, '9', 'INV-514000001114', '2018-05-01'),
('BL-00000490', '2014-02-12', 1630, 24, 5500, 6600, '9', 'INV-514000001114', '2018-10-01'),
('BL-00000490', '2014-02-12', 1631, 3000, 105, 126, '9', 'INV-514000001114', '2016-01-01'),
('BL-00000490', '2014-02-12', 1629, 2000, 32, 38, '9', 'INV-514000001114', '2016-04-01'),
('BL-00000491', '2014-02-14', 1508, 5, 55935, 67122, '17', 'FKPDG/201402/02595', '2015-08-01'),
('BL-00000492', '2014-02-13', 999, 300, 60, 72, '14', '52INV.02.2014.1285', '2018-05-01'),
('BL-00000492', '2014-02-13', 1641, 60, 1135, 1362, '14', '52INV.02.2014.1285', '2016-11-01'),
('BL-00000492', '2014-02-13', 1078, 50, 332, 399, '14', '52INV.02.2014.1285', '2017-12-01'),
('BL-00000492', '2014-02-13', 1110, 100, 219, 263, '14', '52INV.02.2014.1285', '2018-10-01'),
('BL-00000492', '2014-02-13', 1169, 200, 400, 481, '14', '52INV.02.2014.1285', '2017-12-01'),
('BL-00000492', '2014-02-13', 1558, 600, 479, 575, '14', '52INV.02.2014.1285', '2017-11-01'),
('BL-00000492', '2014-02-13', 1245, 100, 83, 101, '14', '52INV.02.2014.1285', '2018-12-01'),
('BL-00000492', '2014-02-13', 1636, 500, 125, 150, '14', '52INV.02.2014.1285', '2017-11-01'),
('BL-00000493', '2014-02-13', 620, 1000, 113, 136, '14', '52INV.02.2014.1285', '2015-09-01'),
('BL-00000493', '2014-02-13', 1637, 900, 333, 421, '14', '52INV.02.2014.1285', '2017-12-01'),
('BL-00000493', '2014-02-13', 642, 1800, 176, 211, '14', '52INV.02.2014.1285', '2018-12-01'),
('BL-00000493', '2014-02-13', 702, 300, 137, 165, '14', '52INV.02.2014.1285', '2017-07-21'),
('BL-00000493', '2014-02-13', 752, 60, 2844, 3413, '14', '52INV.02.2014.1285', '2016-07-30'),
('BL-00000493', '2014-02-13', 768, 200, 164, 198, '14', '52INV.02.2014.1285', '2018-10-01'),
('BL-00000493', '2014-02-13', 1638, 10, 3955, 4746, '14', '52INV.02.2014.1285', '2016-11-01'),
('BL-00000494', '2014-02-13', 784, 500, 86, 104, '14', '52INV.02.2014.1285', '2016-12-01'),
('BL-00000494', '2014-02-13', 1555, 300, 142, 171, '14', '52INV.02.2014.1285', '2017-12-01'),
('BL-00000494', '2014-02-13', 796, 100, 151, 181, '14', '52INV.02.2014.1285', '2018-09-01'),
('BL-00000494', '2014-02-13', 972, 25, 2058, 2469, '14', '52INV.02.2014.1285', '2017-10-01'),
('BL-00000494', '2014-02-13', 982, 75, 3692, 4430, '14', '52INV.02.2014.1285', '2016-10-02'),
('BL-00000494', '2014-02-13', 1640, 25, 1835, 2202, '14', '52INV.02.2014.1285', '2016-10-01'),
('BL-00000494', '2014-02-13', 983, 10, 3296, 3956, '14', '52INV.02.2014.1285', '2015-09-10'),
('BL-00000494', '2014-02-13', 1560, 200, 615, 738, '14', '52INV.02.2014.1285', '2017-11-01'),
('BL-00000495', '2014-02-13', 1416, 200, 474, 569, '14', '52INV.02.2014.1285', '2016-11-01'),
('BL-00000496', '2014-02-06', 1536, 25, 25080, 30096, '12', 'FKT4000659', '2014-09-30'),
('BL-00000496', '2014-02-06', 1539, 10, 176727, 212072, '12', 'FKT4000659', '2016-04-30'),
('BL-00000497', '2014-02-14', 1646, 4, 119003, 142804, '3', 'CD186322987', '2015-06-30'),
('BL-00000498', '2014-02-17', 807, 1000, 332, 397, '3', 'CD186330741', '2018-09-30'),
('BL-00000498', '2014-02-17', 1650, 150, 3740, 4488, '3', 'CD186330741', '2015-06-30'),
('BL-00000498', '2014-02-17', 1651, 100, 2200, 2640, '3', 'CD186330741', '2018-12-31'),
('BL-00000498', '2014-02-17', 1652, 6, 47203, 60596, '3', 'CD186330741', '2015-07-01'),
('BL-00000499', '2014-02-18', 1029, 100, 10164, 13213, '3', 'CD186340662', '2015-09-30'),
('BL-00000499', '2014-02-18', 687, 100, 13860, 18018, '3', 'CD186340662', '2015-11-01'),
('BL-00000499', '2014-02-18', 1028, 150, 7260, 9438, '3', 'CD186340662', '2015-11-01'),
('BL-00000500', '2014-02-22', 1193, 36, 8250, 9900, '3', 'CD186362464', '0000-00-00'),
('BL-00000500', '2014-02-22', 996, 15, 21439, 25727, '3', 'CD186362464', '2014-10-01'),
('BL-00000500', '2014-02-22', 1648, 10, 34485, 41382, '3', 'CD186362464', '2015-08-01'),
('BL-00000500', '2014-02-22', 1650, 250, 3740, 4488, '3', 'CD186362464', '2015-06-30'),
('BL-00000500', '2014-02-22', 614, 150, 6930, 8316, '3', 'CD186362464', '2015-08-31'),
('BL-00000501', '2014-02-22', 1653, 100, 1870, 2244, '3', 'CD186362464', '2015-05-01'),
('BL-00000502', '2014-02-13', 1220, 100, 479, 575, '14', '52INV.02.2014.1285', '2017-12-01'),
('BL-00000503', '2014-02-22', 1299, 10, 35640, 42768, '3', 'CD186362274', '2015-07-31'),
('BL-00000503', '2014-02-22', 1647, 20, 23760, 28512, '3', 'CD186362274', '2015-11-30'),
('BL-00000504', '2014-02-22', 1654, 60, 4183, 5020, '19', '130914002150', '2015-07-01'),
('BL-00000504', '2014-02-22', 1598, 10, 31102, 37323, '19', '130914002150', '2015-10-01'),
('BL-00000504', '2014-02-22', 1594, 120, 2949, 3539, '19', '130914002150', '2016-11-01'),
('BL-00000504', '2014-02-22', 1655, 4, 48263, 57915, '19', '130914002150', '2015-11-01'),
('BL-00000504', '2014-02-22', 1348, 3, 48263, 57915, '19', '130914002150', '2015-11-01'),
('BL-00000504', '2014-02-22', 1656, 6, 37001, 44401, '19', '130914002150', '2015-10-01'),
('BL-00000504', '2014-02-22', 1657, 24, 22522, 27026, '19', '130914002150', '2015-10-01'),
('BL-00000505', '2014-02-22', 1593, 500, 253, 303, '17', 'FKPDG/201402/04448', '2019-01-01'),
('BL-00000506', '2014-02-22', 1658, 10, 56375, 67650, '17', 'FKPDG/201402/04448', '2015-10-01'),
('BL-00000507', '2014-02-22', 962, 100, 902, 1082, '17', 'FKPDG/201402/04447', '2017-07-01'),
('BL-00000508', '2014-02-22', 1663, 15, 21681, 26017, '17', 'FKPDG/201402/04446', '2016-10-01'),
('BL-00000509', '2014-02-22', 1589, 300, 175, 210, '17', 'FKPDG/201402/04445', '2018-01-01'),
('BL-00000510', '2014-02-22', 1659, 60, 8067, 9680, '17', 'FKPDG/201402/04444', '2015-10-01'),
('BL-00000510', '2014-02-22', 1660, 30, 4620, 5544, '17', 'FKPDG/201402/04444', '2015-08-01'),
('BL-00000510', '2014-02-22', 1254, 20, 14773, 17727, '17', 'FKPDG/201402/04444', '2016-01-01'),
('BL-00000510', '2014-02-22', 1291, 30, 18700, 22440, '17', 'FKPDG/201402/04444', '2015-08-01'),
('BL-00000510', '2014-02-22', 1341, 6, 131973, 158367, '17', 'FKPDG/201402/04444', '2015-10-01'),
('BL-00000510', '2014-02-22', 1162, 4, 30360, 36432, '17', 'FKPDG/201402/04444', '2016-06-01'),
('BL-00000510', '2014-02-22', 1661, 6, 140250, 168350, '17', 'FKPDG/201402/04444', '2015-04-01'),
('BL-00000511', '2014-02-22', 1662, 6, 138683, 166419, '17', 'FKPDG/201402/04444', '2015-08-01'),
('BL-00000512', '2014-02-18', 1539, 20, 176727, 212072, '12', 'FKT4000899', '2016-08-31'),
('BL-00000513', '2014-02-19', 1619, 40, 16362, 20790, '24', '14-000554', '2018-06-01'),
('BL-00000513', '2014-02-19', 1292, 500, 2200, 2904, '24', '14-000554', '2018-09-01'),
('BL-00000513', '2014-02-19', 1294, 1500, 1595, 2105, '24', '14-000554', '2018-08-01'),
('BL-00000513', '2014-02-19', 1566, 500, 1925, 2541, '24', '14-000554', '2018-07-01'),
('BL-00000513', '2014-02-19', 1567, 20, 29040, 37026, '24', '14-000554', '2018-05-01'),
('BL-00000513', '2014-02-19', 1293, 50, 7040, 8976, '24', '14-000554', '2018-05-01'),
('BL-00000514', '2014-02-17', 606, 20, 3500, 4260, '23', 'C-01292', '2018-09-30'),
('BL-00000514', '2014-02-17', 1664, 1000, 17, 24, '23', 'C-01292', '2017-05-30'),
('BL-00000515', '2014-02-22', 628, 30, 8800, 10560, '13', '819816366', '2016-06-01'),
('BL-00000515', '2014-02-22', 742, 1000, 440, 528, '13', '819816366', '2017-10-01'),
('BL-00000515', '2014-02-22', 758, 50, 4703, 5643, '13', '819816366', '2018-04-01'),
('BL-00000516', '2014-02-22', 1665, 8, 40643, 45045, '13', '819816365', '2016-02-01'),
('BL-00000516', '2014-02-22', 1543, 15, 56306, 67567, '13', '819816365', '2015-06-01'),
('BL-00000516', '2014-02-22', 1418, 20, 14479, 17375, '13', '819816365', '2015-10-01'),
('BL-00000516', '2014-02-22', 1419, 20, 26813, 32175, '13', '819816365', '2017-10-01'),
('BL-00000516', '2014-02-22', 1545, 15, 25740, 30888, '13', '819816365', '2016-05-01'),
('BL-00000516', '2014-02-22', 689, 90, 9653, 11583, '13', '819816365', '2016-05-01'),
('BL-00000517', '2014-02-15', 1359, 10, 16500, 19800, '20', 'B1B9789', '2017-11-01'),
('BL-00000517', '2014-02-15', 635, 60, 3872, 4646, '20', 'B1B9789', '2016-03-01'),
('BL-00000517', '2014-02-15', 636, 60, 6030, 7235, '20', 'B1B9789', '2016-09-01'),
('BL-00000517', '2014-02-15', 1195, 100, 3300, 3960, '20', 'B1B9789', '2016-10-01'),
('BL-00000517', '2014-02-15', 589, 100, 6270, 7524, '20', 'B1B9789', '2015-10-01'),
('BL-00000518', '0000-00-00', 1666, 60, 17600, 21120, '20', 'B1B9789', '2015-11-01'),
('BL-00000518', '0000-00-00', 1667, 10, 28600, 34320, '20', 'B1B9789', '2014-10-01'),
('BL-00000519', '2014-02-15', 1666, 60, 17600, 21120, '20', 'B1B9789', '2015-11-01'),
('BL-00000519', '2014-02-15', 1667, 10, 28600, 34320, '20', 'B1B9789', '2014-10-01'),
('BL-00000520', '2014-02-22', 1668, 500, 783, 940, '20', 'B1C0430', '2018-09-01'),
('BL-00000521', '2014-02-22', 1175, 10, 71500, 85800, '20', 'B1C0432', '2015-11-01'),
('BL-00000521', '2014-02-22', 1359, 10, 16500, 19800, '20', 'B1C0432', '2017-11-01'),
('BL-00000521', '2014-02-22', 1669, 10, 30250, 36300, '20', 'B1C0432', '2017-01-01'),
('BL-00000521', '2014-02-22', 797, 100, 556, 667, '20', 'B1C0432', '2016-11-01'),
('BL-00000521', '2014-02-22', 1140, 4, 20350, 24420, '20', 'B1C0432', '2017-10-01'),
('BL-00000521', '2014-02-22', 1177, 30, 4767, 5720, '20', 'B1C0432', '2015-11-01'),
('BL-00000521', '2014-02-22', 1670, 30, 10253, 12303, '20', 'B1C0432', '2016-08-01'),
('BL-00000521', '2014-02-22', 1342, 5, 72600, 87120, '20', 'B1C0432', '2015-11-01'),
('BL-00000522', '2014-02-22', 1674, 10, 32450, 38940, '20', 'B1C0432', '2016-04-01'),
('BL-00000522', '2014-02-22', 1673, 10, 25300, 30360, '20', 'B1C0432', '2018-12-01'),
('BL-00000522', '2014-02-22', 1671, 60, 12650, 15180, '20', 'B1C0432', '2015-11-01'),
('BL-00000522', '2014-02-22', 1672, 90, 3668, 4642, '20', 'B1C0432', '2015-01-01'),
('BL-00000523', '2014-02-22', 1675, 300, 4400, 5280, '20', 'B1C0432', '2016-12-01'),
('BL-00000524', '2014-02-21', 1676, 3, 136290, 163548, '11', '8791915', '2016-09-01'),
('BL-00000524', '2014-02-21', 760, 200, 11781, 18058, '11', '8791915', '2015-07-01'),
('BL-00000524', '2014-02-21', 805, 5, 15049, 18058, '11', '8791915', '2017-04-01'),
('BL-00000524', '2014-02-21', 1677, 12, 11211, 13453, '11', '8791915', '2017-06-01'),
('BL-00000525', '2014-02-24', 1678, 24, 8140, 9768, '5', 'FJ-3020140005737', '2016-12-31'),
('BL-00000525', '2014-02-24', 696, 24, 15000, 18000, '5', 'FJ-3020140005737', '2017-12-31'),
('BL-00000525', '2014-02-24', 1401, 300, 6413, 7695, '5', 'FJ-3020140005737', '2016-01-31'),
('BL-00000525', '2014-02-24', 621, 48, 5000, 6000, '5', 'FJ-3020140005737', '2017-12-31'),
('BL-00000525', '2014-02-24', 1679, 180, 4840, 5808, '5', 'FJ-3020140005737', '2016-04-30'),
('BL-00000525', '2014-02-24', 1680, 25, 22000, 26400, '5', 'FJ-3020140005737', '2016-01-31'),
('BL-00000525', '2014-02-24', 1681, 180, 5500, 6600, '5', 'FJ-3020140005737', '2016-11-30'),
('BL-00000526', '2014-02-24', 1226, 30, 4400, 5280, '5', 'FJ-3020140005738', '2016-10-31'),
('BL-00000526', '2014-02-24', 1235, 60, 5225, 6270, '5', 'FJ-3020140005738', '2015-10-31'),
('BL-00000526', '2014-02-24', 1339, 60, 3300, 3960, '5', 'FJ-3020140005738', '2015-05-31'),
('BL-00000526', '2014-02-24', 1361, 90, 6050, 7260, '5', 'FJ-3020140005738', '2015-06-30'),
('BL-00000526', '2014-02-24', 1561, 72, 60500, 72600, '5', 'FJ-3020140005738', '2015-06-30'),
('BL-00000526', '2014-02-24', 1682, 3, 44000, 52800, '5', 'FJ-3020140005738', '2015-08-31'),
('BL-00000526', '2014-02-24', 1603, 24, 38500, 46200, '5', 'FJ-3020140005738', '2016-03-31'),
('BL-00000526', '2014-02-24', 1563, 12, 50600, 60720, '5', 'FJ-3020140005738', '2016-10-31'),
('BL-00000527', '2014-02-24', 1491, 30, 6012, 7215, '13', '819818917', '2016-07-20'),
('BL-00000528', '2014-02-24', 625, 100, 3160, 3793, '17', 'FKPDG/201402/04606', '2016-08-01'),
('BL-00000528', '2014-02-24', 1663, 15, 21681, 26017, '17', 'FKPDG/201402/04606', '2016-10-01'),
('BL-00000529', '2014-02-24', 962, 100, 902, 1082, '17', 'FKPDG/201402/04607', '2017-07-01'),
('BL-00000530', '2014-02-24', 1291, 30, 18700, 22440, '17', 'FKPDG/201402/04608', '2015-08-01'),
('BL-00000530', '2014-02-24', 1341, 6, 131973, 158367, '17', 'FKPDG/201402/04608', '2015-10-01'),
('BL-00000530', '2014-02-24', 1662, 6, 138683, 166419, '17', 'FKPDG/201402/04608', '2015-08-01'),
('BL-00000530', '2014-02-24', 1661, 6, 140250, 168350, '17', 'FKPDG/201402/04608', '2015-04-01'),
('BL-00000530', '2014-02-24', 1593, 500, 253, 303, '17', 'FKPDG/201402/04608', '2019-01-01'),
('BL-00000530', '2014-02-24', 1254, 20, 14773, 17727, '17', 'FKPDG/201402/04608', '2016-01-01'),
('BL-00000530', '2014-02-24', 1658, 10, 56375, 67650, '17', 'FKPDG/201402/04608', '2015-10-01'),
('BL-00000531', '2014-02-24', 1660, 30, 4620, 5544, '17', 'FKPDG/201402/04608', '2016-01-01'),
('BL-00000531', '2014-02-24', 1659, 60, 8067, 9680, '17', 'FKPDG/201402/04608', '2015-10-01'),
('BL-00000532', '2014-02-24', 1589, 300, 140, 178, '17', 'FKPDG/201402/04609', '2018-01-01'),
('BL-00000533', '2014-02-24', 1485, 1000, 793, 1005, '4', '161214005035', '2017-10-01'),
('BL-00000533', '2014-02-24', 715, 500, 1760, 2262, '4', '161214005035', '2016-11-01'),
('BL-00000533', '2014-02-24', 808, 10, 14960, 17952, '4', '161214005035', '2016-12-01'),
('BL-00000533', '2014-02-24', 1551, 10, 87780, 110880, '4', '161214005035', '2015-10-01'),
('BL-00000533', '2014-02-24', 1534, 64, 30975, 37169, '4', '161214005035', '2016-11-01'),
('BL-00000533', '2014-02-24', 1421, 10, 160083, 192100, '4', '161214005035', '2016-02-01'),
('BL-00000533', '2014-02-24', 1158, 50, 4125, 4950, '4', '161214005035', '2017-09-01'),
('BL-00000533', '2014-02-24', 1683, 100, 562, 715, '4', '161214005035', '2018-01-01'),
('BL-00000534', '2014-02-24', 1684, 25, 10560, 12672, '4', '161214005035', '2017-01-01'),
('BL-00000534', '2014-02-24', 1609, 32, 53864, 68229, '4', '161214005035', '2016-06-01'),
('BL-00000535', '2014-02-24', 1685, 100, 5076, 6091, '4', '161214005036', '2015-06-01'),
('BL-00000535', '2014-02-24', 1686, 15, 56100, 67320, '4', '161214005036', '2015-08-01'),
('BL-00000535', '2014-02-24', 1482, 20, 37400, 44880, '4', '161214005036', '2015-10-01'),
('BL-00000535', '2014-02-24', 1479, 60, 5775, 6930, '4', '161214005036', '2015-05-01'),
('BL-00000535', '2014-02-24', 779, 40, 6875, 8250, '4', '161214005036', '2015-06-01'),
('BL-00000535', '2014-02-24', 1423, 15, 35200, 42240, '4', '161214005036', '2016-07-01'),
('BL-00000535', '2014-02-24', 1104, 200, 3047, 3656, '4', '161214005036', '2016-04-01'),
('BL-00000535', '2014-02-24', 1687, 500, 170, 204, '4', '161214005036', '2016-10-01'),
('BL-00000536', '2014-02-24', 1271, 120, 1540, 1848, '4', '161214005036', '2016-10-01'),
('BL-00000537', '2014-02-24', 1701, 100, 4174, 5009, '4', '161214005036', '2015-10-01'),
('BL-00000538', '2014-02-24', 637, 10, 35200, 42240, '4', '161214005034', '2016-11-09'),
('BL-00000538', '2014-02-24', 651, 3, 119999, 143998, '4', '161214005034', '2015-10-01'),
('BL-00000538', '2014-02-24', 1574, 75, 3840, 4851, '4', '161214005034', '2016-12-01'),
('BL-00000538', '2014-02-24', 1689, 20, 22880, 27456, '4', '161214005034', '2015-04-01'),
('BL-00000538', '2014-02-24', 1690, 1000, 292, 377, '4', '161214005034', '2016-12-01'),
('BL-00000538', '2014-02-24', 1688, 2, 98752, 118503, '4', '161214005034', '2017-07-01'),
('BL-00000538', '2014-02-24', 1625, 150, 512, 646, '4', '161214005034', '2015-10-01'),
('BL-00000539', '2014-02-24', 690, 5, 187000, 224400, '8', '114008812', '2016-10-31'),
('BL-00000540', '2014-02-24', 1691, 4, 335500, 402600, '8', '114008787', '2015-12-31'),
('BL-00000541', '2014-02-24', 1692, 15, 24139, 28967, '8', '114008798', '2016-07-31'),
('BL-00000541', '2014-02-24', 1584, 30, 5775, 6930, '8', '114008798', '2016-09-30'),
('BL-00000541', '2014-02-24', 617, 4, 183700, 220440, '8', '114008798', '2016-09-30'),
('BL-00000541', '2014-02-24', 1693, 10, 3700, 4440, '8', '114008798', '2016-07-31'),
('BL-00000541', '2014-02-24', 1694, 10, 8200, 9840, '8', '114008798', '2016-05-31'),
('BL-00000541', '2014-02-24', 1695, 100, 445, 534, '8', '114008798', '2017-12-31'),
('BL-00000541', '2014-02-24', 716, 10, 30250, 36300, '8', '114008798', '2015-10-31'),
('BL-00000541', '2014-02-24', 1696, 10, 139700, 167640, '8', '114008798', '2015-06-30'),
('BL-00000542', '2014-02-24', 821, 75, 9350, 11220, '8', '114006195', '2015-01-04'),
('BL-00000542', '2014-02-24', 1051, 50, 12100, 14520, '8', '114006195', '2016-12-31'),
('BL-00000542', '2014-02-24', 1697, 30, 5646, 6776, '8', '114006195', '2016-12-31'),
('BL-00000542', '2014-02-24', 1698, 60, 5940, 7128, '8', '114006195', '2015-07-01'),
('BL-00000542', '2014-02-24', 1699, 400, 1351, 1621, '8', '114006195', '2016-06-30'),
('BL-00000542', '2014-02-24', 1388, 40, 7150, 8580, '8', '114006195', '2018-02-28'),
('BL-00000542', '2014-02-24', 1700, 10, 33000, 39600, '8', '114006195', '2015-12-31'),
('BL-00000543', '2014-01-13', 602, 2, 797500, 957000, '4', '161214000920', '2018-01-01'),
('BL-00000544', '2014-01-30', 1556, 100, 4537, 5808, '14', '52INV.02.2014.832', '2015-11-01'),
('BL-00000545', '2014-01-15', 991, 40, 5313, 6376, '13', '819547604', '2016-11-01'),
('BL-00000545', '2014-01-15', 1491, 40, 6012, 7215, '13', '819547604', '2016-11-01'),
('BL-00000546', '2014-01-16', 1313, 3, 16363, 16363, '24', '14-000186', '0000-00-00'),
('BL-00000546', '2014-01-16', 1330, 20, 15840, 15840, '24', '14-000186', '0000-00-00'),
('BL-00000546', '2014-01-16', 1331, 20, 15840, 15840, '24', '14-000186', '0000-00-00'),
('BL-00000546', '2014-01-16', 1325, 300, 2200, 2200, '24', '14-000186', '0000-00-00'),
('BL-00000546', '2014-01-16', 1329, 200, 1925, 1925, '24', '14-000186', '2015-11-01'),
('BL-00000547', '2014-01-06', 1305, 1, 2613600, 2613600, '27', '14010041', '0000-00-00'),
('BL-00000547', '2014-01-06', 1306, 1, 1101100, 1101100, '27', '14010041', '0000-00-00'),
('BL-00000547', '2014-01-06', 1308, 100, 10939, 14137, '27', '14010041', '0000-00-00'),
('BL-00000547', '2014-01-06', 1309, 5, 1624304, 1624304, '27', '14010041', '0000-00-00'),
('BL-00000547', '2014-01-06', 1310, 2, 2583592, 2583592, '27', '14010041', '0000-00-00'),
('BL-00000547', '2014-01-06', 1311, 2, 2805264, 2805264, '27', '14010041', '0000-00-00'),
('BL-00000547', '2014-01-06', 1312, 4, 680020, 680020, '27', '14010041', '0000-00-00'),
('BL-00000547', '2014-01-06', 1316, 90, 49500, 49500, '27', '14010041', '2014-02-27'),
('BL-00000548', '2014-01-06', 1317, 250, 9075, 9075, '27', '14010041', '0000-00-00'),
('BL-00000548', '2014-01-06', 1319, 10, 89892, 89892, '27', '14010041', '0000-00-00'),
('BL-00000548', '2014-01-06', 1314, 30, 168300, 168300, '27', '14010041', '0000-00-00'),
('BL-00000548', '2014-01-06', 1321, 80, 17600, 17600, '27', '14010041', '0000-00-00'),
('BL-00000548', '2014-01-06', 1324, 100, 30250, 30250, '27', '14010041', '0000-00-00'),
('BL-00000548', '2014-01-06', 1327, 60, 27225, 27225, '27', '14010041', '2014-02-27'),
('BL-00000549', '2014-01-21', 1315, 400, 10368, 10368, '2', '2014010005', '0000-00-00'),
('BL-00000549', '2014-01-21', 1326, 2000, 686, 686, '2', '2014010005', '0000-00-00'),
('BL-00000549', '2014-01-21', 1307, 3, 59400, 59400, '2', '2014010005', '0000-00-00'),
('BL-00000549', '2014-01-21', 1328, 1600, 743, 743, '2', '2014010005', '2015-03-19'),
('BL-00000550', '2014-01-28', 1317, 250, 9075, 9075, '27', '14010048', '0000-00-00'),
('BL-00000550', '2014-01-28', 1318, 100, 13431, 13431, '27', '14010048', '2015-04-01'),
('BL-00000551', '2014-01-28', 1703, 1, 656073, 656073, '2', '201010008', '0000-00-00'),
('BL-00000551', '2014-01-28', 1315, 320, 10368, 10368, '2', '201010008', '0000-00-00'),
('BL-00000551', '2014-01-28', 1326, 2400, 686, 686, '2', '201010008', '0000-00-00'),
('BL-00000551', '2014-01-28', 1328, 800, 743, 743, '2', '201010008', '0000-00-00'),
('BL-00000551', '2014-01-28', 1322, 8, 90915, 90915, '2', '201010008', '0000-00-00'),
('BL-00000551', '2014-01-28', 1305, 1, 2613600, 2613600, '2', '201010008', '2015-04-01'),
('BL-00000553', '2014-01-28', 1704, 1, 2613600, 2613600, '2', '2014010008', '2015-10-01'),
('BL-00000554', '2014-01-21', 1300, 1, 1139292, 1139292, '2', '2014010005', '0000-00-00'),
('BL-00000554', '2014-01-21', 1301, 1, 1107216, 1107216, '2', '2014010005', '0000-00-00'),
('BL-00000554', '2014-01-21', 1303, 1, 983664, 983664, '2', '2014010005', '0000-00-00'),
('BL-00000554', '2014-01-21', 1304, 1, 1139292, 1139292, '2', '2014010005', '2015-05-04'),
('BL-00000555', '2014-01-21', 1705, 1, 926000, 926000, '2', '2014010005', '0000-00-00'),
('BL-00000556', '2014-01-21', 1304, 1, 1139292, 1139292, '2', '2014010005', '0000-00-00'),
('BL-00000556', '2014-01-21', 1303, 1, 983664, 983664, '2', '2014010005', '2016-12-01'),
('BL-00000557', '2014-01-18', 1706, 30, 11000, 11000, '27', '140006', '2016-12-01'),
('BL-00000558', '2014-02-08', 1707, 20, 63210, 63210, '26', '1114001367', '2016-03-01');

-- --------------------------------------------------------

--
-- Table structure for table `penjualan_apotik_pelengkap`
--

CREATE TABLE IF NOT EXISTS `penjualan_apotik_pelengkap` (
  `id_penjualan_apotik_pelengkap` varchar(40) NOT NULL,
  `tanggal` date NOT NULL,
  `Nama` varchar(60) NOT NULL,
  `keterangan` varchar(40) NOT NULL,
  `qty_racikan` int(10) NOT NULL,
  `biayajasa` int(20) NOT NULL,
  PRIMARY KEY (`id_penjualan_apotik_pelengkap`)
) ENGINE=InnoDB DEFAULT CHARSET=latin1;

--
-- Dumping data for table `penjualan_apotik_pelengkap`
--

INSERT INTO `penjualan_apotik_pelengkap` (`id_penjualan_apotik_pelengkap`, `tanggal`, `Nama`, `keterangan`, `qty_racikan`, `biayajasa`) VALUES
('APPL-00000001', '2014-01-08', 'Jaja', 'resep', 0, 0),
('APPL-00000002', '0000-00-00', '', 'resep', 0, 0),
('APPL-00000003', '0000-00-00', '', 'resep', 20, 2000),
('APPL-00000004', '0000-00-00', '', 'resep', 13, 2000),
('APPL-00000005', '2014-03-01', 'Heru Rahmat Akhnuari', 'resep', 0, 0);

-- --------------------------------------------------------

--
-- Table structure for table `penjualan_apotik_pelengkap_detail`
--

CREATE TABLE IF NOT EXISTS `penjualan_apotik_pelengkap_detail` (
  `id_penjualan_apotik_pelengkap` varchar(40) NOT NULL,
  `tanggal` date NOT NULL,
  `id_obat` varchar(80) NOT NULL,
  `qty` int(20) NOT NULL,
  `harga_jual` int(20) NOT NULL,
  `tipe` varchar(20) NOT NULL,
  `jasatipe` int(20) NOT NULL
) ENGINE=InnoDB DEFAULT CHARSET=latin1;

--
-- Dumping data for table `penjualan_apotik_pelengkap_detail`
--

INSERT INTO `penjualan_apotik_pelengkap_detail` (`id_penjualan_apotik_pelengkap`, `tanggal`, `id_obat`, `qty`, `harga_jual`, `tipe`, `jasatipe`) VALUES
('APPL-00000001', '2014-01-08', '1', 2, 1000, '', 0),
('APPL-00000002', '0000-00-00', '642', 5, 176, 'Racikan', 0),
('APPL-00000003', '0000-00-00', '742', 2, 440, '', 500),
('APPL-00000004', '0000-00-00', '2', 1, 600, 'Non Racikan', 300),
('APPL-00000005', '2014-03-01', '2', 4, 600, 'Non Racikan', 300);

-- --------------------------------------------------------

--
-- Table structure for table `penjualan_apotik_rs`
--

CREATE TABLE IF NOT EXISTS `penjualan_apotik_rs` (
  `id_penjualan_apotik_rs` varchar(40) NOT NULL,
  `tanggal` date NOT NULL,
  `NoMR` varchar(40) NOT NULL,
  `Nama` varchar(60) NOT NULL,
  `id_kategori_pasien` varchar(40) NOT NULL,
  `jenisrawat` varchar(40) NOT NULL,
  `status` varchar(20) NOT NULL,
  `qty_racikan` int(10) NOT NULL,
  `biayajasa` int(20) NOT NULL,
  PRIMARY KEY (`id_penjualan_apotik_rs`)
) ENGINE=InnoDB DEFAULT CHARSET=latin1;

--
-- Dumping data for table `penjualan_apotik_rs`
--

INSERT INTO `penjualan_apotik_rs` (`id_penjualan_apotik_rs`, `tanggal`, `NoMR`, `Nama`, `id_kategori_pasien`, `jenisrawat`, `status`, `qty_racikan`, `biayajasa`) VALUES
('APRS-00000001', '2014-01-06', '123', 'budi', '1', 'inap', '', 0, 0),
('APRS-00000002', '2014-01-17', '123', 'Budi', '1', 'jalan', '', 0, 0),
('APRS-00000003', '2014-01-13', '888', 'Julia', '1', 'inap', '', 0, 0),
('APRS-00000004', '2014-02-07', '0000000', 'Ami', '1', 'jalan', '', 0, 0),
('APRS-00000005', '0000-00-00', '', '', 'Racikan', 'inap', '', 0, 0),
('APRS-00000006', '0000-00-00', '', '', '0', 'inap', '', 0, 0),
('APRS-00000007', '0000-00-00', '', '', '0', 'inap', '', 0, 0),
('APRS-00000008', '0000-00-00', '', '', '0', 'inap', '', 0, 0),
('APRS-00000009', '2014-03-07', '111', 'asadasd', '1', 'inap', '', 20, 1000),
('APRS-00000010', '2014-03-08', '333', 'sadad', '1', 'inap', '', 20, 2000),
('APRS-00000011', '2014-03-08', '123', 'Heru Rahmat Akhnuari', '1', 'inap', '', 10, 1000),
('APRS-00000012', '2014-03-13', '123123123', '1asdadad', '1', 'inap', '', 10, 1000),
('APRS-00000013', '2014-03-17', '2222222', 'tes', '1', 'inap', '', 20, 2000),
('APRS-00000014', '2014-03-18', '6789', 'feadsadasd', '1', 'inap', '', 30, 3000),
('APRS-00000015', '0000-00-00', '', '', '1', 'inap', '', 0, 0),
('APRS-00000016', '0000-00-00', '', '', '1', 'inap', '', 0, 0),
('APRS-00000017', '0000-00-00', '', '', '1', 'inap', '', 0, 0),
('APRS-00000018', '0000-00-00', '', '', '1', 'inap', '', 0, 0),
('APRS-00000019', '0000-00-00', '', '', '1', 'inap', '', 0, 0),
('APRS-00000020', '0000-00-00', '', '', '1', 'inap', '', 0, 0),
('APRS-00000021', '0000-00-00', '', '', '1', 'inap', '', 0, 0),
('APRS-00000022', '0000-00-00', '', '', '1', 'inap', '', 0, 0),
('APRS-00000023', '0000-00-00', '', '', '1', 'inap', '', 0, 0),
('APRS-00000024', '0000-00-00', '', '', '1', 'inap', '', 0, 0);

-- --------------------------------------------------------

--
-- Table structure for table `penjualan_apotik_rs_detail`
--

CREATE TABLE IF NOT EXISTS `penjualan_apotik_rs_detail` (
  `rs_jual_id` int(20) NOT NULL AUTO_INCREMENT,
  `id_penjualan_apotik_rs` varchar(40) NOT NULL,
  `tanggal` date NOT NULL,
  `id_obat` varchar(80) NOT NULL,
  `qty` varchar(20) NOT NULL DEFAULT '0',
  `harga_jual` int(20) NOT NULL,
  `NoMR` varchar(40) NOT NULL,
  `tipe` varchar(20) NOT NULL,
  `jasatipe` int(20) NOT NULL,
  PRIMARY KEY (`rs_jual_id`)
) ENGINE=InnoDB  DEFAULT CHARSET=latin1 AUTO_INCREMENT=28 ;

--
-- Dumping data for table `penjualan_apotik_rs_detail`
--

INSERT INTO `penjualan_apotik_rs_detail` (`rs_jual_id`, `id_penjualan_apotik_rs`, `tanggal`, `id_obat`, `qty`, `harga_jual`, `NoMR`, `tipe`, `jasatipe`) VALUES
(1, 'APRS-00000001', '2014-01-06', '1', '4', 1000, '123', '', 0),
(2, 'APRS-00000002', '2014-01-17', '1', '4', 1000, '555', '', 0),
(3, 'APRS-00000003', '2014-01-13', '1', '8', 1000, '888', '', 0),
(4, 'APRS-00000004', '2014-02-07', '6', '10', 139, '0000000', '', 0),
(5, 'APRS-00000004', '2014-02-07', '100', '5', 63, '0000000', '', 0),
(6, 'APRS-00000006', '0000-00-00', '581', '20', 4000, '', 'Racikan', 0),
(7, 'APRS-00000008', '0000-00-00', '581', '20', 4000, '', 'Racikan', 0),
(8, 'APRS-00000009', '2014-03-07', '182', '3', 88, '111', '', 500),
(9, 'APRS-00000009', '2014-03-07', '189', '4', 270, '111', '', 500),
(10, 'APRS-00000009', '2014-03-07', '477', '2', 21, '111', '', 0),
(11, 'APRS-00000010', '2014-03-08', '512', '1', 1800, '333', 'Racikan', 0),
(12, 'APRS-00000011', '2014-03-08', '105', '1', 87, '123', 'Non Racikan', 300),
(13, 'APRS-00000011', '2014-03-08', '6', '1', 139, '123', 'Racikan', 0),
(14, 'APRS-00000012', '2014-03-13', '32', '1', 105, '123123123', 'Non Racikan', 300),
(15, 'APRS-00000013', '2014-03-17', '18', '33', 240, '2222222', 'Non Racikan', 300),
(16, 'APRS-00000014', '2014-03-18', '83', '4', 266, '6789', 'Non Racikan', 300),
(17, 'APRS-00000014', '2014-03-18', '74', '5', 60, '6789', 'Non Racikan', 300),
(18, 'APRS-00000015', '0000-00-00', '21', '1', 5308, '', 'Non Racikan', 300),
(19, 'APRS-00000016', '0000-00-00', '10', '1', 3465, '', 'Non Racikan', 300),
(20, 'APRS-00000017', '0000-00-00', '73', '1', 1550, '', 'Non Racikan', 300),
(21, 'APRS-00000018', '0000-00-00', '36', '1', 1959, '', 'Non Racikan', 300),
(22, 'APRS-00000019', '0000-00-00', '4', '2', 3308, '', 'Non Racikan', 300),
(23, 'APRS-00000020', '0000-00-00', '4', '1', 3308, '', 'Non Racikan', 300),
(24, 'APRS-00000021', '0000-00-00', '4', '1', 3308, '', 'Non Racikan', 300),
(25, 'APRS-00000022', '0000-00-00', '4', '0.5', 3308, '', 'Non Racikan', 300),
(26, 'APRS-00000023', '0000-00-00', '4', '0.50', 3308, '', 'Non Racikan', 300),
(27, 'APRS-00000024', '0000-00-00', '4', '0.50', 3308, '', 'Non Racikan', 300);

-- --------------------------------------------------------

--
-- Table structure for table `returns`
--

CREATE TABLE IF NOT EXISTS `returns` (
  `id_return` varchar(30) NOT NULL,
  `id_penjualan_apotik_rs` varchar(40) NOT NULL,
  `NoMR` varchar(40) NOT NULL,
  `tgl` date NOT NULL,
  `keterangan` longtext NOT NULL,
  PRIMARY KEY (`id_return`)
) ENGINE=InnoDB DEFAULT CHARSET=latin1;

-- --------------------------------------------------------

--
-- Table structure for table `return_detail`
--

CREATE TABLE IF NOT EXISTS `return_detail` (
  `id_unik` int(40) NOT NULL AUTO_INCREMENT,
  `id_return` varchar(20) NOT NULL,
  `id_obat` varchar(40) NOT NULL,
  `qty` int(11) NOT NULL,
  PRIMARY KEY (`id_unik`)
) ENGINE=InnoDB DEFAULT CHARSET=latin1 AUTO_INCREMENT=1 ;

-- --------------------------------------------------------

--
-- Table structure for table `ruangan`
--

CREATE TABLE IF NOT EXISTS `ruangan` (
  `id_ruangan` int(20) NOT NULL AUTO_INCREMENT,
  `nama_ruangan` varchar(40) NOT NULL,
  PRIMARY KEY (`id_ruangan`)
) ENGINE=InnoDB  DEFAULT CHARSET=latin1 AUTO_INCREMENT=28 ;

--
-- Dumping data for table `ruangan`
--

INSERT INTO `ruangan` (`id_ruangan`, `nama_ruangan`) VALUES
(1, 'OK Central'),
(2, 'Zaal Bedah'),
(3, 'Zaal Interne'),
(4, 'Zaal IKA'),
(5, 'Zaal Mata'),
(6, 'VIP'),
(7, 'Zaal Perinatologi'),
(8, 'Zaal Kebidanan'),
(9, 'Zaal Kamar Bersalin'),
(10, 'ICU'),
(11, 'IPSRS'),
(12, 'CSSD & Loundry'),
(13, 'Poli Akupuntur'),
(14, 'Fisioterapi'),
(15, 'Poli Kulit & Kelamin'),
(16, 'Poli Bedah'),
(17, 'Poli Penyakit Dalam'),
(18, 'Poli Jantung'),
(19, 'Poli Anak'),
(20, 'Poli Gigi'),
(21, 'Poli Kebidanan'),
(22, 'Poli Mata'),
(23, 'Laboratorium'),
(24, 'Zaal Paru'),
(25, 'IGD'),
(26, 'Radiologi'),
(27, 'Zaal Neurologi');

-- --------------------------------------------------------

--
-- Table structure for table `satuan_obat`
--

CREATE TABLE IF NOT EXISTS `satuan_obat` (
  `id_satuan_obat` int(10) NOT NULL AUTO_INCREMENT,
  `nama_satuan` varchar(40) NOT NULL,
  PRIMARY KEY (`id_satuan_obat`)
) ENGINE=InnoDB  DEFAULT CHARSET=latin1 AUTO_INCREMENT=43 ;

--
-- Dumping data for table `satuan_obat`
--

INSERT INTO `satuan_obat` (`id_satuan_obat`, `nama_satuan`) VALUES
(2, 'Pcs'),
(4, 'Botol'),
(5, 'Tablet'),
(6, 'Liter'),
(7, 'Vial'),
(8, 'Ampul'),
(9, 'Tube'),
(10, 'Suppositoria'),
(11, 'Btl/150'),
(12, 'Kapsul'),
(13, 'Kolf'),
(14, 'Sachet'),
(15, 'Zack'),
(16, 'Soft Bag'),
(17, 'Rectal'),
(18, 'Box/10'),
(19, 'mililiter'),
(20, 'Flexpen'),
(21, 'Btl/100'),
(22, 'Kilogram'),
(23, 'Box/5'),
(24, 'Roll'),
(25, 'Box/36'),
(26, 'Box/24'),
(27, 'Box/12'),
(28, 'Box'),
(29, 'Pasang'),
(30, 'Box/100'),
(31, 'Lusin'),
(32, 'Mini Dose'),
(33, 'Eye drop'),
(34, 'Tabung'),
(35, 'Fls'),
(36, 'Buah'),
(37, 'KIt'),
(38, 'Jerigen/20L'),
(39, 'Set'),
(40, 'Box/25'),
(41, 'Box/10L'),
(42, 'Pack/1000');

-- --------------------------------------------------------

--
-- Table structure for table `session_apotik`
--

CREATE TABLE IF NOT EXISTS `session_apotik` (
  `session_id` varchar(40) NOT NULL DEFAULT '0',
  `ip_address` varchar(45) NOT NULL DEFAULT '0',
  `user_agent` varchar(120) NOT NULL,
  `last_activity` int(10) unsigned NOT NULL DEFAULT '0',
  `user_data` text NOT NULL,
  PRIMARY KEY (`session_id`),
  KEY `last_activity_idx` (`last_activity`)
) ENGINE=InnoDB DEFAULT CHARSET=latin1;

--
-- Dumping data for table `session_apotik`
--

INSERT INTO `session_apotik` (`session_id`, `ip_address`, `user_agent`, `last_activity`, `user_data`) VALUES
('3196752c3860157d227b20ea13f8af17', '127.0.0.1', 'Mozilla/5.0 (Windows NT 6.1; rv:27.0) Gecko/20100101 Firefox/27.0', 1395069716, 'a:5:{s:9:"user_data";s:0:"";s:7:"islogin";b:1;s:6:"isUser";s:6:"apotik";s:4:"role";s:6:"apotik";s:13:"cart_contents";a:3:{s:32:"a87ff679a2f3e71d9181a67b7542122c";a:10:{s:5:"rowid";s:32:"a87ff679a2f3e71d9181a67b7542122c";s:2:"id";s:1:"4";s:4:"name";s:1:"4";s:3:"qty";s:2:".5";s:5:"price";s:4:"3308";s:4:"jual";s:4:"3308";s:10:"jenisresep";s:11:"Non Racikan";s:9:"jasaresep";s:3:"300";s:9:"biayajasa";s:1:"0";s:8:"subtotal";d:1654;}s:11:"total_items";d:0.5;s:10:"cart_total";d:1654;}}');

-- --------------------------------------------------------

--
-- Table structure for table `supplier`
--

CREATE TABLE IF NOT EXISTS `supplier` (
  `id_supplier` int(20) NOT NULL AUTO_INCREMENT,
  `nama_supplier` varchar(80) NOT NULL,
  `alamat` longtext NOT NULL,
  `telepon` varchar(40) NOT NULL,
  PRIMARY KEY (`id_supplier`)
) ENGINE=InnoDB  DEFAULT CHARSET=latin1 AUTO_INCREMENT=30 ;

--
-- Dumping data for table `supplier`
--

INSERT INTO `supplier` (`id_supplier`, `nama_supplier`, `alamat`, `telepon`) VALUES
(2, 'PT. APM', 'Jl. Prof. Dr. Hamka, No. 78 C Padang', '(0751)447657'),
(3, 'PT. MBS', 'Jl. Raya By Pass KM 9 Taratak. Korong Gadang Kec. Kuranji Padang', '000000000000000'),
(4, 'PT. AAM', 'Jl. Jati VII, No. 13, Padang Timur', '(0751)20677'),
(5, 'PT. Parit Padang', 'Jl. Raya By Pass KM 9 Taratak Paneh Kec. Kuranji Padang', '0000'),
(6, 'PT. APL', 'Jl. By Pass BAru KM 10 Gunung Sarik, Kuranji Padang', '00000000'),
(8, 'PT. Enseval', 'Jl. By Pass KM 10 Kec. Kuranji Padang', '00000'),
(9, 'PT. Kimia Farma', 'JL. Teknologi No. 1 Siteba Padang', '000000'),
(10, 'PT. Parazelsus', 'Jl. Batang Antokan No. 21 Kel. Padang Baru Barat, Padang', '(0751)447625'),
(11, 'PT. Tempo', 'Jl. Khatib Sulaiman No. 73 Padang', '000000'),
(12, 'PT. Rajawali Nusindo', 'Jl. Andalas Baru No. 9 Padang', '00000'),
(13, 'PT Dos Ni Roha', 'Jl. MT Haryono Kav 10 Tebet Jakarta', '00000'),
(14, 'PT. Indofarma Global Medika', 'Jl. Bagindo Aziz Chan No. 6 Padang', '00000000'),
(15, 'PT. Penta Valent', 'Jl. Beringin Ujung No. 64 Padang', '000000'),
(16, 'PT. Merapi', 'Jl.  Cilosari 23, Cikini-Menteng Jakarta', '(021)3141906'),
(17, 'PT. Bina San Prima', 'Jl. Purus I No. 12 Padang', '(0751)30122'),
(18, 'PT. Kebayoran', 'Jl. Koto Marapak 10A Padang', '00000'),
(19, 'PT. Millenium Pharmacon International', 'Jl. Perak III No. 10 Padang', '(0751)39396'),
(20, 'PT. Antar Mitra Sembada', 'Jl. By Pass KM 13.5 Padang', '(0751)463700'),
(21, 'PT. Sawah Besar Farma', 'Jl. Situjuh No. 18 Padang', '00000'),
(22, 'PT. United Dico Citas', 'Jl. Pasar Mudik Kel. Pasar Gadang  Kec. Padang Selatan', '(0751)892292'),
(23, 'PT. Talang Gugun', 'Jl. Alai Timur No. 41 Padang', '00000'),
(24, 'PT. Medisia Sainsindo', 'Jl. S. Parman 206 Padang', '(0751)7052141'),
(25, 'PT. Lima Jaya Farmatama', 'Jl. Ir. Juanda No. 3A Padang', '(0751)444771'),
(26, 'PT. Panay farmalab', 'Jl. Sawahan dalam IV No. 18-20 Padang', '(0751)27925'),
(27, 'CV. Madina Scientific', 'Jl. Sutan Syahrir No. 61 Padang', '0751 7733350'),
(28, 'PT. Brataco', 'Jl. Agus Salim 7A Padang', '00000'),
(29, 'Pt. Lain-lain', 'Pariaman', '000');

-- --------------------------------------------------------

--
-- Table structure for table `transfer_obat`
--

CREATE TABLE IF NOT EXISTS `transfer_obat` (
  `id_transfer_obat` int(40) NOT NULL AUTO_INCREMENT,
  `apotik` varchar(40) NOT NULL,
  `tanggal` date NOT NULL,
  `id_obat` varchar(40) NOT NULL,
  `qty` int(20) NOT NULL,
  PRIMARY KEY (`id_transfer_obat`)
) ENGINE=InnoDB  DEFAULT CHARSET=latin1 AUTO_INCREMENT=746 ;

--
-- Dumping data for table `transfer_obat`
--

INSERT INTO `transfer_obat` (`id_transfer_obat`, `apotik`, `tanggal`, `id_obat`, `qty`) VALUES
(2, 'rs', '2014-01-05', '1', 300),
(3, 'pelengkap', '2014-01-08', '1', 40),
(4, 'rs', '0000-00-00', '6', 3700),
(5, 'rs', '0000-00-00', '100', 4600),
(6, 'rs', '2014-02-14', '8', 500),
(7, 'rs', '2014-02-14', '6', 3700),
(8, 'rs', '0000-00-00', '469', 3),
(9, 'rs', '2014-01-02', '470', 1100),
(10, 'rs', '2014-01-02', '471', 1300),
(11, 'rs', '2014-01-02', '472', 48),
(12, 'rs', '2014-01-02', '473', 200),
(13, 'rs', '2014-01-02', '474', 100),
(14, 'rs', '2014-01-02', '475', 700),
(15, 'rs', '2014-01-02', '476', 1600),
(16, 'rs', '2014-01-02', '477', 8000),
(17, 'rs', '2014-01-02', '479', 100),
(18, 'rs', '2014-01-02', '480', 250),
(19, 'rs', '2014-01-02', '481', 150),
(20, 'rs', '2014-01-02', '485', 10),
(21, 'rs', '0000-00-00', '486', 50),
(22, 'rs', '2014-01-02', '487', 250),
(23, 'rs', '2014-01-02', '488', 10),
(24, 'rs', '2014-01-02', '490', 20),
(25, 'rs', '2014-01-02', '491', 20),
(26, 'rs', '2014-01-02', '492', 200),
(27, 'rs', '2014-01-02', '493', 300),
(28, 'rs', '2014-01-02', '495', 50),
(29, 'rs', '2014-01-02', '497', 5),
(30, 'rs', '2014-01-02', '499', 50),
(31, 'rs', '2014-01-02', '500', 250),
(32, 'rs', '2014-01-02', '501', 16),
(33, 'rs', '2014-01-02', '505', 500),
(34, 'rs', '2014-01-02', '506', 500),
(35, 'rs', '2014-01-02', '507', 10),
(36, 'rs', '2014-01-02', '508', 300),
(37, 'rs', '2014-01-02', '510', 120),
(38, 'rs', '2014-01-02', '512', 200),
(39, 'rs', '2014-01-02', '515', 500),
(40, 'rs', '2014-01-02', '518', 1),
(41, 'rs', '2014-01-02', '520', 100),
(42, 'rs', '2014-01-02', '523', 50),
(43, 'rs', '2014-01-02', '524', 10),
(44, 'rs', '2014-01-02', '525', 5000),
(45, 'rs', '2014-01-02', '527', 700),
(46, 'rs', '2014-01-02', '528', 30),
(47, 'rs', '2014-01-02', '529', 50),
(48, 'rs', '2014-01-02', '531', 200),
(49, 'rs', '2014-01-02', '532', 500),
(50, 'rs', '2014-01-02', '533', 10),
(51, 'rs', '2014-01-02', '534', 300),
(52, 'rs', '2014-01-02', '535', 100),
(53, 'rs', '2014-01-02', '536', 40),
(54, 'rs', '2014-01-02', '537', 600),
(55, 'rs', '2014-01-02', '539', 75),
(56, 'rs', '2014-01-02', '541', 200),
(57, 'rs', '2014-01-02', '542', 60),
(58, 'rs', '2014-01-02', '543', 90),
(59, 'rs', '2014-01-02', '545', 25),
(60, 'rs', '2014-01-02', '548', 56),
(61, 'rs', '2014-01-02', '549', 100),
(62, 'rs', '2014-01-02', '550', 24),
(63, 'rs', '2014-01-02', '553', 5),
(64, 'rs', '2014-01-02', '554', 300),
(65, 'rs', '2014-01-02', '555', 400),
(66, 'rs', '2014-01-02', '556', 200),
(67, 'rs', '2014-01-02', '557', 90),
(68, 'rs', '2014-01-02', '558', 1000),
(69, 'rs', '2014-01-02', '559', 300),
(70, 'rs', '2014-01-02', '566', 200),
(71, 'rs', '2014-01-02', '567', 2),
(72, 'rs', '2014-01-02', '568', 300),
(73, 'rs', '2014-01-02', '571', 100),
(74, 'rs', '2014-01-02', '572', 6),
(75, 'rs', '2014-01-02', '573', 100),
(76, 'rs', '2014-01-02', '574', 4),
(77, 'rs', '2014-01-02', '577', 30),
(78, 'rs', '2014-01-02', '578', 800),
(79, 'rs', '2014-01-02', '579', 100),
(80, 'rs', '2014-01-02', '580', 150),
(81, 'rs', '2014-01-02', '581', 150),
(82, 'rs', '2014-01-02', '582', 7),
(83, 'rs', '2014-01-02', '583', 20),
(84, 'rs', '2014-01-02', '584', 1000),
(85, 'rs', '2014-01-02', '585', 60),
(86, 'rs', '2014-01-02', '586', 20),
(87, 'rs', '2014-01-02', '587', 100),
(88, 'rs', '2014-01-02', '202', 240),
(89, 'rs', '0201-01-02', '206', 500),
(90, 'rs', '2014-01-02', '207', 144),
(91, 'rs', '2014-01-02', '210', 150),
(92, 'rs', '2014-01-02', '213', 10),
(93, 'rs', '2014-01-02', '214', 500),
(94, 'rs', '2014-01-02', '215', 1300),
(95, 'rs', '2014-01-02', '216', 300),
(96, 'rs', '2014-01-02', '220', 210),
(97, 'rs', '2014-01-02', '221', 2),
(98, 'rs', '2014-01-02', '222', 24),
(99, 'rs', '2014-01-02', '52', 1000),
(100, 'rs', '2014-01-02', '226', 11),
(101, 'rs', '2014-01-02', '228', 1),
(102, 'rs', '2014-01-02', '230', 10),
(103, 'rs', '2014-01-02', '232', 5),
(104, 'rs', '2014-01-02', '239', 120),
(105, 'rs', '2014-01-02', '242', 2),
(106, 'rs', '2014-01-02', '243', 2500),
(107, 'rs', '2014-01-02', '245', 20),
(108, 'rs', '2014-01-02', '246', 1250),
(109, 'rs', '2014-01-02', '247', 6),
(110, 'rs', '2014-01-02', '248', 200),
(111, 'rs', '2014-01-02', '250', 100),
(112, 'rs', '2014-01-02', '252', 200),
(113, 'rs', '2014-01-02', '253', 10),
(114, 'rs', '2014-01-02', '255', 2),
(115, 'rs', '2014-01-02', '267', 2000),
(116, 'rs', '2014-01-02', '270', 10),
(117, 'rs', '2014-01-02', '279', 30),
(118, 'rs', '2014-01-02', '286', 40),
(119, 'rs', '2014-01-02', '287', 20),
(120, 'rs', '2014-01-02', '294', 1980),
(121, 'rs', '2014-01-02', '295', 150),
(122, 'rs', '2014-01-02', '297', 60),
(123, 'rs', '2014-01-02', '298', 24),
(124, 'rs', '2014-01-02', '304', 2),
(125, 'rs', '2014-01-02', '310', 20),
(126, 'rs', '2014-01-02', '311', 36),
(127, 'rs', '2014-01-02', '314', 400),
(128, 'rs', '2014-01-02', '315', 10),
(129, 'rs', '2014-01-02', '316', 32),
(130, 'rs', '2014-01-02', '320', 100),
(131, 'rs', '2014-01-02', '323', 25),
(132, 'rs', '2014-01-02', '327', 120),
(133, 'rs', '2014-01-02', '330', 1200),
(134, 'rs', '2014-01-02', '8', 500),
(135, 'rs', '2014-01-02', '10', 100),
(136, 'rs', '2014-01-02', '12', 500),
(137, 'rs', '2014-01-02', '17', 1050),
(138, 'rs', '2014-01-02', '18', 1560),
(139, 'rs', '2014-01-02', '20', 1300),
(140, 'rs', '2014-01-02', '21', 30),
(141, 'rs', '2014-01-02', '29', 700),
(142, 'rs', '2014-01-02', '32', 5500),
(143, 'rs', '2014-01-02', '32', 5500),
(144, 'rs', '2014-01-02', '35', 600),
(145, 'rs', '2014-01-02', '36', 50),
(146, 'rs', '2014-01-02', '37', 1350),
(147, 'rs', '2014-01-02', '40', 1000),
(148, 'rs', '2014-01-02', '45', 1200),
(149, 'rs', '2014-01-02', '55', 150),
(150, 'rs', '2014-01-02', '57', 300),
(151, 'rs', '2014-01-02', '60', 2890),
(152, 'rs', '2014-01-02', '61', 500),
(153, 'rs', '2014-01-02', '63', 2800),
(154, 'rs', '2014-01-02', '64', 1100),
(155, 'rs', '2014-01-02', '70', 114),
(156, 'rs', '2014-01-02', '71', 20),
(157, 'rs', '2014-01-02', '72', 40),
(158, 'rs', '2014-01-02', '73', 300),
(159, 'rs', '2014-01-02', '74', 1000),
(160, 'rs', '2014-01-02', '83', 100),
(161, 'rs', '2014-01-02', '86', 200),
(162, 'rs', '2014-01-02', '90', 3000),
(163, 'rs', '2014-01-02', '94', 120),
(164, 'rs', '2014-01-02', '95', 75),
(165, 'rs', '2014-01-02', '102', 1450),
(166, 'rs', '2014-01-02', '103', 500),
(167, 'rs', '2014-01-02', '105', 1500),
(168, 'rs', '2014-01-02', '110', 48),
(169, 'rs', '2014-01-02', '113', 200),
(170, 'rs', '2014-01-02', '114', 2000),
(171, 'rs', '2014-01-02', '116', 1800),
(172, 'rs', '2014-01-02', '118', 27),
(173, 'rs', '2014-01-02', '120', 200),
(174, 'rs', '2014-01-02', '123', 350),
(175, 'rs', '2014-01-02', '124', 100),
(176, 'rs', '2014-01-02', '126', 24),
(177, 'rs', '2014-01-02', '131', 60),
(178, 'rs', '2014-01-02', '144', 48),
(179, 'rs', '2014-01-02', '146', 1370),
(180, 'rs', '2014-01-02', '148', 4000),
(181, 'rs', '2014-01-02', '150', 150),
(182, 'rs', '2014-01-02', '153', 300),
(183, 'rs', '2014-01-02', '155', 100),
(184, 'rs', '2014-01-02', '156', 150),
(185, 'rs', '2014-01-02', '159', 40),
(186, 'rs', '2014-01-02', '160', 2000),
(187, 'rs', '2014-01-02', '164', 20),
(188, 'rs', '2014-01-02', '165', 30),
(189, 'rs', '2014-01-02', '167', 200),
(190, 'rs', '2014-01-02', '168', 150),
(191, 'rs', '2014-01-02', '169', 200),
(192, 'rs', '2014-01-02', '171', 300),
(193, 'rs', '2014-01-02', '174', 4000),
(194, 'rs', '2014-01-02', '175', 1000),
(195, 'rs', '2014-01-02', '176', 100),
(196, 'rs', '2014-01-02', '177', 600),
(197, 'rs', '2014-01-02', '178', 1000),
(198, 'rs', '2014-01-02', '179', 400),
(199, 'rs', '2014-01-02', '181', 3000),
(200, 'rs', '2014-01-02', '182', 14300),
(201, 'rs', '2014-01-02', '185', 200),
(202, 'rs', '2014-01-02', '186', 100),
(203, 'rs', '2014-01-02', '189', 200),
(204, 'rs', '2014-01-02', '194', 1000),
(205, 'rs', '2014-01-02', '196', 1000),
(206, 'rs', '2014-01-02', '197', 5000),
(207, 'rs', '2014-01-02', '198', 100),
(208, 'rs', '2014-01-02', '336', 150),
(209, 'rs', '2014-01-02', '370', 100),
(210, 'rs', '2014-01-02', '384', 100),
(211, 'rs', '2014-01-02', '386', 50),
(212, 'rs', '2014-01-02', '388', 50),
(213, 'rs', '2014-01-02', '389', 400),
(214, 'rs', '2014-01-02', '390', 100),
(215, 'rs', '2014-01-02', '391', 100),
(216, 'rs', '2014-01-02', '402', 19),
(217, 'rs', '2014-01-02', '403', 5),
(218, 'rs', '2014-01-02', '411', 16),
(219, 'rs', '2014-01-02', '430', 10),
(220, 'rs', '2014-01-02', '438', 3),
(221, 'rs', '2014-01-02', '439', 1000),
(222, 'rs', '2014-01-02', '440', 100),
(223, 'rs', '2014-01-02', '442', 3600),
(224, 'rs', '2014-01-02', '443', 1600),
(225, 'rs', '2014-01-02', '458', 100),
(226, 'rs', '2014-01-02', '463', 20),
(227, 'rs', '2014-01-02', '817', 600),
(228, 'rs', '2014-01-02', '818', 10),
(229, 'rs', '2014-01-02', '890', 10),
(230, 'rs', '2014-01-02', '820', 50),
(231, 'rs', '2014-01-23', '892', 100),
(232, 'rs', '2014-01-02', '822', 40),
(233, 'rs', '2014-01-02', '897', 2),
(234, 'rs', '2014-01-06', '900', 1000),
(235, 'rs', '2014-02-13', '901', 300),
(236, 'rs', '2014-01-02', '823', 250),
(237, 'rs', '2014-01-02', '825', 220),
(238, 'rs', '2014-01-02', '808', 100),
(239, 'rs', '2014-01-02', '835', 2),
(240, 'rs', '2014-01-02', '878', 24),
(241, 'rs', '2014-01-07', '917', 200),
(242, 'rs', '2014-01-02', '839', 10),
(243, 'rs', '2014-01-02', '841', 9),
(244, 'rs', '2014-01-02', '843', 100),
(245, 'rs', '2014-01-02', '844', 150),
(246, 'rs', '2014-01-02', '846', 50),
(247, 'rs', '2014-01-02', '926', 16),
(248, 'rs', '2014-01-02', '849', 1),
(249, 'rs', '2014-01-02', '852', 3),
(250, 'rs', '2014-01-11', '932', 200),
(251, 'rs', '2014-01-10', '938', 280),
(252, 'rs', '2014-01-02', '859', 392),
(253, 'rs', '2014-01-02', '861', 12),
(254, 'rs', '2014-01-02', '862', 4),
(255, 'rs', '2014-01-02', '864', 250),
(256, 'rs', '2014-01-06', '944', 1000),
(257, 'rs', '2014-01-18', '947', 2),
(258, 'rs', '2014-01-18', '948', 15),
(259, 'rs', '2014-01-18', '950', 18),
(260, 'rs', '2014-01-07', '951', 30),
(261, 'rs', '2014-01-02', '866', 2),
(262, 'rs', '2014-01-25', '953', 1),
(263, 'rs', '2014-01-06', '868', 3000),
(264, 'rs', '2014-01-02', '869', 10),
(265, 'rs', '2014-01-02', '870', 14),
(266, 'rs', '2014-01-02', '871', 20),
(267, 'rs', '2014-01-05', '871', 20),
(268, 'rs', '2014-01-06', '196', 2000),
(269, 'rs', '2014-01-04', '961', 20),
(270, 'rs', '2014-01-02', '872', 20),
(271, 'pelengkap', '2014-01-01', '588', 140),
(272, 'pelengkap', '2014-01-01', '589', 12),
(273, 'pelengkap', '2014-01-01', '590', 18),
(274, 'pelengkap', '2014-01-01', '591', 42),
(275, 'pelengkap', '2014-01-01', '592', 50),
(276, 'pelengkap', '2014-01-01', '589', 100),
(277, 'rs', '2014-01-01', '1692', 15),
(278, 'pelengkap', '2014-01-01', '596', 3),
(279, 'pelengkap', '2014-01-01', '597', 1),
(280, 'pelengkap', '2014-01-01', '593', 2),
(281, 'pelengkap', '2014-01-01', '598', 202),
(282, 'pelengkap', '2014-01-01', '599', 38),
(283, 'pelengkap', '2014-01-01', '1683', 100),
(284, 'pelengkap', '2014-01-01', '1689', 20),
(285, 'pelengkap', '2014-01-01', '1508', 10),
(286, 'pelengkap', '2014-01-01', '601', 19),
(287, 'pelengkap', '2014-01-01', '602', 4),
(288, 'pelengkap', '2014-01-01', '603', 23),
(289, 'pelengkap', '2014-01-01', '604', 42),
(290, 'pelengkap', '2014-01-01', '605', 3),
(291, 'pelengkap', '2014-01-01', '606', 23),
(292, 'pelengkap', '2014-01-01', '607', 16),
(293, 'pelengkap', '2014-01-01', '608', 6),
(294, 'pelengkap', '2014-01-01', '609', 10),
(295, 'pelengkap', '2014-01-01', '610', 7),
(296, 'pelengkap', '2014-01-01', '612', 5),
(297, 'pelengkap', '2014-01-01', '1671', 60),
(298, 'pelengkap', '2014-02-01', '1650', 400),
(299, 'pelengkap', '2014-01-01', '614', 243),
(300, 'pelengkap', '2014-01-01', '615', 306),
(301, 'pelengkap', '2014-01-01', '616', 993),
(302, 'rs', '2014-01-01', '1621', 60),
(303, 'pelengkap', '2014-01-01', '1553', 50),
(304, 'pelengkap', '2014-01-01', '1569', 10),
(305, 'pelengkap', '2014-01-01', '617', 8),
(306, 'pelengkap', '2014-01-01', '618', 2),
(307, 'pelengkap', '2014-01-01', '619', 4),
(308, 'pelengkap', '2014-01-01', '1549', 250),
(309, 'pelengkap', '2014-01-01', '620', 1005),
(310, 'pelengkap', '2014-01-01', '621', 119),
(311, 'pelengkap', '2014-01-01', '622', 438),
(312, 'pelengkap', '2014-01-01', '623', 4),
(313, 'pelengkap', '2014-01-01', '624', 312),
(314, 'pelengkap', '2014-01-01', '625', 242),
(315, 'pelengkap', '2014-01-01', '1663', 30),
(316, 'pelengkap', '2014-01-01', '626', 4),
(317, 'pelengkap', '2014-01-01', '627', 13),
(318, 'pelengkap', '2014-01-01', '1693', 10),
(319, 'pelengkap', '2014-01-01', '628', 43),
(320, 'pelengkap', '2014-01-01', '629', 521),
(321, 'pelengkap', '2014-01-01', '630', 90),
(322, 'pelengkap', '2014-01-01', '631', 2),
(323, 'pelengkap', '2014-01-01', '634', 109),
(324, 'pelengkap', '2014-01-01', '1574', 125),
(325, 'pelengkap', '2014-01-01', '1589', 700),
(326, 'pelengkap', '2014-01-01', '635', 110),
(327, 'pelengkap', '2014-01-01', '636', 62),
(328, 'pelengkap', '2014-01-01', '637', 11),
(329, 'pelengkap', '2014-01-01', '638', 46),
(330, 'pelengkap', '2014-01-01', '639', 2),
(331, 'pelengkap', '2014-01-01', '640', 12),
(332, 'pelengkap', '2014-01-01', '641', 20),
(333, 'pelengkap', '2014-01-01', '642', 2820),
(334, 'pelengkap', '2014-01-01', '1584', 60),
(335, 'pelengkap', '2014-01-01', '643', 79),
(336, 'pelengkap', '2014-01-01', '657', 35),
(337, 'pelengkap', '2014-01-01', '646', 7),
(338, 'pelengkap', '2014-01-01', '647', 257),
(339, 'pelengkap', '2014-01-01', '648', 286),
(340, 'pelengkap', '2014-01-01', '649', 28),
(341, 'pelengkap', '2014-01-01', '650', 6),
(342, 'pelengkap', '2014-01-01', '1535', 50),
(343, 'pelengkap', '2014-01-01', '1670', 30),
(344, 'pelengkap', '2014-01-01', '651', 4),
(345, 'pelengkap', '2014-01-01', '653', 50),
(346, 'pelengkap', '2014-01-01', '654', 150),
(347, 'pelengkap', '2014-01-01', '655', 100),
(348, 'pelengkap', '2014-01-01', '656', 10),
(349, 'pelengkap', '2014-01-01', '1630', 24),
(350, 'pelengkap', '2014-01-01', '658', 183),
(351, 'pelengkap', '2014-01-01', '659', 180),
(352, 'pelengkap', '2014-01-01', '660', 291),
(353, 'pelengkap', '2014-01-01', '661', 19),
(354, 'pelengkap', '2014-01-01', '662', 12),
(355, 'pelengkap', '2014-01-01', '663', 1),
(356, 'pelengkap', '2014-01-01', '664', 4),
(357, 'rs', '2014-01-01', '1622', 500),
(358, 'pelengkap', '2014-01-01', '665', 344),
(359, 'pelengkap', '2014-01-01', '666', 76),
(360, 'pelengkap', '2014-01-01', '1618', 10),
(361, 'pelengkap', '2014-01-01', '667', 75),
(362, 'pelengkap', '2014-01-01', '1676', 3),
(363, 'pelengkap', '2014-01-01', '668', 80),
(364, 'pelengkap', '2014-01-01', '669', 41),
(365, 'pelengkap', '2014-01-01', '670', 350),
(366, 'pelengkap', '2014-01-01', '1678', 24),
(367, 'pelengkap', '2014-01-01', '671', 39),
(368, 'pelengkap', '2014-01-01', '672', 21),
(369, 'pelengkap', '2014-01-01', '673', 40),
(370, 'pelengkap', '2014-01-01', '674', 49),
(371, 'pelengkap', '2014-01-01', '675', 30),
(372, 'pelengkap', '2014-01-01', '676', 15),
(373, 'pelengkap', '2014-01-01', '677', 8),
(374, 'pelengkap', '2014-01-01', '1600', 100),
(375, 'pelengkap', '2014-01-01', '678', 85),
(376, 'pelengkap', '2014-01-01', '680', 2),
(377, 'rs', '2014-01-01', '681', 2),
(378, 'pelengkap', '2014-01-01', '682', 10),
(379, 'pelengkap', '2014-01-01', '683', 9),
(380, 'pelengkap', '2014-01-01', '684', 5),
(381, 'pelengkap', '2014-01-01', '685', 169),
(382, 'pelengkap', '2014-01-01', '686', 2),
(383, 'pelengkap', '2014-01-01', '687', 191),
(384, 'pelengkap', '2014-01-01', '689', 92),
(385, 'pelengkap', '2014-01-01', '688', 6),
(386, 'pelengkap', '2014-01-01', '1542', 25),
(387, 'pelengkap', '2014-01-01', '1544', 25),
(388, 'pelengkap', '2014-01-01', '690', 6),
(389, 'pelengkap', '2014-01-01', '691', 37),
(390, 'pelengkap', '2014-01-01', '692', 4),
(391, 'pelengkap', '2014-01-01', '693', 15),
(392, 'pelengkap', '2014-01-01', '694', 134),
(393, 'pelengkap', '2014-01-01', '695', 2),
(394, 'pelengkap', '2014-01-01', '1655', 4),
(395, 'pelengkap', '2014-01-01', '696', 70),
(396, 'pelengkap', '2014-01-01', '697', 77),
(397, 'pelengkap', '2014-01-01', '698', 50),
(398, 'pelengkap', '2014-01-01', '699', 62),
(399, 'pelengkap', '2014-01-01', '1674', 10),
(400, 'pelengkap', '2014-01-01', '700', 9),
(401, 'pelengkap', '2014-01-01', '701', 247),
(402, 'pelengkap', '2014-01-01', '702', 368),
(403, 'pelengkap', '2014-01-01', '703', 268),
(404, 'pelengkap', '2014-01-01', '704', 161),
(405, 'pelengkap', '2014-01-01', '705', 33),
(406, 'pelengkap', '2014-01-01', '706', 5),
(407, 'pelengkap', '2014-01-01', '707', 70),
(408, 'pelengkap', '2014-01-01', '1695', 100),
(409, 'pelengkap', '2014-01-01', '709', 1),
(410, 'pelengkap', '2014-01-01', '710', 90),
(411, 'pelengkap', '2014-01-01', '711', 49),
(412, 'pelengkap', '2014-01-01', '712', 2),
(413, 'pelengkap', '2014-01-01', '713', 1),
(414, 'pelengkap', '2014-01-01', '714', 42),
(415, 'pelengkap', '2014-01-01', '715', 2527),
(416, 'rs', '2014-01-01', '716', 23),
(417, 'pelengkap', '2014-01-01', '717', 1),
(418, 'pelengkap', '2014-01-01', '719', 16),
(419, 'pelengkap', '2014-01-01', '1547', 1200),
(420, 'pelengkap', '2014-01-01', '720', 5),
(421, 'pelengkap', '2014-01-01', '721', 16),
(422, 'pelengkap', '2014-01-01', '722', 5),
(423, 'pelengkap', '2014-01-01', '723', 7),
(424, 'pelengkap', '2014-01-01', '724', 6),
(425, 'pelengkap', '2014-01-01', '725', 10),
(426, 'pelengkap', '2014-01-01', '726', 17),
(427, 'pelengkap', '2014-01-01', '727', 4),
(428, 'pelengkap', '2014-01-01', '728', 5),
(429, 'pelengkap', '2014-01-01', '729', 4),
(430, 'pelengkap', '2014-01-01', '730', 15),
(431, 'pelengkap', '2014-01-01', '731', 13),
(432, 'pelengkap', '2014-01-01', '732', 21),
(433, 'pelengkap', '2014-01-01', '733', 152),
(434, 'pelengkap', '2014-01-01', '734', 47),
(435, 'pelengkap', '2014-01-01', '735', 8),
(436, 'pelengkap', '2014-01-01', '736', 1),
(437, 'pelengkap', '2014-01-01', '1536', 50),
(438, 'pelengkap', '2014-01-01', '1696', 10),
(439, 'pelengkap', '2014-01-01', '737', 22),
(440, 'pelengkap', '2014-01-01', '738', 18),
(441, 'pelengkap', '2014-01-01', '739', 200),
(442, 'pelengkap', '2014-01-01', '1672', 90),
(443, 'pelengkap', '2014-01-01', '740', 1),
(444, 'pelengkap', '2014-01-01', '741', 44),
(445, 'pelengkap', '2014-01-01', '742', 2618),
(446, 'pelengkap', '2014-01-01', '1595', 36),
(447, 'pelengkap', '2014-01-01', '743', 145),
(448, 'pelengkap', '2014-01-01', '744', 68),
(449, 'pelengkap', '2014-01-01', '745', 20),
(450, 'rs', '2014-01-01', '746', 56),
(451, 'pelengkap', '2014-01-01', '747', 1),
(452, 'pelengkap', '2014-01-01', '748', 17),
(453, 'pelengkap', '2014-01-01', '749', 1),
(454, 'pelengkap', '2014-01-01', '750', 1264),
(455, 'pelengkap', '2014-01-01', '751', 20),
(456, 'pelengkap', '2014-01-01', '753', 317),
(457, 'pelengkap', '2014-01-01', '754', 211),
(458, 'pelengkap', '2014-01-01', '755', 200),
(459, 'pelengkap', '2014-01-01', '756', 2),
(460, 'pelengkap', '2014-01-01', '758', 78),
(461, 'pelengkap', '2014-01-01', '759', 6),
(462, 'pelengkap', '2014-01-01', '1607', 3),
(463, 'pelengkap', '2014-01-01', '760', 262),
(464, 'pelengkap', '2014-01-01', '761', 4),
(465, 'pelengkap', '2014-01-01', '762', 5),
(466, 'pelengkap', '2014-01-01', '763', 10),
(467, 'pelengkap', '2014-01-01', '765', 10),
(468, 'pelengkap', '2014-01-01', '766', 30),
(469, 'pelengkap', '2014-01-01', '767', 2),
(470, 'pelengkap', '2014-01-01', '768', 344),
(471, 'pelengkap', '2014-01-01', '1638', 10),
(472, 'pelengkap', '2014-01-01', '769', 2),
(473, 'pelengkap', '2014-01-01', '770', 24),
(474, 'pelengkap', '2014-01-01', '1691', 4),
(475, 'pelengkap', '2014-01-01', '1537', 1000),
(476, 'pelengkap', '2014-01-01', '771', 1377),
(477, 'pelengkap', '2014-01-01', '772', 5),
(478, 'pelengkap', '2014-01-01', '773', 104),
(479, 'pelengkap', '2014-01-01', '774', 101),
(480, 'pelengkap', '2014-01-01', '776', 18),
(481, 'pelengkap', '2014-01-01', '1602', 6),
(482, 'pelengkap', '2014-01-01', '777', 115),
(483, 'pelengkap', '2014-01-01', '778', 45),
(484, 'pelengkap', '2014-01-01', '1614', 6),
(485, 'pelengkap', '2014-01-01', '779', 95),
(486, 'pelengkap', '2014-01-01', '780', 82),
(487, 'pelengkap', '2014-01-01', '781', 2),
(488, 'pelengkap', '2014-01-01', '782', 1),
(489, 'pelengkap', '2014-01-01', '783', 50),
(490, 'pelengkap', '2014-01-01', '784', 705),
(491, 'pelengkap', '2014-01-01', '785', 480),
(492, 'pelengkap', '2014-01-01', '786', 26),
(493, 'pelengkap', '2014-01-01', '787', 724),
(494, 'pelengkap', '2014-01-01', '788', 192),
(495, 'pelengkap', '2014-01-01', '789', 384),
(496, 'pelengkap', '2014-01-01', '790', 7),
(497, 'pelengkap', '2014-01-01', '791', 1752),
(498, 'pelengkap', '2014-01-01', '792', 2),
(499, 'pelengkap', '2014-01-01', '1657', 24),
(500, 'pelengkap', '2014-01-01', '793', 2),
(501, 'pelengkap', '2014-01-01', '794', 2783),
(502, 'pelengkap', '2014-01-01', '795', 17),
(503, 'pelengkap', '2014-01-01', '796', 125),
(504, 'pelengkap', '2014-01-01', '797', 180),
(505, 'pelengkap', '2014-01-01', '798', 60),
(506, 'pelengkap', '2014-01-01', '799', 1),
(507, 'pelengkap', '2014-01-01', '800', 108),
(508, 'pelengkap', '2014-01-01', '801', 5),
(509, 'pelengkap', '2014-01-01', '802', 90),
(510, 'pelengkap', '2014-01-01', '805', 26),
(511, 'pelengkap', '2014-01-01', '806', 78),
(512, 'pelengkap', '2014-01-01', '1677', 12),
(513, 'pelengkap', '2014-01-01', '807', 1565),
(514, 'pelengkap', '2014-01-01', '1684', 25),
(515, 'pelengkap', '2014-01-01', '809', 2),
(516, 'pelengkap', '2014-01-01', '1623', 10),
(517, 'pelengkap', '2014-01-01', '812', 20),
(518, 'pelengkap', '2014-01-01', '1656', 6),
(519, 'pelengkap', '2014-01-01', '814', 10),
(520, 'pelengkap', '2014-01-01', '816', 100),
(521, 'pelengkap', '2014-01-01', '819', 6),
(522, 'pelengkap', '2014-01-01', '821', 90),
(523, 'pelengkap', '2014-01-01', '1591', 6),
(524, 'pelengkap', '2014-01-01', '826', 8),
(525, 'pelengkap', '2014-01-01', '828', 2),
(526, 'pelengkap', '2014-01-01', '831', 30),
(527, 'pelengkap', '2014-01-01', '834', 99),
(528, 'pelengkap', '2014-01-01', '838', 2),
(529, 'pelengkap', '2014-01-01', '842', 276),
(530, 'pelengkap', '2014-01-01', '845', 4),
(531, 'pelengkap', '2014-01-01', '848', 5),
(532, 'pelengkap', '2014-01-01', '850', 50),
(533, 'pelengkap', '2014-01-01', '854', 193),
(534, 'pelengkap', '2014-01-01', '856', 5),
(535, 'pelengkap', '2014-01-01', '860', 52),
(536, 'pelengkap', '2014-01-01', '863', 39),
(537, 'pelengkap', '2014-01-01', '867', 3),
(538, 'pelengkap', '2014-01-01', '874', 19),
(539, 'pelengkap', '2014-01-01', '875', 2),
(540, 'pelengkap', '2014-01-01', '876', 18),
(541, 'pelengkap', '2014-01-01', '877', 70),
(542, 'pelengkap', '2014-01-01', '879', 4),
(543, 'pelengkap', '2014-01-01', '880', 3),
(544, 'pelengkap', '2014-01-01', '1561', 108),
(545, 'pelengkap', '2014-01-01', '881', 6),
(546, 'pelengkap', '2014-01-01', '885', 80),
(547, 'pelengkap', '2014-01-01', '888', 100),
(548, 'pelengkap', '2014-01-01', '1603', 72),
(549, 'pelengkap', '2014-01-01', '902', 2),
(550, 'pelengkap', '2014-01-01', '905', 10),
(551, 'pelengkap', '2014-01-01', '909', 136),
(552, 'pelengkap', '2014-01-01', '1562', 40),
(553, 'pelengkap', '2014-01-01', '913', 1),
(554, 'pelengkap', '2014-01-01', '916', 2),
(555, 'pelengkap', '2014-01-01', '1666', 120),
(556, 'pelengkap', '2014-01-01', '1688', 2),
(557, 'pelengkap', '2014-01-01', '919', 46),
(558, 'pelengkap', '2014-01-01', '921', 2),
(559, 'pelengkap', '2014-01-01', '925', 4),
(560, 'pelengkap', '2014-01-01', '928', 1),
(561, 'pelengkap', '2014-01-01', '933', 56),
(562, 'pelengkap', '2014-01-01', '1644', 60),
(563, 'pelengkap', '2014-01-01', '1668', 500),
(564, 'pelengkap', '2014-01-01', '945', 6),
(565, 'pelengkap', '2014-01-01', '949', 1),
(566, 'pelengkap', '2014-01-01', '952', 4),
(567, 'pelengkap', '2014-01-01', '954', 54),
(568, 'pelengkap', '2014-01-01', '956', 1),
(569, 'pelengkap', '2014-01-01', '957', 3),
(570, 'pelengkap', '2014-01-01', '1619', 40),
(571, 'pelengkap', '2014-01-01', '962', 280),
(572, 'rs', '2014-01-02', '335', 1),
(573, 'pelengkap', '2014-01-01', '963', 9),
(574, 'pelengkap', '2014-01-01', '966', 45),
(575, 'pelengkap', '2014-01-01', '967', 5),
(576, 'pelengkap', '2014-01-01', '968', 75),
(577, 'pelengkap', '2014-01-01', '970', 95),
(578, 'pelengkap', '2014-01-01', '971', 107),
(579, 'pelengkap', '2014-01-01', '972', 25),
(580, 'pelengkap', '2014-01-01', '973', 38),
(581, 'pelengkap', '2014-01-01', '974', 4),
(582, 'pelengkap', '2014-01-01', '975', 4),
(583, 'pelengkap', '2014-01-01', '976', 30),
(584, 'pelengkap', '2014-01-01', '977', 60),
(585, 'pelengkap', '2014-01-01', '978', 30),
(586, 'pelengkap', '2014-01-01', '1422', 40),
(587, 'pelengkap', '2014-01-01', '979', 6),
(588, 'pelengkap', '2014-01-01', '1604', 300),
(589, 'pelengkap', '2014-01-01', '980', 2),
(590, 'pelengkap', '2014-01-01', '981', 17),
(591, 'pelengkap', '2014-01-01', '982', 121),
(592, 'pelengkap', '2014-01-01', '983', 16),
(593, 'pelengkap', '2014-01-01', '1640', 25),
(594, 'pelengkap', '2014-01-01', '984', 214),
(595, 'pelengkap', '2014-01-01', '987', 121),
(596, 'pelengkap', '2014-01-01', '988', 533),
(597, 'pelengkap', '2014-01-01', '989', 1330),
(598, 'pelengkap', '2014-01-01', '990', 46),
(599, 'pelengkap', '2014-01-01', '991', 86),
(600, 'pelengkap', '2014-01-01', '992', 3),
(601, 'pelengkap', '2014-01-01', '993', 45),
(602, 'pelengkap', '2014-01-01', '994', 10),
(603, 'pelengkap', '2014-01-01', '995', 2),
(604, 'pelengkap', '2014-01-01', '996', 29),
(605, 'pelengkap', '2014-01-01', '1686', 15),
(606, 'pelengkap', '2014-01-01', '997', 9),
(607, 'pelengkap', '2014-01-01', '1643', 2),
(608, 'pelengkap', '2014-01-01', '998', 1),
(609, 'pelengkap', '2014-01-01', '999', 418),
(610, 'pelengkap', '2014-01-01', '1000', 136),
(611, 'pelengkap', '2014-01-01', '1001', 1002),
(612, 'pelengkap', '2014-01-01', '1001', 1002),
(613, 'pelengkap', '2014-01-01', '1002', 911),
(614, 'pelengkap', '2014-01-01', '1005', 119),
(615, 'pelengkap', '2014-01-01', '1006', 3),
(616, 'pelengkap', '2014-01-01', '1007', 11),
(617, 'pelengkap', '2014-01-01', '1008', 80),
(618, 'pelengkap', '2014-01-01', '1009', 19),
(619, 'pelengkap', '2014-01-01', '1010', 10),
(620, 'pelengkap', '2014-01-01', '1011', 2),
(621, 'pelengkap', '2014-01-01', '1012', 18),
(622, 'pelengkap', '2014-01-01', '1013', 98),
(623, 'pelengkap', '2014-01-01', '1014', 5),
(624, 'pelengkap', '2014-01-01', '1015', 50),
(625, 'rs', '2014-02-01', '161', 10),
(626, 'pelengkap', '2014-01-01', '1016', 215),
(627, 'pelengkap', '2014-01-01', '1017', 410),
(628, 'pelengkap', '2014-01-01', '1018', 35),
(629, 'pelengkap', '2014-01-01', '1019', 205),
(630, 'pelengkap', '2014-01-01', '1020', 154),
(631, 'pelengkap', '2014-01-01', '1021', 4),
(632, 'pelengkap', '2014-01-01', '1022', 1),
(633, 'pelengkap', '2014-01-01', '1023', 3),
(634, 'pelengkap', '2014-01-01', '1024', 40),
(635, 'pelengkap', '2014-01-01', '1025', 52),
(636, 'pelengkap', '2014-01-01', '1702', 5),
(637, 'pelengkap', '2014-01-01', '1026', 43),
(638, 'pelengkap', '2014-01-01', '1027', 15),
(639, 'pelengkap', '2014-01-01', '1028', 326),
(640, 'pelengkap', '2014-01-01', '1029', 199),
(641, 'pelengkap', '2014-01-01', '1030', 6),
(642, 'pelengkap', '2014-01-01', '1031', 26),
(643, 'pelengkap', '2014-01-01', '1032', 143),
(644, 'pelengkap', '2014-01-01', '1033', 5),
(645, 'pelengkap', '2014-01-01', '1034', 33),
(646, 'pelengkap', '2014-01-01', '1035', 3),
(647, 'pelengkap', '2014-01-01', '1036', 299),
(648, 'pelengkap', '2014-01-01', '1037', 2),
(649, 'pelengkap', '2014-01-01', '1038', 12),
(650, 'pelengkap', '2014-01-01', '1653', 100),
(651, 'pelengkap', '2014-01-01', '1039', 105),
(652, 'pelengkap', '2014-01-01', '1040', 12),
(653, 'pelengkap', '2014-01-01', '1041', 104),
(654, 'pelengkap', '2014-01-01', '1042', 293),
(655, 'pelengkap', '2014-01-01', '1043', 1380),
(656, 'pelengkap', '2014-01-01', '1044', 2420),
(657, 'pelengkap', '2014-01-01', '1045', 21),
(658, 'pelengkap', '2014-01-01', '1046', 16),
(659, 'pelengkap', '2014-01-01', '1047', 21),
(660, 'pelengkap', '2014-01-01', '1048', 4),
(661, 'pelengkap', '2014-01-01', '1049', 100),
(662, 'pelengkap', '2014-01-01', '1585', 3),
(663, 'pelengkap', '2014-01-01', '1050', 309),
(664, 'pelengkap', '2014-01-01', '1051', 183),
(665, 'pelengkap', '2014-01-01', '1052', 115),
(666, 'pelengkap', '2014-01-01', '1053', 21),
(667, 'pelengkap', '2014-01-01', '1697', 30),
(668, 'pelengkap', '2014-01-01', '1054', 167),
(669, 'pelengkap', '2014-01-01', '1055', 4),
(670, 'pelengkap', '2014-01-01', '1056', 30),
(671, 'pelengkap', '2014-01-01', '1546', 100),
(672, 'pelengkap', '2014-01-01', '1057', 30),
(673, 'pelengkap', '2014-01-01', '1058', 59),
(674, 'pelengkap', '2014-01-01', '1059', 62),
(675, 'pelengkap', '2014-01-01', '1548', 600),
(676, 'pelengkap', '2014-01-01', '1060', 4),
(677, 'pelengkap', '2014-01-01', '1545', 25),
(678, 'pelengkap', '2014-01-01', '1061', 30),
(679, 'pelengkap', '2014-01-01', '1062', 2),
(680, 'pelengkap', '2014-01-01', '1063', 286),
(681, 'pelengkap', '2014-01-01', '1064', 10),
(682, 'pelengkap', '2014-01-01', '1065', 60),
(683, 'pelengkap', '2014-01-01', '1066', 64),
(684, 'pelengkap', '2014-01-01', '1067', 90),
(685, 'pelengkap', '2014-01-01', '1067', 90),
(686, 'pelengkap', '2014-01-01', '1068', 5),
(687, 'pelengkap', '2014-01-01', '1699', 400),
(688, 'pelengkap', '2014-01-01', '1572', 25),
(689, 'pelengkap', '2014-01-01', '1069', 10),
(690, 'pelengkap', '2014-01-01', '1597', 15),
(691, 'pelengkap', '2014-01-01', '1669', 10),
(692, 'pelengkap', '2014-01-01', '1070', 70),
(693, 'pelengkap', '2014-01-01', '1071', 46),
(694, 'pelengkap', '2014-01-01', '1072', 50),
(695, 'pelengkap', '2014-01-01', '1073', 60),
(696, 'pelengkap', '2014-01-01', '1613', 20),
(697, 'pelengkap', '2014-01-01', '1320', 14),
(698, 'pelengkap', '2014-01-01', '1074', 72),
(699, 'pelengkap', '2014-01-01', '1551', 26),
(700, 'pelengkap', '2014-01-01', '1075', 12),
(701, 'pelengkap', '2014-01-01', '1076', 15),
(702, 'pelengkap', '2014-01-01', '1641', 60),
(703, 'pelengkap', '2014-01-01', '1606', 3),
(704, 'pelengkap', '2014-01-01', '1077', 2),
(705, 'pelengkap', '2014-01-01', '1698', 60),
(706, 'pelengkap', '2014-01-01', '1651', 100),
(707, 'pelengkap', '2014-01-01', '1079', 40),
(708, 'pelengkap', '2014-01-01', '1080', 20),
(709, 'pelengkap', '2014-01-01', '1081', 45),
(710, 'pelengkap', '2014-01-01', '1082', 13),
(711, 'pelengkap', '2014-01-01', '1083', 178),
(712, 'pelengkap', '2014-01-01', '1084', 75),
(713, 'pelengkap', '2014-01-01', '1085', 2),
(714, 'pelengkap', '2014-01-01', '1086', 8),
(715, 'pelengkap', '2014-01-01', '1087', 29),
(716, 'pelengkap', '2014-01-01', '1088', 22),
(717, 'pelengkap', '2014-01-01', '1089', 5),
(718, 'pelengkap', '2014-01-01', '1645', 15),
(719, 'pelengkap', '2014-01-01', '1092', 100),
(720, 'pelengkap', '2014-01-01', '1093', 106),
(721, 'pelengkap', '2014-01-01', '1094', 20),
(722, 'pelengkap', '2014-01-01', '1095', 21),
(723, 'pelengkap', '2014-01-01', '1096', 41),
(724, 'pelengkap', '2014-01-01', '1097', 1),
(725, 'rs', '2014-01-02', '1331', 10),
(726, 'pelengkap', '2014-01-01', '1098', 145),
(727, 'rs', '2014-01-02', '1330', 10),
(728, 'pelengkap', '2014-01-01', '1099', 5),
(729, 'rs', '2014-01-02', '1327', 20),
(730, 'pelengkap', '2014-01-01', '1100', 86),
(731, 'rs', '2014-01-02', '1325', 200),
(732, 'pelengkap', '2014-01-01', '1101', 427),
(733, 'rs', '2014-01-02', '1317', 200),
(734, 'pelengkap', '2014-01-01', '1102', 155),
(735, 'pelengkap', '2014-01-01', '1103', 28),
(736, 'rs', '2014-01-15', '1313', 1),
(737, 'pelengkap', '2014-01-01', '1550', 2),
(738, 'pelengkap', '2014-01-01', '1104', 394),
(739, 'pelengkap', '2014-01-01', '1685', 100),
(740, 'pelengkap', '2014-01-01', '1106', 30),
(741, 'pelengkap', '2014-01-01', '1105', 893),
(742, 'pelengkap', '2014-01-01', '1107', 40),
(743, 'pelengkap', '2014-01-01', '1108', 1881),
(744, 'rs', '2014-02-28', '883', 14),
(745, 'rs', '0000-00-00', '4', 60);

-- --------------------------------------------------------

--
-- Table structure for table `users`
--

CREATE TABLE IF NOT EXISTS `users` (
  `id_user` int(20) NOT NULL AUTO_INCREMENT,
  `username_special` varchar(50) NOT NULL,
  `password_special` longtext NOT NULL,
  `role_special` varchar(20) NOT NULL,
  `nama` varchar(60) NOT NULL,
  `status` varchar(20) NOT NULL,
  PRIMARY KEY (`id_user`)
) ENGINE=InnoDB  DEFAULT CHARSET=latin1 AUTO_INCREMENT=21 ;

--
-- Dumping data for table `users`
--

INSERT INTO `users` (`id_user`, `username_special`, `password_special`, `role_special`, `nama`, `status`) VALUES
(7, 'admin', '9bba7401038712502eff9de19149eb32d2b5af31', 'admin', 'Administrator', 'active'),
(16, 'gudang', '7852238da63778356045268cdd7dc59541533722', 'gudang', 'Gudang', 'active'),
(17, 'apotik', '77f30704324872175828269a6dff518e453ab555', 'apotik', 'Apotik Rumah Sakit', 'active'),
(18, 'pelengkap', 'e8f99ac70f3397d838d526f9d70ee7e809b3c7af', 'apotikext', 'Apotik Pelengkap', 'active'),
(20, 'pimpinan', '121da6a6d443bbef7edc8b4e0d354d0bb60747ba', 'pimpinan', 'Pimpinan Rumah Sakit', 'active');

/*!40101 SET CHARACTER_SET_CLIENT=@OLD_CHARACTER_SET_CLIENT */;
/*!40101 SET CHARACTER_SET_RESULTS=@OLD_CHARACTER_SET_RESULTS */;
/*!40101 SET COLLATION_CONNECTION=@OLD_COLLATION_CONNECTION */;
